;FLAVOR:Marlin
;TIME:1887
;Filament used: 1.15019m
;Layer height: 0.15
;MINX:64.829
;MINY:83.754
;MINZ:0.2
;MAXX:115.14
;MAXY:95.383
;MAXZ:23.2
;TARGET_MACHINE.NAME:Original Prusa MINI
;Generated with Cura_SteamEngine 5.8.1
M82 ;absolute extrusion mode
M201 X1250 Y1250 Z400 E5000 ; sets maximum accelerations
M203 X180 Y180 Z12 E80 ; sets maximum feedrates
M205 X8.00 Y8.00 Z2.00 E10.00 ; sets the jerk limits
M221 S100 ; reset flow
G90 ; use absolute positioning
M82 ; absolute extrusion mode
M104 S170 ; set extruder temp for bed leveling
M140 S60 ; set bed temp
M109 R170 ; wait for extruder temp
M190 S60 ; wait for bed temp
G28 ; home all
G29 ; mesh bed leveling
M104 S200 ; set extruder temp
G92 E0.0
G1 Y-2 X179 F2400
G1 Z3 F720
M109 S200 ; wait for extruder temp
G92 E0.0
G1 X170 F1000
G1 Z0.2 F720
G1 X110 E8 F900
G1 X40 E18 F900
G92 E0.0
M900 K0.2 ; LA
M83 ;relative extrusion mode
G1 F4200 E-3.5
;LAYER_COUNT:152
;LAYER:0
M106 S11.7
G1 F600 Z0.7
;MESH:pi 3mm_deformed_tet.stl
G0 F3600 X96.735 Y92.634 Z0.7
;TYPE:WALL-INNER
G1 F600 Z0.2
G1 F4200 E3.5
G1 F1800 X95.968 Y94.246 E0.05938
G1 X96.846 Y94.252 E0.0292
G1 X102.159 Y94.34 E0.17674
G1 X103.722 Y94.355 E0.05199
G1 X104.166 Y92.661 E0.05825
G1 X104.1 Y89.93 E0.09086
G1 X104.142 Y87.28 E0.08815
G1 X103.67 Y85.534 E0.06016
G1 X102.131 Y85.553 E0.05119
G1 X96.861 Y85.648 E0.17531
G1 X96.064 Y85.653 E0.02651
G1 X96.312 Y86.216 E0.02046
G1 X96.797 Y87.269 E0.03856
G1 X96.85 Y87.466 E0.00679
G1 X97.084 Y90.034 E0.08577
G1 X96.849 Y91.841 E0.06061
G1 X96.79 Y92.436 E0.01989
G1 X96.735 Y92.634 E0.00683
G0 F3600 X96.389 Y92.429
;TYPE:WALL-OUTER
G1 F1800 X95.797 Y93.675 E0.04588
G1 X95.386 Y94.642 E0.03495
G1 X96.84 Y94.652 E0.04836
G1 X102.155 Y94.74 E0.1768
G1 X104.066 Y94.758 E0.06356
G1 X104.105 Y94.472 E0.0096
G1 X104.567 Y92.708 E0.06065
G1 X104.5 Y89.936 E0.09222
G1 X104.543 Y87.23 E0.09001
G1 X103.975 Y85.13 E0.07236
G1 X102.124 Y85.153 E0.06157
G1 X96.858 Y85.248 E0.17518
G1 X95.454 Y85.258 E0.0467
G1 X95.949 Y86.383 E0.04088
G1 X96.449 Y87.469 E0.03976
G1 X96.631 Y89.502 E0.06789
G1 X96.687 Y89.982 E0.01607
G1 X96.451 Y91.795 E0.06081
G1 X96.389 Y92.429 E0.02119
G0 F3600 X96.304 Y92.609
G0 X97.077 Y92.799
;TYPE:SKIN
G1 F1800 X97.168 Y92.472 E0.01129
G1 X97.223 Y91.915 E0.01862
G1 X97.468 Y89.971 E0.06517
G1 X97.403 Y89.385 E0.01961
G1 X97.224 Y87.425 E0.06546
G1 X97.143 Y87.104 E0.01101
G1 X96.649 Y86.024 E0.0395
G1 X103.379 Y85.919 E0.22387
G1 X103.759 Y87.322 E0.04835
G1 X103.72 Y89.924 E0.08655
G1 X103.783 Y92.612 E0.08943
G1 X103.426 Y93.97 E0.0467
G1 X102.168 Y93.96 E0.04184
G1 X96.563 Y93.872 E0.18645
G1 X97.077 Y92.799 E0.03957
G0 F3600 X96.939 Y93.545
G1 F1800 X97.074 Y93.68 E0.00635
G0 F3600 X97.12 Y93.161
G1 F1800 X97.649 Y93.689 E0.02486
G0 F3600 X98.223 Y93.698
G1 F1800 X97.295 Y92.77 E0.04365
G0 F3600 X97.386 Y92.295
G1 F1800 X98.798 Y93.707 E0.06642
G0 F3600 X99.373 Y93.716
G1 F1800 X97.441 Y91.785 E0.09085
G0 F3600 X97.504 Y91.282
G1 F1800 X99.947 Y93.725 E0.11491
G0 F3600 X100.522 Y93.733
G1 F1800 X97.568 Y90.78 E0.13892
G0 F3600 X97.632 Y90.278
G1 F1800 X101.096 Y93.743 E0.16296
G0 F3600 X101.671 Y93.752
G1 F1800 X97.643 Y89.723 E0.18949
G0 F3600 X97.576 Y89.091
G1 F1800 X102.245 Y93.76 E0.21962
G0 F3600 X102.815 Y93.764
G1 F1800 X97.519 Y88.468 E0.24911
G0 F3600 X97.463 Y87.846
G1 F1800 X103.296 Y93.68 E0.27439
G0 F3600 X103.414 Y93.231
G1 F1800 X97.372 Y87.19 E0.28417
G1 X97.302 Y87.12
G0 F3600 X97.524 Y86.21
G1 F1800 X103.575 Y92.261 E0.28462
G0 F3600 X103.532 Y92.784
G1 F1800 X96.967 Y86.219 E0.3088
G1 X96.897 Y86.149
G0 F3600 X96.483 Y86.337
G0 X98.074 Y85.724
G0 X98.081 Y86.202
G1 F1800 X103.561 Y91.682 E0.25776
G0 F3600 X103.547 Y91.102
G1 F1800 X98.638 Y86.193 E0.2309
G0 F3600 X99.195 Y86.184
G1 F1800 X103.534 Y90.523 E0.20409
G0 F3600 X103.52 Y89.944
G1 F1800 X99.752 Y86.176 E0.17724
G0 F3600 X100.309 Y86.167
G1 F1800 X103.528 Y89.386 E0.15141
G0 F3600 X103.537 Y88.829
G1 F1800 X100.866 Y86.158 E0.12564
G0 F3600 X101.423 Y86.15
G1 F1800 X103.545 Y88.272 E0.09981
G0 F3600 X103.554 Y87.714
G1 F1800 X101.98 Y86.14 E0.07404
G0 F3600 X102.537 Y86.132
G1 F1800 X103.488 Y87.083 E0.04473
G1 X103.558 Y87.153
G0 F3600 X103.278 Y86.307
G1 F1800 X103.093 Y86.123 E0.00868
M104 S200
G1 F4200 E-3.5
;MESH:NONMESH
G0 F600 X103.093 Y86.123 Z0.35
G0 F3600 X103.086 Y85.643
G0 X96.337 Y85.83
G0 X96.813 Y87.782
G0 X96.85 Y89.473
G0 X95.776 Y89.61
G0 X79.921 Y92.551
;TIME_ELAPSED:13.777797
;LAYER:1
M106 S255
;TYPE:WALL-INNER
;MESH:pi 3mm_deformed_tet.stl
G1 F4200 E3.5
G1 F2535.2 X79.63 Y94.373 E0.04902
G1 F2615 X80.572 Y94.353 E0.02427
G1 F1500 X80.324 Y92.14 E0.04844
G1 F2559.2 X80.424 Y91.003 E0.03004
G1 F2700 X80.492 Y89.918 E0.02712
G1 X80.705 Y89.171 E0.01938
G1 X80.75 Y87.416 E0.04379
G1 X81.302 Y86.134 E0.03482
G1 X81.189 Y85.667 E0.01199
G1 X80.212 Y85.649 E0.02438
G1 X80.045 Y86.104 E0.01209
G1 X79.827 Y87.642 E0.03875
G1 X79.415 Y89.159 E0.03921
G1 X79.479 Y89.91 E0.0188
G1 X79.647 Y91.037 E0.02842
G1 F2500 X79.87 Y92.113 E0.0296
G1 F2358.1 X79.921 Y92.551 E0.01259
G0 F5400 X79.496 Y92.481
;TYPE:WALL-OUTER
G1 F1800 X79.314 Y93.829 E0.03393
G1 X79.157 Y94.783 E0.02412
G1 F1500 X81.165 Y94.742 E0.04008
G1 F1800 X80.964 Y94.351 E0.01097
G1 F1500 X80.76 Y92.143 E0.04425
G1 X80.886 Y89.983 E0.04318
G1 F1800 X81.104 Y89.233 E0.01948
G1 X81.145 Y87.527 E0.04257
G1 X81.722 Y86.17 E0.03678
G1 X81.505 Y85.273 E0.02302
G1 X79.935 Y85.243 E0.03917
G1 X79.655 Y86.006 E0.02027
G1 X79.433 Y87.564 E0.03926
G1 X79.011 Y89.123 E0.04029
G1 X79.079 Y89.94 E0.02045
G1 X79.251 Y91.096 E0.02915
G1 X79.496 Y92.481 E0.03509
G0 F5400 X79.47 Y92.679
G0 X80.273 Y92.765
G0 X80.423 Y93.917
G0 X80.17 Y93.954
;TYPE:SKIN
;BRIDGE
G1 F1200 X80.142 Y94.003 E0.00129
G1 X80.085 Y94.003 E0.0013
G1 X80.056 Y93.954 E0.0013
G1 X80.084 Y93.905 E0.00129
G1 X80.141 Y93.905 E0.0013
G1 X80.17 Y93.954 E0.0013
G0 F5400 X80.423 Y93.917
G0 X80.592 Y87.376
G0 X81.131 Y86.119
G0 X80.329 Y85.818
G0 X80.418 Y86.194
G1 F1200 X80.476 Y86.038 E0.00337
G1 X80.884 Y86.042 E0.00826
G1 X80.903 Y86.123 E0.00181
G1 X80.329 Y87.267 E0.03186
G1 X80.418 Y86.194 E0.02514
G0 F5400 X80.139 Y86.157
G0 X79.989 Y87.22
G0 X80.329 Y87.267
G1 F1200 X80.281 Y87.727 E0.0126
G0 F5400 X79.926 Y87.662
G0 X80.202 Y86.144
G0 X81.056 Y85.833
G0 X80.529 Y89.421
G0 X80.091 Y89.87
G1 F1200 X80.034 Y90.969 E0.02366
G1 X79.876 Y89.845 E0.02441
G1 X79.818 Y89.173 E0.01588
G1 X80.281 Y87.727 E0.0403
G1 X80.303 Y89.11 E0.03464
G1 X80.091 Y89.87 E0.0174
G0 F5400 X80.529 Y89.421
G0 X80.321 Y91.012
G0 X80.034 Y90.969
G1 F1200 X80.034 Y90.977 E0.00017
G1 F4200 E-3.5
G0 F5400 X80.321 Y91.02
G0 X80.542 Y92.132
G0 X81.628 Y92.117
G0 X93.684 Y92.373
G0 X102.297 Y94.34
;TYPE:WALL-INNER
G1 F4200 E3.5
G1 F2700 X104.138 Y94.358 E0.04593
G1 X104.175 Y94.358 E0.00092
G1 X104.174 Y94.221 E0.00342
G1 X104.161 Y92.481 E0.04341
G1 X104.1 Y89.93 E0.06365
G1 X104.144 Y87.237 E0.06719
G1 X104.153 Y85.787 E0.03617
G1 X104.155 Y85.527 E0.00649
G1 X104.083 Y85.528 E0.0018
G1 X102.219 Y85.549 E0.0465
G1 X96.639 Y85.652 E0.13922
G1 X95.627 Y85.656 E0.02524
G1 X94.929 Y85.658 E0.01741
G1 F1500 X94.964 Y89.932 E0.0853
G1 X94.948 Y92.376 E0.04877
G1 F2700 X94.948 Y94.239 E0.04647
G1 X95.557 Y94.243 E0.01519
G1 X96.89 Y94.252 E0.03325
G1 X102.297 Y94.34 E0.1349
G0 F5400 X102.293 Y94.74
;TYPE:WALL-OUTER
G1 F1800 X104.067 Y94.757 E0.04425
G1 X104.578 Y94.762 E0.01275
G1 X104.571 Y93.866 E0.02235
G1 X104.561 Y92.478 E0.03462
G1 X104.5 Y89.936 E0.06343
G1 X104.544 Y87.24 E0.06726
G1 X104.551 Y86.144 E0.02734
G1 X104.558 Y85.123 E0.02547
G1 X103.975 Y85.129 E0.01454
G1 X102.212 Y85.149 E0.04398
G1 X96.637 Y85.252 E0.13909
G1 X95.452 Y85.256 E0.02956
G1 X94.526 Y85.26 E0.0231
G1 F1500 X94.564 Y89.93 E0.0932
G1 X94.548 Y92.376 E0.04881
G1 X94.548 Y94.637 E0.04512
G1 F1800 X95.388 Y94.642 E0.02095
G1 X96.884 Y94.652 E0.03732
G1 X102.293 Y94.74 E0.13495
G0 F5400 X102.493 Y94.741
G0 X102.315 Y93.96
;TYPE:SKIN
G1 F1800 X96.896 Y93.872 E0.1352
G1 X95.719 Y93.861 E0.02936
G1 X95.329 Y93.857 E0.00973
G1 X95.344 Y89.934 E0.09786
G1 X95.31 Y86.036 E0.09724
G1 X95.793 Y86.035 E0.01205
G1 X96.637 Y86.032 E0.02105
G1 X102.22 Y85.928 E0.13929
G1 X103.77 Y85.911 E0.03867
G1 X103.764 Y87.226 E0.0328
G1 X103.72 Y89.92 E0.06721
G1 X103.781 Y92.5 E0.06438
G1 X103.79 Y93.974 E0.03677
G1 X102.315 Y93.96 E0.0368
G0 F5400 X103.091 Y93.767
G1 F1800 X103.585 Y93.273 E0.01743
G0 F5400 X103.582 Y92.711
G1 F1800 X102.53 Y93.762 E0.03709
G0 F5400 X101.973 Y93.755
G1 F1800 X103.573 Y92.154 E0.05646
G0 F5400 X103.56 Y91.601
G1 F1800 X101.416 Y93.745 E0.07564
G0 F5400 X100.86 Y93.736
G1 F1800 X103.547 Y91.049 E0.09479
G0 F5400 X103.534 Y90.496
G1 F1800 X100.303 Y93.727 E0.11398
G0 F5400 X99.746 Y93.719
G1 F1800 X103.52 Y89.944 E0.13316
G0 F5400 X103.529 Y89.37
G1 F1800 X99.189 Y93.709 E0.15309
G0 F5400 X98.633 Y93.7
G1 F1800 X103.538 Y88.795 E0.17304
G0 F5400 X103.547 Y88.22
G1 F1800 X98.076 Y93.691 E0.193
G0 F5400 X97.519 Y93.682
G1 F1800 X103.556 Y87.645 E0.21297
G0 F5400 X103.564 Y87.072
G1 F1800 X96.963 Y93.673 E0.23287
G0 F5400 X96.403 Y93.668
G1 F1800 X103.566 Y86.504 E0.25271
G0 F5400 X103.39 Y86.114
G1 F1800 X95.842 Y93.663 E0.26629
G0 F5400 X95.53 Y93.409
G1 F1800 X102.818 Y86.121 E0.2571
G0 F5400 X102.246 Y86.127
G1 F1800 X95.532 Y92.841 E0.23685
G0 F5400 X95.534 Y92.273
G1 F1800 X101.67 Y86.138 E0.21645
G0 F5400 X101.094 Y86.148
G1 F1800 X95.537 Y91.705 E0.19604
G0 F5400 X95.539 Y91.137
G1 F1800 X100.517 Y86.16 E0.17559
G0 F5400 X99.94 Y86.17
G1 F1800 X95.541 Y90.569 E0.15519
G0 F5400 X95.544 Y90.001
G1 F1800 X99.364 Y86.181 E0.13476
G0 F5400 X98.787 Y86.192
G1 F1800 X95.54 Y89.439 E0.11455
G0 F5400 X95.535 Y88.878
G1 F1800 X98.211 Y86.203 E0.09439
G0 F5400 X97.634 Y86.213
G1 F1800 X95.53 Y88.318 E0.07424
G0 F5400 X95.526 Y87.756
G1 F1800 X97.058 Y86.224 E0.05405
G0 F5400 X96.484 Y86.232
G1 F1800 X95.521 Y87.195 E0.03397
G0 F5400 X95.516 Y86.635
G1 F1800 X95.917 Y86.234 E0.01415
G1 F4200 E-3.5
;MESH:NONMESH
G0 F600 X95.917 Y86.234 Z0.5
G0 F5400 X95.916 Y85.754
G0 X95.103 Y85.83
G0 X94.767 Y89.919
G0 X93.702 Y89.926
G0 X84.659 Y90.007
;TIME_ELAPSED:28.459718
;LAYER:2
;TYPE:WALL-INNER
;MESH:pi 3mm_deformed_tet.stl
G1 F4200 E3.5
G1 F3600 X85.043 Y88.448 E0.04005
G1 F1500 X85.03 Y85.725 E0.05434
G1 F3600 X83.207 Y85.712 E0.04548
G1 X81.606 Y85.679 E0.03995
G1 X79.791 Y85.641 E0.04529
G1 X77.847 Y85.6 E0.0485
G1 F1500 X75.806 Y85.582 E0.04073
G1 X75.872 Y90.026 E0.08869
G1 X75.849 Y92.546 E0.05029
G1 F3600 X75.843 Y94.433 E0.04707
G1 X77.81 Y94.412 E0.04907
G1 X79.224 Y94.384 E0.03528
G1 X79.3 Y94.382 E0.0019
G1 X80.966 Y94.349
G1 F1500 X83.254 Y94.304 E0.04567
G1 F3600 X85.049 Y94.307 E0.04478
G1 F1500 X85.043 Y91.714 E0.05175
G1 F3600 X84.659 Y90.007 E0.04365
G0 F7200 X85.07 Y90.01
;TYPE:WALL-OUTER
G1 F1800 X85.443 Y88.496 E0.0389
G1 F1500 X85.428 Y85.327 E0.06324
G1 X83.215 Y85.312 E0.04416
G1 F1800 X81.51 Y85.276 E0.04254
G1 X79.936 Y85.244 E0.03927
G1 F1500 X77.851 Y85.2 E0.04162
G1 X75.4 Y85.178 E0.04891
G1 X75.472 Y90.022 E0.09668
G1 X75.449 Y92.545 E0.05035
G1 X75.441 Y94.837 E0.04574
G1 X77.818 Y94.812 E0.04744
G1 F1800 X79.157 Y94.785 E0.03341
G1 X81.169 Y94.745 E0.0502
G1 F1500 X83.253 Y94.704 E0.0416
G1 X85.451 Y94.707 E0.04386
G1 X85.443 Y91.67 E0.06061
G1 F1800 X85.07 Y90.01 E0.04244
G0 F7200 X85.117 Y89.816
G0 X84.266 Y90.002
;TYPE:SKIN
;BRIDGE
G1 F1200 X84.66 Y91.755 E0.03586
G1 X84.667 Y93.924 E0.04328
G1 X83.256 Y93.924 E0.02816
G1 X80.931 Y93.97 E0.04641
G1 X79.287 Y94.003 E0.03281
G1 X77.81 Y94.032 E0.02948
G1 X76.222 Y94.049 E0.03169
G1 X76.252 Y90.026 E0.08029
G1 X76.192 Y85.963 E0.08109
G1 X77.832 Y85.981 E0.03273
G1 X79.653 Y86.019 E0.03635
G1 X81.698 Y86.061 E0.04082
G1 X83.199 Y86.092 E0.02996
G1 X84.648 Y86.103 E0.02892
G1 X84.659 Y88.396 E0.04576
G1 X84.266 Y90.002 E0.033
G0 F7200 X84.134 Y89.697
G1 F1200 X84.084 Y86.299 E0.06782
G0 F7200 X83.684 Y86.296
G1 F1200 X83.794 Y93.724 E0.14825
G0 F7200 X83.394 Y93.724
G1 F1200 X83.284 Y86.293 E0.14831
G0 F7200 X82.884 Y86.286
G1 F1200 X82.994 Y93.73 E0.14857
G0 F7200 X82.594 Y93.738
G1 F1200 X82.484 Y86.278 E0.14889
G0 F7200 X82.083 Y86.27
G1 F1200 X82.194 Y93.746 E0.14921
G0 F7200 X81.794 Y93.754
G1 F1200 X81.683 Y86.262 E0.14953
G0 F7200 X81.283 Y86.253
G1 F1200 X81.394 Y93.762 E0.14987
G0 F7200 X80.994 Y93.77
G1 F1200 X80.883 Y86.245 E0.15019
G0 F7200 X80.483 Y86.236
G1 F1200 X80.594 Y93.778 E0.15053
G0 F7200 X80.194 Y93.786
G1 F1200 X80.083 Y86.228 E0.15084
G0 F7200 X79.682 Y86.219
G1 F1200 X79.794 Y93.793 E0.15116
G0 F7200 X79.394 Y93.801
G1 F1200 X79.282 Y86.211 E0.15148
G0 F7200 X78.882 Y86.203
G1 F1200 X78.994 Y93.809 E0.1518
G0 F7200 X78.595 Y93.817
G1 F1200 X78.482 Y86.195 E0.15212
G0 F7200 X78.082 Y86.186
G1 F1200 X78.195 Y93.825 E0.15246
G0 F7200 X77.795 Y93.831
G1 F1200 X77.682 Y86.18 E0.1527
G0 F7200 X77.282 Y86.175
G1 F1200 X77.395 Y93.836 E0.1529
G0 F7200 X76.995 Y93.841
G1 F1200 X76.881 Y86.171 E0.15308
G0 F7200 X76.481 Y86.167
G1 F1200 X76.595 Y93.845 E0.15324
G1 X76.596 Y93.944
G0 F7200 X76.599 Y94.325
G0 X84.193 Y94.205
G0 X84.194 Y93.723
G1 F1200 X84.144 Y90.377 E0.06678
G1 X84.143 Y90.277
G1 F4200 E-3.5
G0 F7200 X84.595 Y90.177
G0 X85.227 Y91.693
G0 X86.311 Y91.698
G0 X93.687 Y92.372
G0 X102.314 Y94.344
;TYPE:WALL-INNER
G1 F4200 E3.5
G1 F3600 X104.171 Y94.359 E0.04632
G1 X104.157 Y92.479 E0.0469
G1 X104.1 Y89.93 E0.0636
G1 X104.144 Y87.095 E0.07073
G1 X104.155 Y85.528 E0.03909
G1 X102.26 Y85.549 E0.04727
G1 X96.495 Y85.652 E0.14383
G1 X94.93 Y85.658 E0.03904
G1 X94.968 Y89.933 E0.10664
G1 X94.948 Y92.375 E0.06092
G1 X94.952 Y94.24 E0.04652
G1 X96.886 Y94.256 E0.04825
G1 X102.314 Y94.344 E0.13542
G0 F7200 X102.311 Y94.744
;TYPE:WALL-OUTER
G1 F1800 X104.574 Y94.762 E0.05645
G1 X104.557 Y92.476 E0.05703
G1 X104.5 Y89.936 E0.06338
G1 X104.544 Y87.098 E0.0708
G1 X104.558 Y85.123 E0.04927
G1 X102.253 Y85.149 E0.0575
G1 X96.493 Y85.252 E0.14371
G1 X94.526 Y85.26 E0.04907
G1 X94.568 Y89.93 E0.1165
G1 X94.548 Y92.375 E0.06099
G1 X94.552 Y94.637 E0.05643
G1 X96.88 Y94.656 E0.05807
G1 X102.311 Y94.744 E0.13549
G0 F7200 X102.511 Y94.745
G0 X102.321 Y93.964
;TYPE:SKIN
G1 F1800 X96.892 Y93.876 E0.13544
G1 X95.328 Y93.861 E0.03902
G1 X95.328 Y92.379 E0.03697
G1 X95.348 Y89.934 E0.06099
G1 X95.31 Y86.036 E0.09724
G1 X96.493 Y86.032 E0.02951
G1 X102.26 Y85.929 E0.14388
G1 X103.77 Y85.911 E0.03767
G1 X103.764 Y87.084 E0.02926
G1 X103.72 Y89.924 E0.07085
G1 X103.777 Y92.495 E0.06415
G1 X103.786 Y93.974 E0.03689
G1 X102.321 Y93.964 E0.03655
G0 F7200 X102.319 Y94.244
G0 X95.521 Y94.144
G0 X95.528 Y93.265
G1 F1800 X95.929 Y93.666 E0.01415
G0 F7200 X96.5 Y93.672
G1 F1800 X95.528 Y92.7 E0.03429
G0 F7200 X95.529 Y92.135
G1 F1800 X97.073 Y93.679 E0.05447
G0 F7200 X97.648 Y93.688
G1 F1800 X95.534 Y91.575 E0.07456
G0 F7200 X95.539 Y91.013
G1 F1800 X98.223 Y93.697 E0.09469
G0 F7200 X98.798 Y93.706
G1 F1800 X95.544 Y90.452 E0.11479
G0 F7200 X95.547 Y89.89
G1 F1800 X99.373 Y93.716 E0.13497
G0 F7200 X99.948 Y93.726
G1 F1800 X95.541 Y89.319 E0.15547
G0 F7200 X95.536 Y88.748
G1 F1800 X100.523 Y93.735 E0.17593
G0 F7200 X101.098 Y93.744
G1 F1800 X95.531 Y88.177 E0.19639
G0 F7200 X95.525 Y87.606
G1 F1800 X101.673 Y93.754 E0.21689
G0 F7200 X102.248 Y93.763
G1 F1800 X95.52 Y87.034 E0.23737
G0 F7200 X95.515 Y86.464
G1 F1800 X102.818 Y93.767 E0.25763
G0 F7200 X103.387 Y93.771
G1 F1800 X95.851 Y86.235 E0.26585
G0 F7200 X96.415 Y86.233
G1 F1800 X103.583 Y93.4 E0.25285
G0 F7200 X103.579 Y92.831
G1 F1800 X96.973 Y86.225 E0.23304
G0 F7200 X97.529 Y86.215
G1 F1800 X103.572 Y92.258 E0.21318
G0 F7200 X103.559 Y91.68
G1 F1800 X98.085 Y86.206 E0.19311
G0 F7200 X98.641 Y86.196
G1 F1800 X103.547 Y91.102 E0.17307
G0 F7200 X103.533 Y90.522
G1 F1800 X99.198 Y86.187 E0.15293
G0 F7200 X99.754 Y86.178
G1 F1800 X103.52 Y89.944 E0.13286
G0 F7200 X103.528 Y89.386
G1 F1800 X100.31 Y86.168 E0.11352
G0 F7200 X100.867 Y86.159
G1 F1800 X103.537 Y88.829 E0.09419
G0 F7200 X103.546 Y88.272
G1 F1800 X101.423 Y86.15 E0.07488
G0 F7200 X101.979 Y86.14
G1 F1800 X103.554 Y87.715 E0.05556
G0 F7200 X103.563 Y87.158
G1 F1800 X102.535 Y86.131 E0.03625
G0 F7200 X103.092 Y86.121
G1 F1800 X103.566 Y86.596 E0.01674
G1 F4200 E-3.5
;MESH:NONMESH
G0 F600 X103.566 Y86.596 Z0.65
G0 F7200 X104.047 Y86.599
G0 X103.982 Y85.702
G0 X95.103 Y85.83
G0 X94.791 Y89.931
G0 X93.706 Y89.926
G0 X86.283 Y91.455
G0 X77.765 Y94.412
;TIME_ELAPSED:53.365647
;LAYER:3
;TYPE:WALL-INNER
;MESH:pi 3mm_deformed_tet.stl
G1 F4200 E3.5
G1 F3600 X83.212 Y94.308 E0.1359
G1 X85.048 Y94.308 E0.0458
G1 X85.036 Y92.38 E0.0481
G1 X85.052 Y89.983 E0.05979
G1 X85.027 Y85.724 E0.10624
G1 X83.087 Y85.708 E0.0484
G1 X77.97 Y85.6 E0.12767
G1 X75.806 Y85.582 E0.05398
G1 X75.872 Y90.027 E0.11089
G1 X75.845 Y92.763 E0.06825
G1 X75.842 Y94.432 E0.04163
G1 X77.765 Y94.412 E0.04797
G0 F7200 X77.773 Y94.812
;TYPE:WALL-OUTER
G1 F1800 X83.212 Y94.708 E0.1357
G1 X85.45 Y94.708 E0.05583
G1 X85.436 Y92.383 E0.058
G1 X85.452 Y89.981 E0.05992
G1 X85.425 Y85.327 E0.1161
G1 X83.095 Y85.308 E0.05812
G1 X77.974 Y85.2 E0.12777
G1 X75.4 Y85.178 E0.06421
G1 X75.472 Y90.023 E0.12087
G1 X75.445 Y92.762 E0.06833
G1 X75.441 Y94.837 E0.05176
G1 X77.773 Y94.812 E0.05818
G0 F7200 X77.972 Y94.809
G0 X77.763 Y94.032
;TYPE:SKIN
;BRIDGE
G1 F1500 X76.221 Y94.045 E0.03847
G1 X76.225 Y92.766 E0.0319
G1 X76.253 Y90.026 E0.06835
G1 X76.192 Y85.963 E0.10136
G1 X77.955 Y85.981 E0.04398
G1 X83.079 Y86.088 E0.12785
G1 X84.645 Y86.099 E0.03906
G1 X84.671 Y89.958 E0.09627
G1 X84.656 Y92.378 E0.06037
G1 X84.663 Y93.928 E0.03867
G1 X83.212 Y93.928 E0.0362
G1 X77.763 Y94.032 E0.13595
G0 F7200 X77.761 Y94.313
G0 X76.014 Y94.258
G0 X75.945 Y93.198
G0 X76.427 Y93.199
G1 F1500 X77.084 Y93.837 E0.02284
G0 F7200 X77.753 Y93.831
G1 F1500 X76.432 Y92.549 E0.04592
G0 F7200 X76.438 Y91.9
G1 F1500 X78.415 Y93.819 E0.06873
G0 F7200 X79.077 Y93.807
G1 F1500 X76.443 Y91.25 E0.09157
G0 F7200 X76.448 Y90.6
G1 F1500 X79.739 Y93.794 E0.1144
G0 F7200 X80.4 Y93.782
G1 F1500 X76.451 Y89.948 E0.1373
G0 F7200 X76.442 Y89.283
G1 F1500 X81.062 Y93.769 E0.16064
G0 F7200 X81.724 Y93.756
G1 F1500 X76.432 Y88.618 E0.18399
G0 F7200 X76.422 Y87.954
G1 F1500 X82.386 Y93.744 E0.20735
G0 F7200 X83.047 Y93.73
G1 F1500 X76.412 Y87.289 E0.23067
G0 F7200 X76.402 Y86.624
G1 F1500 X83.718 Y93.728 E0.25438
G0 F7200 X84.393 Y93.727
G1 F1500 X76.606 Y86.167 E0.27073
G0 F7200 X77.289 Y86.175
G1 F1500 X84.46 Y93.137 E0.24932
G0 F7200 X84.457 Y92.479
G1 F1500 X77.971 Y86.182 E0.2255
G0 F7200 X78.66 Y86.197
G1 F1500 X84.46 Y91.827 E0.20163
G0 F7200 X84.464 Y91.176
G1 F1500 X79.35 Y86.211 E0.1778
G0 F7200 X80.039 Y86.225
G1 F1500 X84.468 Y90.525 E0.15399
G0 F7200 X84.47 Y89.872
G1 F1500 X80.729 Y86.239 E0.13008
G0 F7200 X81.418 Y86.253
G1 F1500 X84.466 Y89.213 E0.10599
G0 F7200 X84.462 Y88.553
G1 F1500 X82.108 Y86.268 E0.08184
G0 F7200 X82.797 Y86.282
G1 F1500 X84.457 Y87.894 E0.05772
G0 F7200 X84.453 Y87.235
G1 F1500 X83.481 Y86.291 E0.0338
G0 F7200 X84.161 Y86.296
G1 F1500 X84.448 Y86.575 E0.00998
G1 F4200 E-3.5
G0 F7200 X84.932 Y86.573
G0 X85.232 Y90.143
G0 X86.316 Y90.137
G0 X93.707 Y90.222
G0 X102.358 Y94.344
;TYPE:WALL-INNER
G1 F4200 E3.5
G1 F3600 X104.167 Y94.361 E0.04513
G1 X104.152 Y92.453 E0.0476
G1 X104.096 Y89.929 E0.06298
G1 X104.148 Y86.945 E0.07445
G1 X104.156 Y85.527 E0.03537
G1 X102.305 Y85.549 E0.04618
G1 X96.348 Y85.652 E0.14862
G1 X94.929 Y85.661 E0.0354
G1 X94.945 Y87.526 E0.04652
G1 X94.96 Y87.9 E0.00934
G1 X94.972 Y89.933 E0.05071
G1 X94.952 Y92.375 E0.06092
G1 X94.956 Y94.24 E0.04652
G1 X96.878 Y94.256 E0.04795
G1 X102.358 Y94.344 E0.13672
G0 F7200 X102.354 Y94.744
;TYPE:WALL-OUTER
G1 F1800 X104.57 Y94.765 E0.05528
G1 X104.552 Y92.445 E0.05787
G1 X104.496 Y89.936 E0.0626
G1 X104.548 Y86.947 E0.07457
G1 X104.558 Y85.123 E0.0455
G1 X102.298 Y85.149 E0.05638
G1 X96.346 Y85.252 E0.1485
G1 X94.526 Y85.263 E0.0454
G1 X94.545 Y87.542 E0.05685
G1 X94.56 Y87.902 E0.00899
G1 X94.572 Y89.93 E0.05059
G1 X94.552 Y92.375 E0.06099
G1 X94.556 Y94.637 E0.05643
G1 X96.872 Y94.656 E0.05777
G1 X102.354 Y94.744 E0.13677
G0 F7200 X102.554 Y94.745
G0 X102.364 Y93.964
;TYPE:SKIN
G1 F1800 X96.884 Y93.876 E0.13672
G1 X95.333 Y93.861 E0.03869
G1 X95.333 Y92.379 E0.03697
G1 X95.352 Y89.934 E0.06099
G1 X95.34 Y87.866 E0.05159
G1 X95.325 Y87.539 E0.00817
G1 X95.31 Y86.039 E0.03742
G1 X96.35 Y86.032 E0.02594
G1 X102.305 Y85.928 E0.14857
G1 X103.774 Y85.911 E0.03665
G1 X103.768 Y86.936 E0.02557
G1 X103.716 Y89.924 E0.07455
G1 X103.773 Y92.471 E0.06355
G1 X103.782 Y93.977 E0.03757
G1 X102.364 Y93.964 E0.03537
G0 F7200 X103.088 Y93.771
G1 F1800 X103.578 Y93.281 E0.01729
G0 F7200 X103.575 Y92.718
G1 F1800 X102.527 Y93.766 E0.03697
G0 F7200 X101.97 Y93.757
G1 F1800 X103.566 Y92.161 E0.0563
G0 F7200 X103.554 Y91.608
G1 F1800 X101.413 Y93.749 E0.07553
G0 F7200 X100.856 Y93.74
G1 F1800 X103.541 Y91.055 E0.09472
G0 F7200 X103.529 Y90.501
G1 F1800 X100.3 Y93.731 E0.11393
G0 F7200 X99.742 Y93.722
G1 F1800 X103.516 Y89.948 E0.13314
G0 F7200 X103.525 Y89.373
G1 F1800 X99.186 Y93.713 E0.15309
G0 F7200 X98.629 Y93.704
G1 F1800 X103.535 Y88.798 E0.17307
G0 F7200 X103.545 Y88.222
G1 F1800 X98.072 Y93.695 E0.19307
G0 F7200 X97.516 Y93.686
G1 F1800 X103.555 Y87.647 E0.21304
G0 F7200 X103.565 Y87.071
G1 F1800 X96.959 Y93.677 E0.23304
G0 F7200 X96.399 Y93.671
G1 F1800 X103.57 Y86.5 E0.25298
G0 F7200 X103.389 Y86.116
G1 F1800 X95.838 Y93.666 E0.26636
G0 F7200 X95.533 Y93.406
G1 F1800 X102.814 Y86.125 E0.25686
G0 F7200 X102.238 Y86.135
G1 F1800 X95.533 Y92.84 E0.23654
G0 F7200 X95.534 Y92.273
G1 F1800 X101.664 Y86.144 E0.21623
G0 F7200 X101.088 Y86.154
G1 F1800 X95.539 Y91.703 E0.19576
G0 F7200 X95.543 Y91.133
G1 F1800 X100.513 Y86.163 E0.17533
G0 F7200 X99.938 Y86.173
G1 F1800 X95.548 Y90.563 E0.15487
G0 F7200 X95.552 Y89.993
G1 F1800 X99.363 Y86.182 E0.13444
G0 F7200 X98.788 Y86.191
G1 F1800 X95.549 Y89.43 E0.11426
G0 F7200 X95.546 Y88.867
G1 F1800 X98.212 Y86.201 E0.09405
G0 F7200 X97.637 Y86.21
G1 F1800 X95.543 Y88.305 E0.07389
G0 F7200 X95.535 Y87.747
G1 F1800 X97.062 Y86.22 E0.05387
G0 F7200 X96.487 Y86.23
G1 F1800 X95.522 Y87.195 E0.03404
G0 F7200 X95.517 Y86.634
G1 F1800 X95.915 Y86.235 E0.01406
G1 F4200 E-3.5
;MESH:NONMESH
G0 F600 X95.915 Y86.235 Z0.8
G0 F7200 X95.913 Y85.754
G0 X95.103 Y85.832
G0 X94.766 Y87.498
G0 X93.683 Y87.533
G0 X86.316 Y90.137
G0 X77.72 Y94.412
;TIME_ELAPSED:75.024367
;LAYER:4
;TYPE:WALL-INNER
;MESH:pi 3mm_deformed_tet.stl
G1 F4200 E3.5
G1 F3600 X83.212 Y94.308 E0.13702
G1 X85.047 Y94.308 E0.04577
G1 X85.032 Y92.387 E0.04792
G1 X85.048 Y89.986 E0.05989
G1 X85.027 Y85.724 E0.10632
G1 X83.091 Y85.708 E0.0483
G1 X77.644 Y85.596 E0.1359
G1 X75.806 Y85.582 E0.04585
G1 X75.876 Y90.028 E0.11092
G1 X75.841 Y92.913 E0.07197
G1 X75.838 Y94.432 E0.03789
G1 X77.72 Y94.412 E0.04695
G0 F7200 X77.728 Y94.812
;TYPE:WALL-OUTER
G1 F1800 X83.212 Y94.708 E0.13682
G1 X85.45 Y94.708 E0.05583
G1 X85.432 Y92.39 E0.05782
G1 X85.448 Y89.984 E0.06002
G1 X85.425 Y85.327 E0.11617
G1 X83.099 Y85.308 E0.05802
G1 X77.648 Y85.196 E0.136
G1 X75.4 Y85.178 E0.05608
G1 X75.476 Y90.023 E0.12087
G1 X75.441 Y92.912 E0.07207
G1 X75.437 Y94.837 E0.04802
G1 X77.728 Y94.812 E0.05715
G0 F7200 X77.927 Y94.809
G0 X77.718 Y94.032
;TYPE:SKIN
;BRIDGE
G1 F1800 X76.217 Y94.045 E0.03744
G1 X76.221 Y92.919 E0.02809
G1 X76.256 Y90.031 E0.07205
G1 X76.192 Y85.963 E0.10149
G1 X77.634 Y85.977 E0.03597
G1 X83.083 Y86.088 E0.13595
G1 X84.649 Y86.099 E0.03906
G1 X84.667 Y90.006 E0.09746
G1 X84.652 Y92.382 E0.05927
G1 X84.662 Y93.928 E0.03857
G1 X83.212 Y93.928 E0.03617
G1 X77.718 Y94.032 E0.13707
G0 F7200 X77.718 Y94.311
G0 X84.067 Y94.208
G0 X84.067 Y93.729
G1 F1800 X84.458 Y93.326 E0.01401
G0 F7200 X84.454 Y92.755
G1 F1800 X83.51 Y93.729 E0.03384
G0 F7200 X82.948 Y93.734
G1 F1800 X84.453 Y92.182 E0.05393
G0 F7200 X84.457 Y91.603
G1 F1800 X82.38 Y93.745 E0.07443
G0 F7200 X81.813 Y93.755
G1 F1800 X84.46 Y91.025 E0.09486
G0 F7200 X84.464 Y90.446
G1 F1800 X81.246 Y93.766 E0.11534
G0 F7200 X80.678 Y93.777
G1 F1800 X84.467 Y89.869 E0.13578
G0 F7200 X84.463 Y89.298
G1 F1800 X80.11 Y93.788 E0.156
G0 F7200 X79.542 Y93.799
G1 F1800 X84.461 Y88.725 E0.17629
G0 F7200 X84.458 Y88.154
G1 F1800 X78.975 Y93.809 E0.19648
G0 F7200 X78.408 Y93.82
G1 F1800 X84.455 Y87.582 E0.21672
G0 F7200 X84.453 Y87.01
G1 F1800 X77.84 Y93.831 E0.23699
G0 F7200 X77.277 Y93.836
G1 F1800 X84.45 Y86.439 E0.25703
G0 F7200 X84.032 Y86.294
G1 F1800 X76.716 Y93.841 E0.2622
G0 F7200 X76.42 Y93.572
G1 F1800 X83.479 Y86.29 E0.25299
G0 F7200 X82.928 Y86.285
G1 F1800 X76.421 Y92.995 E0.23316
G0 F7200 X76.427 Y92.415
G1 F1800 X82.381 Y86.273 E0.21339
G0 F7200 X81.835 Y86.262
G1 F1800 X76.434 Y91.833 E0.19356
G0 F7200 X76.442 Y91.25
G1 F1800 X81.288 Y86.251 E0.17368
G0 F7200 X80.742 Y86.24
G1 F1800 X76.449 Y90.668 E0.15385
G0 F7200 X76.455 Y90.087
G1 F1800 X80.196 Y86.229 E0.13405
G0 F7200 X79.649 Y86.218
G1 F1800 X76.448 Y89.52 E0.11472
G0 F7200 X76.439 Y88.954
G1 F1800 X79.103 Y86.207 E0.09546
G0 F7200 X78.557 Y86.195
G1 F1800 X76.431 Y88.389 E0.07621
G0 F7200 X76.422 Y87.823
G1 F1800 X78.01 Y86.185 E0.05691
G0 F7200 X77.463 Y86.175
G1 F1800 X76.413 Y87.257 E0.03761
G0 F7200 X76.404 Y86.692
G1 F1800 X76.91 Y86.17 E0.01813
G1 F4200 E-3.5
G0 F7200 X76.914 Y85.691
G0 X84.856 Y85.894
G0 X85.23 Y90.014
G0 X86.314 Y90.008
G0 X93.712 Y90.099
G0 X102.401 Y94.344
;TYPE:WALL-INNER
G1 F4200 E3.5
G1 F3600 X104.165 Y94.362 E0.04401
G1 X104.148 Y92.449 E0.04772
G1 X104.096 Y89.93 E0.06285
G1 X104.148 Y86.799 E0.07811
G1 X104.158 Y85.527 E0.03173
G1 X102.346 Y85.544 E0.0452
G1 X96.199 Y85.656 E0.15336
G1 X94.93 Y85.662 E0.03166
G1 X94.948 Y87.518 E0.0463
G1 X94.964 Y88.044 E0.01313
G1 X94.976 Y89.934 E0.04715
G1 X94.953 Y92.377 E0.06094
G1 X94.956 Y94.243 E0.04655
G1 X96.874 Y94.256 E0.04785
G1 X102.401 Y94.344 E0.13789
G0 F7200 X102.397 Y94.744
;TYPE:WALL-OUTER
G1 F1800 X104.568 Y94.766 E0.05416
G1 X104.548 Y92.44 E0.05802
G1 X104.496 Y89.936 E0.06248
G1 X104.548 Y86.803 E0.07816
G1 X104.562 Y85.123 E0.04191
G1 X102.339 Y85.144 E0.05546
G1 X96.197 Y85.256 E0.15324
G1 X94.526 Y85.264 E0.04168
G1 X94.548 Y87.53 E0.05653
G1 X94.564 Y88.046 E0.01288
G1 X94.576 Y89.93 E0.047
G1 X94.553 Y92.377 E0.06104
G1 X94.556 Y94.641 E0.05648
G1 X96.868 Y94.656 E0.05767
G1 X102.397 Y94.744 E0.13794
G0 F7200 X102.597 Y94.746
G0 X102.407 Y93.964
;TYPE:SKIN
G1 F1800 X96.88 Y93.876 E0.13789
G1 X95.336 Y93.861 E0.03852
G1 X95.332 Y92.385 E0.03682
G1 X95.356 Y89.934 E0.06114
G1 X95.344 Y88.038 E0.0473
G1 X95.328 Y87.52 E0.01293
G1 X95.311 Y86.04 E0.03692
G1 X96.197 Y86.036 E0.0221
G1 X102.349 Y85.924 E0.15349
G1 X103.774 Y85.907 E0.03555
G1 X103.768 Y86.789 E0.022
G1 X103.716 Y89.92 E0.07811
G1 X103.769 Y92.466 E0.06352
G1 X103.778 Y93.978 E0.03772
G1 X102.407 Y93.964 E0.0342
G0 F7200 X102.405 Y94.244
G0 X95.529 Y94.146
G0 X95.535 Y93.272
G1 F1800 X95.931 Y93.668 E0.01397
G0 F7200 X96.505 Y93.677
G1 F1800 X95.533 Y92.705 E0.03429
G0 F7200 X95.534 Y92.14
G1 F1800 X97.079 Y93.685 E0.0545
G0 F7200 X97.653 Y93.693
G1 F1800 X95.54 Y91.58 E0.07454
G0 F7200 X95.546 Y91.02
G1 F1800 X98.226 Y93.701 E0.09456
G0 F7200 X98.8 Y93.709
G1 F1800 X95.551 Y90.46 E0.11462
G0 F7200 X95.556 Y89.899
G1 F1800 X99.374 Y93.717 E0.13469
G0 F7200 X99.947 Y93.725
G1 F1800 X95.553 Y89.33 E0.15503
G0 F7200 X95.549 Y88.76
G1 F1800 X100.522 Y93.733 E0.17544
G0 F7200 X101.095 Y93.741
G1 F1800 X95.545 Y88.191 E0.19579
G0 F7200 X95.531 Y87.611
G1 F1800 X101.669 Y93.75 E0.21655
G0 F7200 X102.243 Y93.757
G1 F1800 X95.522 Y87.037 E0.23708
G0 F7200 X95.515 Y86.464
G1 F1800 X102.816 Y93.765 E0.25756
G0 F7200 X103.39 Y93.774
G1 F1800 X95.855 Y86.238 E0.26584
G0 F7200 X96.415 Y86.232
G1 F1800 X103.575 Y93.393 E0.25261
G0 F7200 X103.571 Y92.823
G1 F1800 X96.971 Y86.222 E0.23285
G0 F7200 X97.526 Y86.212
G1 F1800 X103.564 Y92.251 E0.21302
G0 F7200 X103.552 Y91.673
G1 F1800 X98.081 Y86.202 E0.193
G0 F7200 X98.637 Y86.192
G1 F1800 X103.541 Y91.096 E0.173
G0 F7200 X103.529 Y90.518
G1 F1800 X99.193 Y86.182 E0.15296
G0 F7200 X99.748 Y86.172
G1 F1800 X103.517 Y89.94 E0.13294
G0 F7200 X103.525 Y89.383
G1 F1800 X100.304 Y86.162 E0.11363
G0 F7200 X100.86 Y86.152
G1 F1800 X103.532 Y88.825 E0.09428
G0 F7200 X103.541 Y88.267
G1 F1800 X101.415 Y86.142 E0.07498
G0 F7200 X101.97 Y86.131
G1 F1800 X103.549 Y87.71 E0.0557
G0 F7200 X103.557 Y87.152
G1 F1800 X102.527 Y86.122 E0.03634
G0 F7200 X103.086 Y86.116
G1 F1800 X103.565 Y86.594 E0.01688
G1 F4200 E-3.5
;MESH:NONMESH
G0 F600 X103.565 Y86.594 Z0.95
G0 F7200 X104.049 Y86.598
G0 X103.985 Y85.701
G0 X95.104 Y85.833
G0 X94.799 Y89.931
G0 X93.714 Y89.925
G0 X86.314 Y90.008
G0 X77.679 Y94.416
;TIME_ELAPSED:97.253436
;LAYER:5
;TYPE:WALL-INNER
;MESH:pi 3mm_deformed_tet.stl
G1 F4200 E3.5
G1 F3600 X83.208 Y94.308 E0.13795
G1 X85.044 Y94.308 E0.0458
G1 X85.032 Y92.394 E0.04775
G1 X85.048 Y89.986 E0.06007
G1 X85.027 Y85.724 E0.10632
G1 X83.099 Y85.708 E0.0481
G1 X78.217 Y85.604 E0.12181
G1 X75.806 Y85.582 E0.06015
G1 X75.876 Y90.028 E0.11092
G1 X75.841 Y93.06 E0.07564
G1 X75.838 Y94.433 E0.03425
G1 X77.679 Y94.416 E0.04593
G0 F7200 X77.687 Y94.816
;TYPE:WALL-OUTER
G1 F1800 X83.208 Y94.708 E0.13775
G1 X85.446 Y94.708 E0.05583
G1 X85.432 Y92.397 E0.05765
G1 X85.448 Y89.984 E0.06019
G1 X85.425 Y85.327 E0.11617
G1 X83.107 Y85.308 E0.05782
G1 X78.221 Y85.204 E0.12191
G1 X75.4 Y85.178 E0.07037
G1 X75.476 Y90.023 E0.12087
G1 X75.441 Y93.059 E0.07574
G1 X75.437 Y94.837 E0.04435
G1 X77.687 Y94.816 E0.05613
G0 F7200 X77.886 Y94.813
G0 X77.678 Y94.036
;TYPE:SKIN
G1 F1800 X76.217 Y94.049 E0.03645
G1 X76.256 Y90.031 E0.10023
G1 X76.192 Y85.963 E0.10149
G1 X78.202 Y85.985 E0.05014
G1 X83.091 Y86.088 E0.12198
G1 X84.649 Y86.099 E0.03887
G1 X84.667 Y90.006 E0.09746
G1 X84.652 Y92.39 E0.05947
G1 X84.659 Y93.928 E0.03837
G1 X83.208 Y93.928 E0.0362
G1 X77.678 Y94.036 E0.13797
G0 F7200 X77.44 Y94.319
G0 X84.87 Y94.136
G0 X84.937 Y93.168
G0 X84.455 Y93.17
G1 F1800 X83.897 Y93.728 E0.01968
G0 F7200 X83.331 Y93.728
G1 F1800 X84.453 Y92.607 E0.03956
G0 F7200 X84.454 Y92.04
G1 F1800 X82.756 Y93.738 E0.0599
G0 F7200 X82.179 Y93.749
G1 F1800 X84.458 Y91.471 E0.08038
G0 F7200 X84.461 Y90.901
G1 F1800 X81.602 Y93.76 E0.10086
G0 F7200 X81.026 Y93.771
G1 F1800 X84.465 Y90.332 E0.12132
G0 F7200 X84.465 Y89.766
G1 F1800 X80.449 Y93.782 E0.14168
G0 F7200 X79.872 Y93.793
G1 F1800 X84.462 Y89.203 E0.16192
G0 F7200 X84.46 Y88.639
G1 F1800 X79.295 Y93.805 E0.18223
G0 F7200 X78.718 Y93.816
G1 F1800 X84.458 Y88.077 E0.20248
G0 F7200 X84.455 Y87.514
G1 F1800 X78.141 Y93.827 E0.22273
G0 F7200 X77.565 Y93.837
G1 F1800 X84.453 Y86.95 E0.24298
G0 F7200 X84.45 Y86.387
G1 F1800 X76.995 Y93.842 E0.263
G0 F7200 X76.424 Y93.847
G1 F1800 X83.977 Y86.294 E0.26645
G0 F7200 X83.416 Y86.29
G1 F1800 X76.425 Y93.281 E0.24663
G0 F7200 X76.43 Y92.709
G1 F1800 X82.857 Y86.283 E0.22671
G0 F7200 X82.304 Y86.271
G1 F1800 X76.436 Y92.138 E0.20699
G0 F7200 X76.442 Y91.567
G1 F1800 X81.749 Y86.259 E0.18724
G0 F7200 X81.196 Y86.247
G1 F1800 X76.447 Y90.995 E0.16752
G0 F7200 X76.453 Y90.424
G1 F1800 X80.641 Y86.236 E0.14774
G0 F7200 X80.088 Y86.224
G1 F1800 X76.455 Y89.857 E0.12816
G0 F7200 X76.445 Y89.301
G1 F1800 X79.533 Y86.213 E0.10894
G0 F7200 X78.979 Y86.201
G1 F1800 X76.437 Y88.743 E0.08968
G0 F7200 X76.428 Y88.187
G1 F1800 X78.425 Y86.189 E0.07047
G0 F7200 X77.868 Y86.181
G1 F1800 X76.418 Y87.63 E0.05114
G0 F7200 X76.41 Y87.073
G1 F1800 X77.309 Y86.174 E0.03171
G0 F7200 X76.749 Y86.168
G1 F1800 X76.401 Y86.517 E0.01229
G1 F4200 E-3.5
G0 F7200 X75.922 Y86.523
G0 X84.856 Y85.894
G0 X85.228 Y90.016
G0 X86.312 Y90.01
G0 X93.716 Y90.106
G0 X102.443 Y94.348
;TYPE:WALL-INNER
G1 F4200 E3.5
G1 F3600 X104.168 Y94.363 E0.04303
G1 X104.144 Y92.45 E0.04772
G1 X104.104 Y90.735 E0.04279
G1 X104.096 Y89.929 E0.02011
G1 X104.152 Y86.651 E0.08178
G1 X104.159 Y85.527 E0.02804
G1 X102.391 Y85.544 E0.0441
G1 X96.055 Y85.656 E0.15808
G1 X94.933 Y85.662 E0.02799
G1 X94.948 Y87.523 E0.04642
G1 X94.968 Y88.187 E0.01657
G1 X94.981 Y89.931 E0.04351
G1 X94.957 Y92.377 E0.06102
G1 X94.96 Y94.243 E0.04655
G1 X96.866 Y94.256 E0.04755
G1 X102.443 Y94.348 E0.13914
G0 F7200 X102.439 Y94.748
;TYPE:WALL-OUTER
G1 F1800 X104.589 Y94.766 E0.05363
G1 X104.56 Y94.194 E0.01429
G1 X104.544 Y92.441 E0.04373
G1 X104.504 Y90.731 E0.04267
G1 X104.496 Y89.936 E0.01983
G1 X104.552 Y86.654 E0.08188
G1 X104.562 Y85.123 E0.03819
G1 X102.384 Y85.144 E0.05433
G1 X96.053 Y85.256 E0.15795
G1 X94.53 Y85.264 E0.03799
G1 X94.548 Y87.535 E0.05665
G1 X94.568 Y88.19 E0.01635
G1 X94.581 Y89.929 E0.04338
G1 X94.557 Y92.377 E0.06107
G1 X94.56 Y94.641 E0.05648
G1 X96.86 Y94.656 E0.05737
G1 X102.439 Y94.748 E0.13919
G0 F7200 X102.639 Y94.749
G0 X102.448 Y93.968
;TYPE:SKIN
G1 F1800 X96.872 Y93.876 E0.13911
G1 X95.34 Y93.861 E0.03822
G1 X95.336 Y92.385 E0.03682
G1 X95.36 Y89.93 E0.06124
G1 X95.348 Y88.182 E0.04361
G1 X95.328 Y87.526 E0.01637
G1 X95.314 Y86.04 E0.03707
G1 X96.053 Y86.036 E0.01843
G1 X103.775 Y85.907 E0.19265
G1 X103.772 Y86.641 E0.01831
G1 X103.716 Y89.92 E0.08181
G1 X103.724 Y90.734 E0.02031
G1 X103.764 Y92.449 E0.04279
G1 X103.778 Y93.978 E0.03814
G1 X102.448 Y93.968 E0.03318
G0 F7200 X102.556 Y94.248
G0 X103.987 Y94.188
G0 X104.052 Y93.284
G0 X103.571 Y93.287
G1 F1800 X103.085 Y93.774 E0.01716
G0 F7200 X102.524 Y93.769
G1 F1800 X103.566 Y92.727 E0.03676
G0 F7200 X103.556 Y92.171
G1 F1800 X101.967 Y93.76 E0.05606
G0 F7200 X101.41 Y93.751
G1 F1800 X103.544 Y91.618 E0.07526
G0 F7200 X103.531 Y91.065
G1 F1800 X100.854 Y93.742 E0.09444
G0 F7200 X100.297 Y93.733
G1 F1800 X103.521 Y90.509 E0.11374
G0 F7200 X103.516 Y89.948
G1 F1800 X99.741 Y93.723 E0.13317
G0 F7200 X99.184 Y93.714
G1 F1800 X103.525 Y89.373 E0.15314
G0 F7200 X103.535 Y88.798
G1 F1800 X98.628 Y93.705 E0.17311
G0 F7200 X98.071 Y93.696
G1 F1800 X103.544 Y88.223 E0.19307
G0 F7200 X103.554 Y87.647
G1 F1800 X97.515 Y93.687 E0.21306
G0 F7200 X96.958 Y93.678
G1 F1800 X103.564 Y87.072 E0.23304
G0 F7200 X103.572 Y86.498
G1 F1800 X96.398 Y93.672 E0.25308
G0 F7200 X95.838 Y93.667
G1 F1800 X103.392 Y86.113 E0.26649
G0 F7200 X102.817 Y86.122
G1 F1800 X95.539 Y93.4 E0.25675
G0 F7200 X95.538 Y92.835
G1 F1800 X102.242 Y86.131 E0.2365
G0 F7200 X101.667 Y86.14
G1 F1800 X95.537 Y92.27 E0.21625
G0 F7200 X95.543 Y91.699
G1 F1800 X101.092 Y86.15 E0.19576
G0 F7200 X100.517 Y86.159
G1 F1800 X95.549 Y91.128 E0.17528
G0 F7200 X95.555 Y90.556
G1 F1800 X99.942 Y86.168 E0.15478
G0 F7200 X99.368 Y86.177
G1 F1800 X95.561 Y89.984 E0.1343
G0 F7200 X95.557 Y89.422
G1 F1800 X98.793 Y86.186 E0.11416
G0 F7200 X98.219 Y86.195
G1 F1800 X95.553 Y88.861 E0.09405
G0 F7200 X95.549 Y88.299
G1 F1800 X97.644 Y86.204 E0.07391
G0 F7200 X97.069 Y86.213
G1 F1800 X95.535 Y87.747 E0.05412
G0 F7200 X95.525 Y87.191
G1 F1800 X96.494 Y86.222 E0.03418
G0 F7200 X95.919 Y86.232
G1 F1800 X95.52 Y86.63 E0.01406
G1 F4200 E-3.5
;MESH:NONMESH
G0 F600 X95.52 Y86.63 Z1.1
G0 F7200 X95.041 Y86.632
G0 X94.768 Y87.503
G0 X93.685 Y87.537
G0 X86.312 Y90.01
G0 X77.638 Y94.416
;TIME_ELAPSED:119.187117
;LAYER:6
;TYPE:WALL-INNER
;MESH:pi 3mm_deformed_tet.stl
G1 F4200 E3.5
G1 F3600 X83.206 Y94.312 E0.13892
G1 X85.043 Y94.308 E0.04582
G1 X85.028 Y92.409 E0.04737
G1 X85.044 Y89.988 E0.06039
G1 X85.023 Y85.724 E0.10637
G1 X83.103 Y85.708 E0.0479
G1 X77.565 Y85.597 E0.13817
G1 X75.81 Y85.582 E0.04378
G1 X75.876 Y90.028 E0.11092
G1 X75.837 Y93.203 E0.07921
G1 X75.834 Y94.433 E0.03068
G1 X77.638 Y94.416 E0.045
G0 F7200 X77.645 Y94.816
;TYPE:WALL-OUTER
G1 F1800 X83.206 Y94.712 E0.13874
G1 X85.446 Y94.708 E0.05588
G1 X85.428 Y92.412 E0.05728
G1 X85.444 Y89.986 E0.06052
G1 X85.421 Y85.327 E0.11622
G1 X83.111 Y85.308 E0.05763
G1 X77.569 Y85.197 E0.13827
G1 X75.404 Y85.178 E0.05401
G1 X75.476 Y90.023 E0.12087
G1 X75.437 Y93.202 E0.07931
G1 X75.433 Y94.837 E0.04079
G1 X77.645 Y94.816 E0.05518
G0 F7200 X77.844 Y94.813
G0 X77.637 Y94.036
;TYPE:SKIN
G1 F1800 X76.213 Y94.049 E0.03552
G1 X76.256 Y90.031 E0.10024
G1 X76.196 Y85.963 E0.10149
G1 X77.554 Y85.977 E0.03388
G1 X83.095 Y86.088 E0.13825
G1 X84.645 Y86.099 E0.03867
G1 X84.663 Y90.01 E0.09756
G1 X84.648 Y92.406 E0.05977
G1 X84.658 Y93.928 E0.03797
G1 X83.207 Y93.932 E0.0362
G1 X77.637 Y94.036 E0.13897
G0 F7200 X76.872 Y93.842
G1 F1800 X76.419 Y93.39 E0.01596
G0 F7200 X76.425 Y92.83
G1 F1800 X77.432 Y93.837 E0.03552
G0 F7200 X77.99 Y93.829
G1 F1800 X76.431 Y92.27 E0.055
G0 F7200 X76.438 Y91.711
G1 F1800 X78.545 Y93.818 E0.07433
G0 F7200 X79.101 Y93.808
G1 F1800 X76.443 Y91.151 E0.09375
G0 F7200 X76.45 Y90.592
G1 F1800 X79.656 Y93.798 E0.1131
G0 F7200 X80.211 Y93.788
G1 F1800 X76.455 Y90.032 E0.1325
G0 F7200 X76.447 Y89.457
G1 F1800 X80.766 Y93.777 E0.15238
G0 F7200 X81.322 Y93.767
G1 F1800 X76.438 Y88.883 E0.1723
G0 F7200 X76.43 Y88.309
G1 F1800 X81.877 Y93.757 E0.19218
G0 F7200 X82.432 Y93.746
G1 F1800 X76.421 Y87.735 E0.21205
G0 F7200 X76.413 Y87.161
G1 F1800 X82.987 Y93.735 E0.23192
G0 F7200 X83.548 Y93.731
G1 F1800 X76.404 Y86.587 E0.25202
G0 F7200 X76.551 Y86.167
G1 F1800 X84.113 Y93.73 E0.26679
G0 F7200 X84.456 Y93.507
G1 F1800 X77.122 Y86.173 E0.25873
G0 F7200 X77.695 Y86.181
G1 F1800 X84.453 Y92.938 E0.23839
G0 F7200 X84.449 Y92.369
G1 F1800 X78.272 Y86.192 E0.21791
G0 F7200 X78.849 Y86.203
G1 F1800 X84.452 Y91.806 E0.19766
G0 F7200 X84.455 Y91.244
G1 F1800 X79.427 Y86.215 E0.17739
G0 F7200 X80.004 Y86.227
G1 F1800 X84.459 Y90.681 E0.15714
G0 F7200 X84.462 Y90.119
G1 F1800 X80.581 Y86.238 E0.13691
G0 F7200 X81.159 Y86.25
G1 F1800 X84.461 Y89.552 E0.11649
G0 F7200 X84.458 Y88.984
G1 F1800 X81.736 Y86.261 E0.09604
G0 F7200 X82.313 Y86.273
G1 F1800 X84.455 Y88.415 E0.07556
G0 F7200 X84.453 Y87.847
G1 F1800 X82.891 Y86.285 E0.0551
G0 F7200 X83.463 Y86.291
G1 F1800 X84.45 Y87.279 E0.03484
G0 F7200 X84.448 Y86.71
G1 F1800 X84.033 Y86.295 E0.01464
G1 F4200 E-3.5
G1 F600 Z1.6
G0 F7200 X97.11 Y85.796 Z1.6
;TYPE:FILL
G1 F600 Z1.1
G1 F4200 E3.5
G1 F3600 X103.987 Y92.673 E0.2426
G1 X104.057 Y92.743
G0 F7200 X103.846 Y92.743
G0 X103.841 Y87.334
G0 X103.977 Y87.336
G1 F3600 X97.208 Y94.105 E0.23879
G1 X97.138 Y94.175
G0 F7200 X97.141 Y93.966
G0 X102.488 Y94.05
G0 X102.485 Y94.348
;TYPE:WALL-INNER
G1 F3600 X104.158 Y94.362 E0.04173
G1 X104.144 Y92.446 E0.0478
G1 X104.104 Y90.884 E0.03898
G1 X104.092 Y89.929 E0.02382
G1 X104.152 Y86.507 E0.08538
G1 X104.159 Y85.527 E0.02445
G1 X102.436 Y85.544 E0.04298
G1 X95.908 Y85.656 E0.16287
G1 X94.933 Y85.661 E0.02432
G1 X94.948 Y87.523 E0.04645
G1 X94.972 Y88.335 E0.02026
G1 X94.984 Y89.934 E0.03989
G1 X94.961 Y92.377 E0.06094
G1 X94.964 Y94.244 E0.04657
G1 X96.862 Y94.26 E0.04735
G1 X102.485 Y94.348 E0.14028
G0 F7200 X102.481 Y94.748
;TYPE:WALL-OUTER
G1 F1800 X104.593 Y94.766 E0.05269
G1 X104.556 Y94.042 E0.01808
G1 X104.544 Y92.436 E0.04006
G1 X104.504 Y90.879 E0.03885
G1 X104.492 Y89.936 E0.02353
G1 X104.552 Y86.51 E0.08548
G1 X104.562 Y85.123 E0.0346
G1 X102.429 Y85.144 E0.05321
G1 X95.906 Y85.256 E0.16274
G1 X94.53 Y85.263 E0.03432
G1 X94.548 Y87.535 E0.05668
G1 X94.572 Y88.338 E0.02004
G1 X94.584 Y89.93 E0.03971
G1 X94.561 Y92.377 E0.06104
G1 X94.564 Y94.641 E0.05648
G1 X96.856 Y94.66 E0.05718
G1 X102.481 Y94.748 E0.14033
G0 F7200 X102.681 Y94.749
G0 X102.687 Y94.051
G0 X96.781 Y93.123
G0 X95.34 Y92.38
;TYPE:SKIN
G1 F1800 X95.365 Y89.947 E0.06069
G1 X95.352 Y88.33 E0.04034
G1 X95.328 Y87.519 E0.02024
G1 X95.314 Y86.038 E0.03695
G1 X96.252 Y86.03 E0.0234
G1 X96.859 Y87.356 E0.03638
G1 X97.04 Y89.41 E0.05144
G1 X97.11 Y89.955 E0.01371
G1 X96.869 Y91.818 E0.04686
G1 X96.8 Y92.541 E0.01812
G1 X96.166 Y93.87 E0.03673
G1 X95.344 Y93.865 E0.02051
G1 X95.34 Y92.38 E0.03704
G0 F7200 X95.543 Y93.28
G1 F1800 X95.931 Y93.668 E0.01369
G0 F7200 X96.188 Y93.36
G1 F1800 X95.541 Y92.712 E0.02284
G0 F7200 X95.542 Y92.148
G1 F1800 X96.372 Y92.977 E0.02926
G0 F7200 X96.554 Y92.594
G1 F1800 X95.548 Y91.588 E0.03549
G0 F7200 X95.553 Y91.028
G1 F1800 X96.64 Y92.115 E0.03835
G0 F7200 X96.695 Y91.604
G1 F1800 X95.559 Y90.468 E0.04008
G0 F7200 X95.564 Y89.907
G1 F1800 X96.76 Y91.103 E0.04219
G0 F7200 X96.824 Y90.602
G1 F1800 X95.56 Y89.337 E0.04461
G0 F7200 X95.555 Y88.767
G1 F1800 X96.889 Y90.101 E0.04706
G0 F7200 X96.85 Y89.496
G1 F1800 X95.548 Y88.194 E0.04593
G0 F7200 X95.531 Y87.611
G1 F1800 X96.792 Y88.873 E0.0445
G0 F7200 X96.738 Y88.253
G1 F1800 X95.523 Y87.038 E0.04286
G0 F7200 X95.518 Y86.467
G1 F1800 X96.683 Y87.632 E0.0411
G1 X96.753 Y87.702
G0 F7200 X97.17 Y87.666
G0 X96.791 Y86.542
G0 X96.357 Y86.741
G1 F1800 X95.85 Y86.234 E0.01789
G0 F7200 X96.8 Y86.243
G1 F4200 E-3.5
;MESH:NONMESH
G0 F600 X96.8 Y86.243 Z1.25
G0 F7200 X95.107 Y85.832
G0 X94.769 Y87.505
G0 X93.686 Y87.538
G0 X86.272 Y84.481
G0 X80.305 Y84.38
G0 X80.233 Y88.453
;TIME_ELAPSED:135.937256
;LAYER:7
;TYPE:FILL
;MESH:pi 3mm_deformed_tet.stl
G1 F4200 E3.5
G1 F3600 X79.603 Y89.083 E0.02222
G1 X79.533 Y89.153
G0 F7200 X79.719 Y89.204
G0 X80.147 Y92.485
G0 X79.893 Y94.206
G0 X78.303 Y94.307
G0 X78.563 Y94.404
;TYPE:WALL-INNER
G1 F3600 X81.374 Y94.344 E0.07014
G1 X83.974 Y94.304 E0.06486
G1 X85.035 Y94.307 E0.02647
G1 X85.024 Y92.463 E0.046
G1 X85.044 Y89.985 E0.06182
G1 X85.023 Y85.727 E0.10622
G1 X83.11 Y85.708 E0.04772
G1 X77.525 Y85.593 E0.13935
G1 X75.81 Y85.584 E0.04278
G1 X75.877 Y90.018 E0.11062
G1 X75.837 Y93.35 E0.08312
G1 X75.834 Y94.433 E0.02702
G1 X78.563 Y94.404 E0.06808
G0 F7200 X78.571 Y94.804
;TYPE:WALL-OUTER
G1 F1800 X81.38 Y94.744 E0.07009
G1 X83.973 Y94.704 E0.06469
G1 X85.441 Y94.707 E0.03662
G1 X85.424 Y92.466 E0.0559
G1 X85.444 Y89.983 E0.06194
G1 X85.421 Y85.331 E0.11605
G1 X83.119 Y85.308 E0.05743
G1 X77.527 Y85.193 E0.13952
G1 X75.404 Y85.182 E0.05296
G1 X75.477 Y90.019 E0.12067
G1 X75.437 Y93.349 E0.08307
G1 X75.433 Y94.837 E0.03712
G1 X78.571 Y94.804 E0.07828
G0 F7200 X78.77 Y94.8
G0 X78.303 Y94.307
G0 X79.893 Y94.206
G0 X80.147 Y92.485
G0 X79.718 Y89.19
G0 X79.434 Y89.158
;TYPE:SKIN
G1 F1800 X79.5 Y89.93 E0.01933
G1 X79.67 Y91.031 E0.02779
G1 X79.921 Y92.484 E0.03678
G1 X79.716 Y93.999 E0.03814
G1 X78.558 Y94.023 E0.02889
G1 X76.214 Y94.049 E0.05847
G1 X76.256 Y90.052 E0.09971
G1 X76.196 Y85.966 E0.10194
G1 X77.51 Y85.973 E0.03278
G1 X80.078 Y86.026 E0.06407
G1 X79.839 Y87.659 E0.04117
G1 X79.434 Y89.158 E0.03873
G0 F7200 X79.718 Y89.19
G0 X80.412 Y87.772
G0 X80.386 Y85.829
G0 X75.985 Y85.757
G0 X76.405 Y86.512
G1 F1800 X76.749 Y86.169 E0.01212
G0 F7200 X77.312 Y86.172
G1 F1800 X76.413 Y87.07 E0.0317
G0 F7200 X76.421 Y87.628
G1 F1800 X77.869 Y86.18 E0.05108
G0 F7200 X78.422 Y86.192
G1 F1800 X76.429 Y88.185 E0.07031
G0 F7200 X76.438 Y88.743
G1 F1800 X78.977 Y86.203 E0.08959
G0 F7200 X79.53 Y86.215
G1 F1800 X76.445 Y89.301 E0.10885
G0 F7200 X76.453 Y89.858
G1 F1800 X79.801 Y86.51 E0.11811
G0 F7200 X79.706 Y87.171
G1 F1800 X76.452 Y90.425 E0.11479
G0 F7200 X76.446 Y90.997
G1 F1800 X79.576 Y87.867 E0.11042
G1 X79.646 Y87.797
G0 F7200 X79.366 Y88.643
G1 F1800 X76.44 Y91.569 E0.10322
G0 F7200 X76.434 Y92.14
G1 F1800 X79.248 Y89.327 E0.09925
G0 F7200 X79.293 Y89.847
G1 F1800 X76.428 Y92.712 E0.10107
G0 F7200 X76.421 Y93.284
G1 F1800 X79.361 Y90.345 E0.1037
G0 F7200 X79.437 Y90.834
G1 F1800 X76.425 Y93.847 E0.10627
G0 F7200 X76.996 Y93.841
G1 F1800 X79.517 Y91.32 E0.08894
G0 F7200 X79.6 Y91.802
G1 F1800 X77.568 Y93.834 E0.07168
G0 F7200 X78.14 Y93.828
G1 F1800 X79.684 Y92.285 E0.05445
G0 F7200 X79.668 Y92.866
G1 F1800 X78.714 Y93.82 E0.03365
G0 F7200 X79.292 Y93.808
G1 F1800 X79.579 Y93.521 E0.01012
G0 F7200 X80.056 Y93.587
G0 X80.232 Y90.249
G0 X80.409 Y89.128
G0 X80.682 Y89.174
G1 F1800 X80.727 Y87.42 E0.04377
G1 X81.256 Y86.192 E0.03335
G1 X81.263 Y86.05 E0.00355
G1 X83.099 Y86.088 E0.04581
G1 X84.645 Y86.103 E0.03857
G1 X84.663 Y89.997 E0.09714
G1 X84.644 Y92.458 E0.06139
G1 X84.647 Y93.924 E0.03657
G1 X83.972 Y93.924 E0.01684
G1 X80.511 Y93.98 E0.08635
G1 X80.341 Y92.128 E0.04639
G1 X80.471 Y89.914 E0.05532
G1 X80.682 Y89.174 E0.0192
G0 F7200 X80.409 Y89.128
G0 X80.512 Y87.377
G0 X81.041 Y86.111
G0 X81.749 Y86.26
G1 F1800 X81.21 Y86.799 E0.01901
G0 F7200 X80.921 Y87.653
G1 F1800 X82.303 Y86.271 E0.04875
G0 F7200 X82.857 Y86.283
G1 F1800 X80.906 Y88.234 E0.06883
G0 F7200 X80.89 Y88.815
G1 F1800 X83.415 Y86.291 E0.08906
G0 F7200 X83.975 Y86.296
G1 F1800 X80.806 Y89.465 E0.1118
G0 F7200 X80.655 Y90.182
G1 F1800 X84.446 Y86.391 E0.13374
G0 F7200 X84.448 Y86.954
G1 F1800 X80.62 Y90.783 E0.13506
G0 F7200 X80.585 Y91.384
G1 F1800 X84.451 Y87.517 E0.1364
G0 F7200 X84.454 Y88.08
G1 F1800 X80.549 Y91.985 E0.13776
G0 F7200 X80.578 Y92.522
G1 F1800 X84.456 Y88.644 E0.13681
G0 F7200 X84.459 Y89.206
G1 F1800 X80.626 Y93.04 E0.13524
G0 F7200 X80.673 Y93.558
G1 F1800 X84.462 Y89.769 E0.13367
G0 F7200 X84.46 Y90.336
G1 F1800 X81.025 Y93.772 E0.1212
G0 F7200 X81.6 Y93.762
G1 F1800 X84.455 Y90.907 E0.10072
G0 F7200 X84.451 Y91.477
G1 F1800 X82.175 Y93.753 E0.08029
G0 F7200 X82.75 Y93.744
G1 F1800 X84.447 Y92.047 E0.05987
G0 F7200 X84.444 Y92.615
G1 F1800 X83.325 Y93.734 E0.03948
G0 F7200 X83.9 Y93.725
G1 F1800 X84.446 Y93.18 E0.01924
G1 F4200 E-3.5
G0 F7200 X84.928 Y93.179
G0 X85.233 Y94.024
G0 X86.298 Y94.019
G0 X93.7 Y94.013
G0 X94.765 Y94.011
G0 X97.21 Y93.968
G0 X97.208 Y94.105
;TYPE:FILL
G1 F4200 E3.5
G1 F3600 X103.972 Y87.342 E0.2386
G1 X104.042 Y87.272
G0 F7200 X103.841 Y87.269
G0 X103.841 Y92.667
G0 X103.981 Y92.667
G1 F3600 X97.111 Y85.797 E0.24236
G1 X97.041 Y85.727
G0 F7200 X97.043 Y85.937
G0 X102.531 Y94.051
G0 X102.529 Y94.348
;TYPE:WALL-INNER
G1 F3600 X104.151 Y94.362 E0.04046
G1 X104.14 Y92.444 E0.04785
G1 X104.104 Y91.035 E0.03516
G1 X104.092 Y89.929 E0.02759
G1 X104.152 Y86.36 E0.08904
G1 X104.158 Y85.526 E0.0208
G1 X102.479 Y85.541 E0.04188
G1 X95.758 Y85.66 E0.16768
G1 X94.934 Y85.663 E0.02055
G1 X94.948 Y87.525 E0.04645
G1 X94.98 Y88.48 E0.02384
G1 X94.989 Y89.935 E0.0363
G1 X94.961 Y92.375 E0.06087
G1 X94.964 Y94.244 E0.04662
G1 X96.854 Y94.26 E0.04715
G1 X102.529 Y94.348 E0.14158
G0 F7200 X102.525 Y94.748
;TYPE:WALL-OUTER
G1 F1800 X104.596 Y94.766 E0.05166
G1 X104.548 Y93.886 E0.02198
G1 X104.54 Y92.434 E0.03622
G1 X104.504 Y91.031 E0.03501
G1 X104.492 Y89.936 E0.02732
G1 X104.552 Y86.364 E0.08912
G1 X104.562 Y85.122 E0.03098
G1 X102.472 Y85.141 E0.05214
G1 X95.757 Y85.26 E0.16753
G1 X94.53 Y85.264 E0.03061
G1 X94.548 Y87.538 E0.05673
G1 X94.58 Y88.482 E0.02356
G1 X94.589 Y89.931 E0.03615
G1 X94.561 Y92.375 E0.06097
G1 X94.564 Y94.641 E0.05653
G1 X96.848 Y94.66 E0.05698
G1 X102.525 Y94.748 E0.14163
G0 F7200 X102.725 Y94.749
G0 X102.733 Y93.752
G1 F4200 E-3.5
;MESH:NONMESH
G0 F600 X102.733 Y93.752 Z1.4
G0 F7200 X94.811 Y89.933
G0 X93.726 Y89.925
G0 X86.308 Y89.973
G0 X75.998 Y87.312
;TIME_ELAPSED:151.769098
;LAYER:8
;TYPE:FILL
;MESH:pi 3mm_deformed_tet.stl
G1 F4200 E3.5
G1 F3600 X82.845 Y94.158 E0.24153
G1 X82.915 Y94.228
G0 F7200 X82.911 Y94.018
G0 X76.145 Y92.684
G0 X76.004 Y92.682
G1 F3600 X82.826 Y85.86 E0.24066
G1 X82.896 Y85.79
G0 F7200 X82.891 Y86.003
G0 X78.667 Y94.104
G0 X78.684 Y94.4
;TYPE:WALL-INNER
G1 F3600 X83.202 Y94.312 E0.11272
G1 X85.038 Y94.308 E0.0458
G1 X85.02 Y92.43 E0.04685
G1 X85.04 Y89.984 E0.06102
G1 X85.019 Y85.727 E0.10619
G1 X83.113 Y85.708 E0.04755
G1 X80.256 Y85.64 E0.07129
G1 X77.487 Y85.593 E0.06908
G1 X75.81 Y85.584 E0.04183
G1 X75.881 Y90.018 E0.11062
G1 X75.833 Y93.498 E0.08682
G1 X75.83 Y94.432 E0.0233
G1 X78.684 Y94.4 E0.0712
G0 F7200 X78.692 Y94.8
;TYPE:WALL-OUTER
G1 F1800 X83.202 Y94.712 E0.11252
G1 X85.442 Y94.708 E0.05588
G1 X85.42 Y92.434 E0.05673
G1 X85.44 Y89.982 E0.06117
G1 X85.417 Y85.331 E0.11602
G1 X83.123 Y85.308 E0.05723
G1 X80.263 Y85.24 E0.07136
G1 X77.489 Y85.193 E0.06921
G1 X75.404 Y85.182 E0.05201
G1 X75.481 Y90.019 E0.12067
G1 X75.433 Y93.497 E0.08677
G1 X75.429 Y94.837 E0.03343
G1 X78.692 Y94.8 E0.0814
G0 F7200 X78.891 Y94.797
G0 X78.873 Y93.799
G1 F4200 E-3.5
G0 F7200 X85.233 Y94.161
G0 X86.298 Y94.144
G0 X93.703 Y94.15
G0 X94.768 Y94.148
G0 X97.21 Y93.969
G0 X97.208 Y94.105
;TYPE:FILL
G1 F4200 E3.5
G1 F3600 X103.973 Y87.34 E0.23865
G1 X104.043 Y87.27
G0 F7200 X103.84 Y87.267
G0 X103.838 Y92.664
G0 X103.977 Y92.664
G1 F3600 X97.104 Y85.79 E0.24248
G1 X97.034 Y85.72
G0 F7200 X97.037 Y85.936
G0 X102.573 Y94.052
G0 X102.568 Y94.348
;TYPE:WALL-INNER
G1 F3600 X104.178 Y94.363 E0.04016
G1 X104.144 Y93.736 E0.01566
G1 X104.136 Y92.441 E0.0323
G1 X104.104 Y91.182 E0.03142
G1 X104.092 Y89.933 E0.03116
G1 X104.156 Y86.213 E0.09281
G1 X104.16 Y85.526 E0.01714
G1 X102.523 Y85.541 E0.04084
G1 X95.614 Y85.66 E0.17237
G1 X94.935 Y85.663 E0.01694
G1 X94.952 Y87.525 E0.04645
G1 X94.984 Y88.624 E0.02743
G1 X94.992 Y89.935 E0.0327
G1 X94.965 Y92.375 E0.06087
G1 X94.968 Y94.244 E0.04662
G1 X96.85 Y94.26 E0.04695
G1 X102.568 Y94.348 E0.14265
G0 F7200 X102.564 Y94.748
;TYPE:WALL-OUTER
G1 F1800 X104.6 Y94.766 E0.05079
G1 X104.544 Y93.734 E0.02578
G1 X104.536 Y92.431 E0.0325
G1 X104.504 Y91.178 E0.03127
G1 X104.492 Y89.94 E0.03088
G1 X104.556 Y86.215 E0.09293
G1 X104.562 Y85.122 E0.02727
G1 X102.516 Y85.141 E0.05104
G1 X95.613 Y85.26 E0.17222
G1 X94.531 Y85.264 E0.02699
G1 X94.552 Y87.537 E0.0567
G1 X94.584 Y88.626 E0.02718
G1 X94.592 Y89.931 E0.03255
G1 X94.565 Y92.375 E0.06097
G1 X94.568 Y94.641 E0.05653
G1 X96.844 Y94.66 E0.05678
G1 X102.564 Y94.748 E0.1427
G0 F7200 X102.764 Y94.749
G0 X102.773 Y93.753
G1 F4200 E-3.5
;MESH:NONMESH
G0 F600 X102.773 Y93.753 Z1.55
G0 F7200 X94.815 Y89.933
G0 X93.73 Y89.924
G0 X86.305 Y89.97
G0 X85.24 Y89.975
G0 X76.137 Y87.31
G0 X75.998 Y87.311
;TIME_ELAPSED:159.168301
;LAYER:9
;TYPE:FILL
;MESH:pi 3mm_deformed_tet.stl
G1 F4200 E3.5
G1 F3600 X82.845 Y94.158 E0.24155
G1 X82.915 Y94.228
G0 F7200 X82.912 Y94.019
G0 X76.145 Y92.678
G0 X76.01 Y92.676
G1 F3600 X82.825 Y85.861 E0.24042
G1 X82.895 Y85.791
G0 F7200 X82.89 Y86.003
G0 X77.492 Y94.123
G0 X77.506 Y94.42
;TYPE:WALL-INNER
G1 F3600 X83.198 Y94.312 E0.14201
G1 X85.035 Y94.308 E0.04582
G1 X85.02 Y92.433 E0.04677
G1 X85.036 Y89.988 E0.06099
G1 X85.018 Y85.727 E0.10629
G1 X83.117 Y85.708 E0.04742
G1 X80.256 Y85.64 E0.07139
G1 X77.443 Y85.593 E0.07018
G1 X75.81 Y85.584 E0.04074
G1 X75.881 Y90.011 E0.11045
G1 X75.833 Y93.641 E0.09056
G1 X75.831 Y94.434 E0.01978
G1 X77.506 Y94.42 E0.04178
G0 F7200 X77.514 Y94.82
;TYPE:WALL-OUTER
G1 F1800 X83.198 Y94.712 E0.14181
G1 X85.438 Y94.708 E0.05588
G1 X85.42 Y92.436 E0.05668
G1 X85.436 Y89.986 E0.06112
G1 X85.416 Y85.331 E0.11612
G1 X83.127 Y85.308 E0.0571
G1 X80.263 Y85.24 E0.07146
G1 X77.445 Y85.193 E0.07031
G1 X75.404 Y85.182 E0.05091
G1 X75.481 Y90.017 E0.12062
G1 X75.433 Y93.64 E0.09038
G1 X75.429 Y94.838 E0.02988
G1 X77.514 Y94.82 E0.05201
G0 F7200 X77.713 Y94.817
G0 X77.696 Y93.819
G1 F4200 E-3.5
G0 F7200 X85.231 Y94.156
G0 X86.296 Y94.139
G0 X93.706 Y94.14
G0 X94.771 Y94.138
G0 X97.209 Y93.97
G0 X97.207 Y94.107
;TYPE:FILL
G1 F4200 E3.5
G1 F3600 X103.972 Y87.342 E0.23865
G1 X104.042 Y87.272
G0 F7200 X103.839 Y87.269
G0 X103.834 Y92.66
G0 X103.974 Y92.66
G1 F3600 X97.103 Y85.79 E0.24238
G1 X97.033 Y85.72
G0 F7200 X97.035 Y85.934
G0 X102.615 Y94.053
G0 X102.612 Y94.352
;TYPE:WALL-INNER
G1 F3600 X104.18 Y94.366 E0.03912
G1 X104.14 Y93.585 E0.01951
G1 X104.132 Y92.441 E0.02854
G1 X104.104 Y91.331 E0.0277
G1 X104.088 Y89.933 E0.03488
G1 X104.159 Y85.525 E0.10997
G1 X102.566 Y85.537 E0.03974
G1 X95.467 Y85.66 E0.17711
G1 X94.934 Y85.662 E0.0133
G1 X94.952 Y87.524 E0.04645
G1 X94.988 Y88.767 E0.03102
G1 X94.996 Y89.936 E0.02916
G1 X94.964 Y92.382 E0.06102
G1 X94.971 Y94.247 E0.04652
G1 X96.842 Y94.26 E0.04667
G1 X102.612 Y94.352 E0.14395
G0 F7200 X102.608 Y94.752
;TYPE:WALL-OUTER
G1 F1800 X104.601 Y94.77 E0.04972
G1 X104.54 Y93.582 E0.02967
G1 X104.532 Y92.431 E0.02871
G1 X104.504 Y91.327 E0.02755
G1 X104.488 Y89.94 E0.0346
G1 X104.556 Y86.068 E0.0966
G1 X104.562 Y85.122 E0.0236
G1 X102.559 Y85.137 E0.04997
G1 X95.465 Y85.26 E0.17699
G1 X94.53 Y85.264 E0.02332
G1 X94.552 Y87.535 E0.05665
G1 X94.588 Y88.77 E0.03082
G1 X94.596 Y89.931 E0.02896
G1 X94.564 Y92.383 E0.06117
G1 X94.572 Y94.645 E0.05643
G1 X96.836 Y94.66 E0.05648
G1 X102.608 Y94.752 E0.144
G0 F7200 X102.808 Y94.753
G0 X102.817 Y93.754
G1 F4200 E-3.5
;MESH:NONMESH
G0 F600 X102.817 Y93.754 Z1.7
G0 F7200 X94.819 Y89.933
G0 X93.734 Y89.924
G0 X86.303 Y89.97
G0 X85.238 Y89.975
G0 X76.138 Y87.31
G0 X75.998 Y87.311
;TIME_ELAPSED:166.584854
;LAYER:10
;TYPE:FILL
;MESH:pi 3mm_deformed_tet.stl
G1 F4200 E3.5
G1 F3600 X82.845 Y94.159 E0.24156
G1 X82.915 Y94.229
G0 F7200 X82.912 Y94.021
G0 X76.145 Y92.68
G0 X76.008 Y92.678
G1 F3600 X82.825 Y85.861 E0.24049
G1 X82.895 Y85.791
G0 F7200 X82.89 Y86.003
G0 X78.908 Y94.101
G0 X78.927 Y94.4
;TYPE:WALL-INNER
G1 F3600 X83.201 Y94.312 E0.10664
G1 X85.034 Y94.305 E0.04572
G1 X85.016 Y92.44 E0.04652
G1 X85.036 Y89.99 E0.06112
G1 X85.018 Y85.727 E0.10634
G1 X83.125 Y85.708 E0.04722
G1 X80.241 Y85.64 E0.07196
G1 X77.404 Y85.593 E0.07078
G1 X75.81 Y85.584 E0.03976
G1 X75.881 Y90.018 E0.11062
G1 X75.828 Y93.789 E0.09408
G1 X75.828 Y94.433 E0.01606
G1 X78.927 Y94.4 E0.07731
G0 F7200 X78.935 Y94.8
;TYPE:WALL-OUTER
G1 F1800 X83.202 Y94.712 E0.10646
G1 X85.438 Y94.704 E0.05578
G1 X85.416 Y92.444 E0.05638
G1 X85.436 Y89.988 E0.06127
G1 X85.416 Y85.331 E0.11617
G1 X83.135 Y85.308 E0.0569
G1 X80.248 Y85.24 E0.07204
G1 X77.406 Y85.193 E0.0709
G1 X75.404 Y85.182 E0.04994
G1 X75.481 Y90.019 E0.12067
G1 X75.428 Y93.789 E0.09405
G1 X75.428 Y94.837 E0.02614
G1 X78.935 Y94.8 E0.08749
G0 F7200 X79.134 Y94.796
G0 X79.117 Y93.796
G1 F4200 E-3.5
G0 F7200 X85.231 Y94.169
G0 X86.296 Y94.152
G0 X93.708 Y94.153
G0 X94.773 Y94.151
G0 X97.206 Y93.971
G0 X97.204 Y94.11
;TYPE:FILL
G1 F4200 E3.5
G1 F3600 X103.973 Y87.34 E0.23881
G1 X104.043 Y87.27
G0 F7200 X103.839 Y87.267
G0 X103.831 Y92.656
G0 X103.97 Y92.656
G1 F3600 X97.105 Y85.791 E0.24218
G1 X97.035 Y85.721
G0 F7200 X97.037 Y85.935
G0 X102.658 Y94.054
G0 X102.656 Y94.352
;TYPE:WALL-INNER
G1 F3600 X104.183 Y94.366 E0.03809
G1 X104.136 Y93.459 E0.02266
G1 X104.128 Y92.443 E0.02535
G1 X104.104 Y91.483 E0.02395
G1 X104.088 Y89.933 E0.03867
G1 X104.162 Y85.523 E0.11002
G1 X94.937 Y85.662 E0.23014
G1 X94.952 Y87.531 E0.04662
G1 X94.992 Y88.911 E0.03444
G1 X95 Y89.936 E0.02557
G1 X94.968 Y92.386 E0.06112
G1 X94.972 Y94.248 E0.04645
G1 X96.838 Y94.264 E0.04655
G1 X102.656 Y94.352 E0.14515
G0 F7200 X102.652 Y94.752
;TYPE:WALL-OUTER
G1 F1800 X104.605 Y94.77 E0.04872
G1 X104.536 Y93.43 E0.03347
G1 X104.528 Y92.433 E0.02487
G1 X104.504 Y91.479 E0.02381
G1 X104.488 Y89.94 E0.03839
G1 X104.56 Y85.925 E0.10017
G1 X104.566 Y85.121 E0.02006
G1 X103.755 Y85.125 E0.02023
G1 X95.321 Y85.26 E0.21041
G1 X94.534 Y85.264 E0.01963
G1 X94.552 Y87.542 E0.05683
G1 X94.592 Y88.914 E0.03424
G1 X94.6 Y89.931 E0.02537
G1 X94.568 Y92.386 E0.06125
G1 X94.572 Y94.645 E0.05635
G1 X96.832 Y94.664 E0.05638
G1 X102.652 Y94.752 E0.1452
G0 F7200 X102.852 Y94.753
G0 X102.86 Y93.755
G1 F4200 E-3.5
;MESH:NONMESH
G0 F600 X102.86 Y93.755 Z1.85
G0 F7200 X94.823 Y89.933
G0 X93.738 Y89.923
G0 X86.301 Y89.968
G0 X85.236 Y89.973
G0 X76.138 Y87.312
G0 X75.999 Y87.313
;TIME_ELAPSED:173.981258
;LAYER:11
;TYPE:FILL
;MESH:pi 3mm_deformed_tet.stl
G1 F4200 E3.5
G1 F3600 X82.848 Y94.162 E0.24162
G1 X82.918 Y94.232
G0 F7200 X82.915 Y94.021
G0 X76.146 Y92.68
G0 X76.008 Y92.678
G1 F3600 X82.825 Y85.861 E0.24049
G1 X82.895 Y85.791
G0 F7200 X82.89 Y86.003
G0 X77.406 Y94.126
G0 X77.42 Y94.424
;TYPE:WALL-INNER
G1 F3600 X83.2 Y94.316 E0.14421
G1 X85.033 Y94.306 E0.04573
G1 X85.012 Y92.462 E0.046
G1 X85.032 Y89.99 E0.06167
G1 X85.014 Y85.727 E0.10634
G1 X83.129 Y85.708 E0.04702
G1 X80.225 Y85.64 E0.07246
G1 X77.364 Y85.593 E0.07138
G1 X75.811 Y85.584 E0.03874
G1 X75.885 Y90.009 E0.1104
G1 X75.827 Y94.435 E0.11042
G1 X77.42 Y94.424 E0.03974
G0 F7200 X77.427 Y94.824
;TYPE:WALL-OUTER
G1 F1800 X83.202 Y94.716 E0.14408
G1 X85.437 Y94.704 E0.05575
G1 X85.412 Y92.465 E0.05586
G1 X85.432 Y89.988 E0.06179
G1 X85.412 Y85.331 E0.11617
G1 X83.139 Y85.308 E0.0567
G1 X80.232 Y85.24 E0.07254
G1 X77.366 Y85.193 E0.0715
G1 X75.404 Y85.182 E0.04894
G1 X75.485 Y90.016 E0.1206
G1 X75.429 Y93.935 E0.09777
G1 X75.425 Y94.838 E0.02253
G1 X77.427 Y94.824 E0.04994
G0 F7200 X77.626 Y94.821
G0 X77.609 Y93.822
G1 F4200 E-3.5
G0 F7200 X85.229 Y94.165
G0 X86.294 Y94.148
G0 X93.711 Y94.149
G0 X94.776 Y94.147
G0 X97.206 Y93.972
G0 X97.204 Y94.11
;TYPE:FILL
G1 F4200 E3.5
G1 F3600 X103.972 Y87.341 E0.23878
G1 X104.042 Y87.271
G0 F7200 X103.837 Y87.268
G0 X103.827 Y92.652
G0 X103.966 Y92.652
G1 F3600 X97.105 Y85.791 E0.24204
G1 X97.035 Y85.721
G0 F7200 X97.037 Y85.932
G0 X102.7 Y94.055
G0 X102.696 Y94.352
;TYPE:WALL-INNER
G1 F3600 X104.187 Y94.365 E0.03719
G1 X104.132 Y93.308 E0.0264
G1 X104.124 Y92.446 E0.0215
G1 X104.104 Y91.63 E0.02036
G1 X104.088 Y89.929 E0.04243
G1 X104.162 Y85.525 E0.10987
G1 X102.649 Y85.536 E0.03774
G1 X94.938 Y85.664 E0.19238
G1 X94.952 Y87.532 E0.0466
G1 X95 Y89.061 E0.03816
G1 X95.004 Y89.94 E0.02193
G1 X94.972 Y92.398 E0.06132
G1 X94.976 Y94.248 E0.04615
G1 X96.837 Y94.264 E0.04642
G1 X102.696 Y94.352 E0.14617
G0 F7200 X102.692 Y94.752
;TYPE:WALL-OUTER
G1 F1800 X104.609 Y94.769 E0.04782
G1 X104.532 Y93.278 E0.03724
G1 X104.524 Y92.436 E0.021
G1 X104.504 Y91.626 E0.02021
G1 X104.488 Y89.936 E0.04216
G1 X104.566 Y85.122 E0.1201
G1 X102.643 Y85.136 E0.04797
G1 X95.172 Y85.264 E0.18639
G1 X94.534 Y85.264 E0.01591
G1 X94.552 Y87.544 E0.05688
G1 X94.6 Y89.063 E0.03791
G1 X94.604 Y89.935 E0.02175
G1 X94.572 Y92.398 E0.06144
G1 X94.576 Y94.645 E0.05605
G1 X96.831 Y94.664 E0.05625
G1 X102.692 Y94.752 E0.14622
G0 F7200 X102.892 Y94.753
G0 X102.901 Y93.756
G1 F4200 E-3.5
;MESH:NONMESH
G0 F600 X102.901 Y93.756 Z2
G0 F7200 X94.826 Y89.934
G0 X93.741 Y89.924
G0 X86.299 Y89.969
G0 X85.234 Y89.974
G0 X76.139 Y87.311
G0 X75.998 Y87.312
;TIME_ELAPSED:181.399376
;LAYER:12
;TYPE:FILL
;MESH:pi 3mm_deformed_tet.stl
G1 F4200 E3.5
G1 F3600 X82.848 Y94.162 E0.24165
G1 X82.918 Y94.232
G0 F7200 X82.914 Y94.023
G0 X76.146 Y92.682
G0 X76.006 Y92.68
G1 F3600 X82.826 Y85.86 E0.24059
G1 X82.896 Y85.79
G0 F7200 X82.891 Y86.002
G0 X79.149 Y94.099
G0 X79.167 Y94.396
;TYPE:WALL-INNER
G1 F3600 X83.189 Y94.316 E0.10035
G1 X85.027 Y94.306 E0.04585
G1 X85.012 Y92.463 E0.04598
G1 X85.032 Y89.99 E0.06169
G1 X85.014 Y85.726 E0.10637
G1 X83.133 Y85.708 E0.04692
G1 X80.202 Y85.636 E0.07314
G1 X77.324 Y85.589 E0.0718
G1 X75.811 Y85.583 E0.03774
G1 X75.884 Y90.029 E0.11092
G1 X75.824 Y94.438 E0.10999
G1 X79.167 Y94.396 E0.0834
G0 F7200 X79.175 Y94.796
;TYPE:WALL-OUTER
G1 F1800 X83.191 Y94.716 E0.1002
G1 X85.433 Y94.704 E0.05593
G1 X85.412 Y92.466 E0.05583
G1 X85.432 Y89.988 E0.06182
G1 X85.412 Y85.33 E0.1162
G1 X83.143 Y85.308 E0.0566
G1 X80.209 Y85.236 E0.07321
G1 X77.326 Y85.189 E0.07193
G1 X75.404 Y85.181 E0.04794
G1 X75.484 Y90.023 E0.1208
G1 X75.424 Y94.083 E0.10129
G1 X75.424 Y94.839 E0.01886
G1 X76.213 Y94.836 E0.01968
G1 X79.175 Y94.796 E0.07389
G0 F7200 X79.374 Y94.793
G0 X79.355 Y93.794
G1 F4200 E-3.5
G1 F600 Z2.5
G0 F7200 X79.357 Y93.794 Z2.5
G0 X97.204 Y94.11
;TYPE:FILL
G1 F600 Z2
G1 F4200 E3.5
G1 F3600 X103.972 Y87.342 E0.23876
G1 X104.042 Y87.272
G0 F7200 X103.836 Y87.269
G0 X103.821 Y92.649
G0 X103.962 Y92.648
G1 F3600 X97.103 Y85.79 E0.24195
G1 X97.033 Y85.72
G0 F7200 X97.035 Y85.93
G0 X102.743 Y94.056
G0 X102.739 Y94.352
;TYPE:WALL-INNER
G1 F3600 X104.191 Y94.365 E0.03622
G1 X104.128 Y93.151 E0.03032
G1 X104.084 Y89.932 E0.08031
G1 X104.164 Y85.525 E0.10995
G1 X102.692 Y85.533 E0.03672
G1 X94.939 Y85.664 E0.19343
G1 X94.956 Y87.532 E0.0466
G1 X95.004 Y89.204 E0.04173
G1 X95.009 Y89.934 E0.01821
G1 X94.972 Y92.402 E0.06157
G1 X94.976 Y94.248 E0.04605
G1 X96.835 Y94.264 E0.04637
G1 X102.739 Y94.352 E0.14729
G0 F7200 X102.735 Y94.752
;TYPE:WALL-OUTER
G1 F1800 X104.613 Y94.769 E0.04685
G1 X104.528 Y93.123 E0.04111
G1 X104.484 Y89.94 E0.07941
G1 X104.564 Y85.63 E0.10753
G1 X104.566 Y85.122 E0.01267
G1 X102.686 Y85.133 E0.0469
G1 X94.535 Y85.272 E0.20336
G1 X94.556 Y87.543 E0.05665
G1 X94.604 Y89.206 E0.0415
G1 X94.609 Y89.933 E0.01814
G1 X94.572 Y92.402 E0.0616
G1 X94.576 Y94.645 E0.05595
G1 X96.829 Y94.664 E0.0562
G1 X102.735 Y94.752 E0.14734
G0 F7200 X102.935 Y94.753
G0 X102.944 Y93.757
G1 F4200 E-3.5
;MESH:NONMESH
G0 F600 X102.944 Y93.757 Z2.15
G0 F7200 X94.83 Y89.935
G0 X93.745 Y89.924
G0 X86.297 Y89.97
G0 X85.232 Y89.975
G0 X76.14 Y87.315
G0 X76.003 Y87.316
;TIME_ELAPSED:188.797744
;LAYER:13
;TYPE:FILL
;MESH:pi 3mm_deformed_tet.stl
G1 F4200 E3.5
G1 F3600 X82.849 Y94.163 E0.24153
G1 X82.919 Y94.233
G0 F7200 X82.915 Y94.024
G0 X76.146 Y92.678
G0 X76.01 Y92.676
G1 F3600 X82.826 Y85.86 E0.24045
G1 X82.896 Y85.79
G0 F7200 X82.891 Y86.003
G0 X79.27 Y94.098
G0 X79.288 Y94.396
;TYPE:WALL-INNER
G1 F3600 X83.196 Y94.316 E0.09751
G1 X85.029 Y94.306 E0.04573
G1 X85.008 Y92.463 E0.04598
G1 X85.028 Y89.992 E0.06164
G1 X85.01 Y85.726 E0.10642
G1 X83.137 Y85.708 E0.04672
G1 X79.199 Y85.616 E0.09826
G1 X75.815 Y85.581 E0.08442
G1 X75.885 Y90.01 E0.1105
G1 X75.824 Y94.437 E0.11044
G1 X79.288 Y94.396 E0.08642
G0 F7200 X79.296 Y94.796
;TYPE:WALL-OUTER
G1 F1800 X83.198 Y94.716 E0.09736
G1 X85.433 Y94.704 E0.05575
G1 X85.408 Y92.466 E0.05583
G1 X85.428 Y89.99 E0.06177
G1 X85.408 Y85.33 E0.11625
G1 X83.147 Y85.308 E0.0564
G1 X79.204 Y85.216 E0.09839
G1 X76.254 Y85.181 E0.07359
G1 X75.408 Y85.181 E0.0211
G1 X75.485 Y90.016 E0.12062
G1 X75.422 Y94.839 E0.12032
G1 X76.31 Y94.836 E0.02215
G1 X79.296 Y94.796 E0.07449
G0 F7200 X79.495 Y94.792
G0 X79.476 Y93.793
G1 F4200 E-3.5
G0 F7200 X85.227 Y94.171
G0 X86.291 Y94.154
G0 X93.716 Y94.152
G0 X94.781 Y94.149
G0 X97.206 Y93.974
G0 X97.204 Y94.11
;TYPE:FILL
G1 F4200 E3.5
G1 F3600 X103.967 Y87.347 E0.23858
G1 X104.037 Y87.277
G0 F7200 X103.836 Y87.274
G0 X103.818 Y92.644
G0 X103.957 Y92.643
G1 F3600 X97.101 Y85.788 E0.24185
G1 X97.031 Y85.718
G0 F7200 X97.033 Y85.93
G0 X102.828 Y94.057
G0 X102.826 Y94.356
;TYPE:WALL-INNER
G1 F3600 X104.194 Y94.367 E0.03413
G1 X104.12 Y92.976 E0.03475
G1 X104.084 Y89.933 E0.07591
G1 X104.157 Y85.521 E0.11007
G1 X102.738 Y85.532 E0.0354
G1 X94.938 Y85.664 E0.1946
G1 X94.956 Y87.532 E0.0466
G1 X95.008 Y89.347 E0.04529
G1 X95.012 Y89.941 E0.01482
G1 X94.976 Y92.418 E0.0618
G1 X94.98 Y94.251 E0.04572
G1 X96.838 Y94.264 E0.04635
G1 X102.826 Y94.356 E0.14939
G0 F7200 X102.823 Y94.756
;TYPE:WALL-OUTER
G1 F1800 X104.616 Y94.77 E0.04473
G1 X104.52 Y92.971 E0.04494
G1 X104.484 Y89.94 E0.07561
G1 X104.564 Y85.118 E0.1203
G1 X102.732 Y85.132 E0.0457
G1 X94.534 Y85.264 E0.20453
G1 X94.556 Y87.543 E0.05685
G1 X94.608 Y89.35 E0.04509
G1 X94.612 Y89.935 E0.01459
G1 X94.576 Y92.418 E0.06195
G1 X94.58 Y94.649 E0.05565
G1 X96.832 Y94.664 E0.05618
G1 X102.823 Y94.756 E0.14946
G0 F7200 X103.023 Y94.757
G0 X103.031 Y93.759
G1 F4200 E-3.5
;MESH:NONMESH
G0 F600 X103.031 Y93.759 Z2.3
G0 F7200 X94.834 Y89.935
G0 X93.749 Y89.923
G0 X86.294 Y89.967
G0 X85.229 Y89.971
G0 X76.141 Y87.314
G0 X76.001 Y87.315
;TIME_ELAPSED:196.188350
;LAYER:14
;TYPE:FILL
;MESH:pi 3mm_deformed_tet.stl
G1 F4200 E3.5
G1 F3600 X82.85 Y94.163 E0.2416
G1 X82.92 Y94.233
G0 F7200 X82.916 Y94.025
G0 X76.147 Y92.681
G0 X76.007 Y92.679
G1 F3600 X82.826 Y85.86 E0.24056
G1 X82.896 Y85.79
G0 F7200 X82.891 Y86.002
G0 X79.39 Y94.097
G0 X79.409 Y94.396
;TYPE:WALL-INNER
G1 F3600 X83.187 Y94.316 E0.09426
G1 X85.028 Y94.306 E0.04592
G1 X85.004 Y92.462 E0.046
G1 X85.028 Y89.992 E0.06162
G1 X85.01 Y85.727 E0.10639
G1 X83.145 Y85.708 E0.04653
G1 X80.167 Y85.636 E0.07431
G1 X77.241 Y85.589 E0.073
G1 X75.812 Y85.583 E0.03565
G1 X75.889 Y90.018 E0.11065
G1 X75.82 Y94.438 E0.11027
G1 X79.409 Y94.396 E0.08953
G0 F7200 X79.39 Y94.097
G0 X76.39 Y94.139
G0 X76.402 Y94.836
;TYPE:WALL-OUTER
G1 F1800 X79.417 Y94.796 E0.07522
G1 X83.195 Y94.716 E0.09426
G1 X85.433 Y94.704 E0.05583
G1 X85.404 Y92.466 E0.05583
G1 X85.428 Y89.99 E0.06177
G1 X85.408 Y85.331 E0.11622
G1 X83.155 Y85.308 E0.0562
G1 X80.173 Y85.236 E0.07441
G1 X77.243 Y85.189 E0.0731
G1 X75.404 Y85.181 E0.04587
G1 X75.489 Y90.019 E0.1207
G1 X75.413 Y94.839 E0.12025
G1 X76.402 Y94.836 E0.02467
G0 F7200 X76.602 Y94.834
G0 X76.589 Y93.835
G1 F4200 E-3.5
G0 F7200 X85.227 Y94.126
G0 X86.291 Y94.112
G0 X93.718 Y94.107
G0 X94.784 Y94.104
G0 X97.206 Y93.974
G0 X97.204 Y94.11
;TYPE:FILL
G1 F4200 E3.5
G1 F3600 X103.966 Y87.347 E0.23857
G1 X104.036 Y87.277
G0 F7200 X103.831 Y87.274
G0 X103.816 Y92.641
G0 X103.954 Y92.64
G1 F3600 X97.096 Y85.783 E0.24192
G1 X97.026 Y85.713
G0 F7200 X97.028 Y85.928
G0 X102.828 Y94.059
G0 X102.824 Y94.356
;TYPE:WALL-INNER
G1 F3600 X104.195 Y94.366 E0.0342
G1 X104.116 Y92.847 E0.03794
G1 X104.084 Y89.933 E0.07269
G1 X104.157 Y85.525 E0.10997
G1 X102.786 Y85.533 E0.0342
G1 X94.941 Y85.655 E0.19572
G1 X94.956 Y87.539 E0.047
G1 X95.02 Y89.726 E0.05458
G1 X94.976 Y92.429 E0.06744
G1 X94.983 Y94.251 E0.04545
G1 X96.838 Y94.264 E0.04627
G1 X102.824 Y94.356 E0.14934
G0 F7200 X102.82 Y94.756
;TYPE:WALL-OUTER
G1 F1800 X104.617 Y94.77 E0.04483
G1 X104.516 Y92.819 E0.04873
G1 X104.484 Y89.94 E0.07182
G1 X104.564 Y85.122 E0.1202
G1 X102.78 Y85.133 E0.0445
G1 X94.538 Y85.261 E0.20562
G1 X94.556 Y87.551 E0.05713
G1 X94.62 Y89.72 E0.05413
G1 X94.576 Y92.43 E0.06761
G1 X94.584 Y94.649 E0.05535
G1 X96.832 Y94.664 E0.05608
G1 X102.82 Y94.756 E0.14939
G0 F7200 X103.02 Y94.757
G0 X103.028 Y93.76
G1 F4200 E-3.5
;MESH:NONMESH
G0 F600 X103.028 Y93.76 Z2.45
G0 F7200 X94.841 Y89.717
G0 X93.756 Y89.738
G0 X86.291 Y89.749
G0 X85.226 Y89.753
G0 X76.142 Y87.316
G0 X76.003 Y87.317
;TIME_ELAPSED:203.735640
;LAYER:15
;TYPE:FILL
;MESH:pi 3mm_deformed_tet.stl
G1 F4200 E3.5
G1 F3600 X82.85 Y94.163 E0.24153
G1 X82.92 Y94.233
G0 F7200 X82.916 Y94.025
G0 X76.147 Y92.68
G0 X76.008 Y92.678
G1 F3600 X82.826 Y85.86 E0.24052
G1 X82.896 Y85.79
G0 F7200 X82.891 Y86.002
G0 X79.51 Y94.096
G0 X79.527 Y94.392
;TYPE:WALL-INNER
G1 F3600 X83.205 Y94.316 E0.09177
G1 X85.024 Y94.307 E0.04538
G1 X85 Y92.462 E0.04603
G1 X85.024 Y89.993 E0.06159
G1 X85.009 Y85.727 E0.10642
G1 X83.148 Y85.708 E0.04643
G1 X80.141 Y85.632 E0.07503
G1 X77.203 Y85.589 E0.0733
G1 X75.815 Y85.583 E0.03462
G1 X75.888 Y90.03 E0.11095
G1 X75.823 Y94.436 E0.10992
G1 X76.494 Y94.436 E0.01674
G1 X79.527 Y94.392 E0.07567
G0 F7200 X79.51 Y94.096
G0 X76.484 Y94.139
G0 X76.5 Y94.836
;TYPE:WALL-OUTER
G1 F1800 X79.535 Y94.792 E0.07572
G1 X83.207 Y94.716 E0.09162
G1 X85.429 Y94.705 E0.05543
G1 X85.4 Y92.466 E0.05586
G1 X85.424 Y89.992 E0.06172
G1 X85.408 Y85.331 E0.11627
G1 X83.158 Y85.308 E0.05613
G1 X80.147 Y85.232 E0.07513
G1 X77.205 Y85.189 E0.0734
G1 X75.408 Y85.181 E0.04483
G1 X75.488 Y90.024 E0.12083
G1 X75.418 Y94.838 E0.1201
G1 X76.5 Y94.836 E0.02699
G0 F7200 X76.7 Y94.834
G0 X76.687 Y93.835
G1 F4200 E-3.5
G0 F7200 X85.225 Y94.139
G0 X86.29 Y94.125
G0 X93.72 Y94.12
G0 X94.786 Y94.117
G0 X97.202 Y93.975
G0 X97.2 Y94.113
;TYPE:FILL
G1 F4200 E3.5
G1 F3600 X103.964 Y87.349 E0.23862
G1 X104.034 Y87.279
G0 F7200 X103.831 Y87.276
G0 X103.813 Y92.639
G0 X103.952 Y92.638
G1 F3600 X97.098 Y85.784 E0.24179
G1 X97.028 Y85.714
G0 F7200 X97.03 Y85.925
G0 X96.85 Y93.97
G0 X96.846 Y94.268
;TYPE:WALL-INNER
G1 F3600 X104.199 Y94.369 E0.18344
G1 X104.112 Y92.672 E0.04239
G1 X104.08 Y89.933 E0.06833
G1 X104.157 Y85.523 E0.11002
G1 X103.35 Y85.525 E0.02013
G1 X94.941 Y85.655 E0.20979
G1 X94.956 Y87.541 E0.04705
G1 X95.02 Y89.938 E0.05981
G1 X94.98 Y92.434 E0.06227
G1 X94.984 Y94.252 E0.04535
G1 X96.846 Y94.268 E0.04645
G0 F7200 X96.85 Y93.97
G0 X102.871 Y94.06
G0 X102.863 Y94.756
;TYPE:WALL-OUTER
G1 F1800 X104.621 Y94.773 E0.04386
G1 X104.512 Y92.667 E0.0526
G1 X104.48 Y89.94 E0.06803
G1 X104.564 Y85.121 E0.12023
G1 X103.344 Y85.125 E0.03043
G1 X94.538 Y85.261 E0.21969
G1 X94.556 Y87.551 E0.05713
G1 X94.62 Y89.932 E0.05942
G1 X94.58 Y92.434 E0.06242
G1 X94.584 Y94.649 E0.05525
G1 X96.84 Y94.668 E0.05628
G1 X102.863 Y94.756 E0.15026
G0 F7200 X103.063 Y94.757
G0 X103.071 Y93.761
G1 F4200 E-3.5
;MESH:NONMESH
G0 F600 X103.071 Y93.761 Z2.6
G0 F7200 X94.842 Y89.931
G0 X93.757 Y89.949
G0 X86.29 Y89.963
G0 X85.225 Y89.967
G0 X76.143 Y87.316
G0 X76.003 Y87.317
;TIME_ELAPSED:211.431601
;LAYER:16
;TYPE:FILL
;MESH:pi 3mm_deformed_tet.stl
G1 F4200 E3.5
G1 F3600 X82.854 Y94.168 E0.24169
G1 X82.924 Y94.238
G0 F7200 X82.92 Y94.026
G0 X76.152 Y92.678
G0 X76.01 Y92.676
G1 F3600 X82.826 Y85.86 E0.24045
G1 X82.896 Y85.79
G0 F7200 X82.891 Y86.002
G0 X79.63 Y94.095
G0 X79.647 Y94.392
;TYPE:WALL-INNER
G1 F3600 X83.208 Y94.32 E0.08885
G1 X85.024 Y94.308 E0.0453
G1 X85 Y92.462 E0.04605
G1 X85.024 Y89.991 E0.06164
G1 X85.006 Y85.727 E0.10637
G1 X83.152 Y85.708 E0.04625
G1 X80.123 Y85.632 E0.07558
G1 X77.162 Y85.589 E0.07387
G1 X75.815 Y85.586 E0.0336
G1 X75.888 Y90.029 E0.11085
G1 X75.825 Y94.438 E0.10999
G1 X76.586 Y94.436 E0.01898
G1 X79.647 Y94.392 E0.07636
G0 F7200 X79.63 Y94.095
G0 X76.577 Y94.139
G0 X76.592 Y94.836
;TYPE:WALL-OUTER
G1 F1800 X79.655 Y94.792 E0.07641
G1 X83.21 Y94.72 E0.0887
G1 X85.429 Y94.705 E0.05535
G1 X85.4 Y92.466 E0.05586
G1 X85.424 Y89.989 E0.06179
G1 X85.404 Y85.331 E0.1162
G1 X83.162 Y85.308 E0.05593
G1 X80.129 Y85.232 E0.07568
G1 X77.163 Y85.189 E0.07399
G1 X75.408 Y85.185 E0.04378
G1 X75.488 Y90.023 E0.1207
G1 X75.419 Y94.839 E0.12015
G1 X76.592 Y94.836 E0.02926
G0 F7200 X76.792 Y94.834
G0 X76.779 Y93.835
G1 F4200 E-3.5
G0 F7200 X85.223 Y94.146
G0 X86.288 Y94.131
G0 X93.724 Y94.122
G0 X94.789 Y94.119
G0 X97.202 Y93.976
G0 X97.2 Y94.113
;TYPE:FILL
G1 F4200 E3.5
G1 F3600 X103.964 Y87.349 E0.23862
G1 X104.034 Y87.279
G0 F7200 X103.831 Y87.276
G0 X103.815 Y92.647
G0 X103.954 Y92.64
G1 F3600 X97.098 Y85.784 E0.24186
G1 X97.028 Y85.714
G0 F7200 X97.03 Y85.925
G0 X102.911 Y94.061
G0 X102.907 Y94.36
;TYPE:WALL-INNER
G1 F3600 X104.203 Y94.37 E0.03233
G1 X104.108 Y92.544 E0.04561
G1 X104.08 Y89.933 E0.06514
G1 X104.156 Y85.523 E0.11002
G1 X103.257 Y85.525 E0.02243
G1 X94.942 Y85.659 E0.20745
G1 X94.96 Y87.539 E0.0469
G1 X95.025 Y89.931 E0.05969
G1 X94.98 Y92.445 E0.06272
G1 X94.987 Y94.252 E0.04508
G1 X96.849 Y94.268 E0.04645
G1 X102.907 Y94.36 E0.15113
G0 F7200 X102.903 Y94.76
;TYPE:WALL-OUTER
G1 F1800 X104.625 Y94.774 E0.04296
G1 X104.508 Y92.515 E0.05643
G1 X104.48 Y89.94 E0.06424
G1 X104.564 Y85.121 E0.12023
G1 X103.251 Y85.125 E0.03275
G1 X94.538 Y85.265 E0.21737
G1 X94.56 Y87.549 E0.05698
G1 X94.625 Y89.929 E0.05939
G1 X94.58 Y92.446 E0.0628
G1 X94.588 Y94.649 E0.05495
G1 X96.843 Y94.668 E0.05625
G1 X102.903 Y94.76 E0.15118
G0 F7200 X103.103 Y94.761
G0 X103.11 Y93.762
G1 F4200 E-3.5
;MESH:NONMESH
G0 F600 X103.11 Y93.762 Z2.75
G0 F7200 X94.846 Y89.931
G0 X93.761 Y89.95
G0 X86.288 Y89.983
G0 X85.223 Y89.99
G0 X76.144 Y87.316
G0 X76.003 Y87.317
;TIME_ELAPSED:218.978556
;LAYER:17
;TYPE:FILL
;MESH:pi 3mm_deformed_tet.stl
G1 F4200 E3.5
G1 F3600 X82.853 Y94.167 E0.24165
G1 X82.923 Y94.237
G0 F7200 X82.919 Y94.027
G0 X76.151 Y92.678
G0 X76.01 Y92.676
G1 F3600 X82.827 Y85.859 E0.24049
G1 X82.897 Y85.789
G0 F7200 X82.892 Y86.002
G0 X79.752 Y94.093
G0 X79.769 Y94.392
;TYPE:WALL-INNER
G1 F3600 X83.211 Y94.32 E0.08588
G1 X85.023 Y94.308 E0.0452
G1 X84.996 Y92.462 E0.04605
G1 X85.02 Y89.995 E0.06154
G1 X85.005 Y85.727 E0.10647
G1 X83.16 Y85.708 E0.04603
G1 X80.107 Y85.632 E0.07618
G1 X77.122 Y85.589 E0.07447
G1 X75.815 Y85.586 E0.0326
G1 X75.888 Y90.029 E0.11085
G1 X75.825 Y94.438 E0.10999
G1 X76.679 Y94.436 E0.0213
G1 X79.769 Y94.392 E0.07709
G0 F7200 X79.752 Y94.093
G0 X76.67 Y94.139
G0 X76.685 Y94.836
;TYPE:WALL-OUTER
G1 F1800 X79.777 Y94.792 E0.07714
G1 X83.214 Y94.72 E0.08576
G1 X85.429 Y94.705 E0.05525
G1 X85.396 Y92.466 E0.05586
G1 X85.42 Y89.994 E0.06167
G1 X85.404 Y85.331 E0.11632
G1 X83.17 Y85.308 E0.05573
G1 X80.113 Y85.232 E0.07628
G1 X77.123 Y85.189 E0.07459
G1 X75.408 Y85.185 E0.04278
G1 X75.488 Y90.023 E0.1207
G1 X75.419 Y94.839 E0.12015
G1 X76.685 Y94.836 E0.03158
G0 F7200 X76.885 Y94.834
G0 X76.872 Y93.834
G1 F4200 E-3.5
G0 F7200 X85.221 Y94.152
G0 X86.286 Y94.136
G0 X93.724 Y94.133
G0 X94.79 Y94.13
G0 X97.196 Y93.976
G0 X97.194 Y94.119
;TYPE:FILL
G1 F4200 E3.5
G1 F3600 X103.972 Y87.341 E0.23911
G1 X104.042 Y87.271
G0 F7200 X103.836 Y87.268
G0 X103.821 Y92.65
G0 X103.958 Y92.644
G1 F3600 X97.098 Y85.785 E0.24199
G1 X97.028 Y85.715
G0 F7200 X97.03 Y85.926
G0 X102.958 Y94.062
G0 X102.954 Y94.36
;TYPE:WALL-INNER
G1 F3600 X104.207 Y94.37 E0.03126
G1 X104.108 Y92.472 E0.04741
G1 X104.08 Y89.927 E0.06349
G1 X104.132 Y87.36 E0.06405
G1 X104.158 Y85.522 E0.04585
G1 X103.161 Y85.525 E0.02487
G1 X94.942 Y85.659 E0.20505
G1 X94.96 Y87.545 E0.04705
G1 X95.028 Y89.939 E0.05974
G1 X94.985 Y92.376 E0.0608
G1 X94.988 Y94.254 E0.04685
G1 X99.871 Y94.308 E0.12181
G1 X102.954 Y94.36 E0.07692
G0 F7200 X102.95 Y94.76
;TYPE:WALL-OUTER
G1 F1800 X104.629 Y94.774 E0.04188
G1 X104.508 Y92.443 E0.05823
G1 X104.48 Y89.935 E0.06257
G1 X104.532 Y87.366 E0.0641
G1 X104.564 Y85.121 E0.05601
G1 X103.155 Y85.125 E0.03515
G1 X94.538 Y85.265 E0.21498
G1 X94.56 Y87.556 E0.05715
G1 X94.628 Y89.932 E0.05929
G1 X94.585 Y92.376 E0.06098
G1 X94.588 Y94.65 E0.05673
G1 X99.864 Y94.708 E0.13162
G1 X102.95 Y94.76 E0.07699
G0 F7200 X103.15 Y94.761
G0 X103.158 Y93.763
G1 F4200 E-3.5
;MESH:NONMESH
G0 F600 X103.158 Y93.763 Z2.9
G0 F7200 X94.848 Y89.932
G0 X93.763 Y89.951
G0 X86.286 Y89.984
G0 X85.221 Y89.991
G0 X76.145 Y87.318
G0 X76.005 Y87.319
;TIME_ELAPSED:226.525751
;LAYER:18
;TYPE:FILL
;MESH:pi 3mm_deformed_tet.stl
G1 F4200 E3.5
G1 F3600 X82.853 Y94.167 E0.24158
G1 X82.923 Y94.237
G0 F7200 X82.919 Y94.028
G0 X76.15 Y92.678
G0 X76.01 Y92.676
G1 F3600 X82.826 Y85.86 E0.24045
G1 X82.896 Y85.79
G0 F7200 X82.891 Y86.001
G0 X80.346 Y94.082
G0 X80.352 Y94.378
;TYPE:WALL-INNER
G1 F3600 X83.219 Y94.32 E0.07153
G1 X85.019 Y94.308 E0.0449
G1 X84.992 Y92.461 E0.04608
G1 X85.02 Y89.855 E0.06501
G1 X85 Y85.727 E0.10297
G1 X83.127 Y85.708 E0.04672
G1 X80.084 Y85.628 E0.07593
G1 X77.079 Y85.585 E0.07497
G1 X75.816 Y85.585 E0.03151
G1 X75.893 Y89.977 E0.10958
G1 X75.822 Y94.438 E0.11129
G1 X76.775 Y94.436 E0.02377
G1 X80.352 Y94.378 E0.08924
G0 F7200 X80.346 Y94.082
G0 X76.764 Y94.139
G0 X76.781 Y94.836
;TYPE:WALL-OUTER
G1 F1800 X80.36 Y94.778 E0.08929
G1 X83.222 Y94.72 E0.07141
G1 X85.425 Y94.705 E0.05496
G1 X85.392 Y92.465 E0.05588
G1 X85.42 Y89.852 E0.06519
G1 X85.4 Y85.331 E0.11278
G1 X83.138 Y85.308 E0.05643
G1 X80.09 Y85.228 E0.07606
G1 X77.079 Y85.185 E0.07512
G1 X75.408 Y85.185 E0.04168
G1 X75.493 Y89.974 E0.11948
G1 X75.416 Y94.839 E0.12137
G1 X76.781 Y94.836 E0.03405
G0 F7200 X76.981 Y94.833
G0 X76.966 Y93.834
G1 F4200 E-3.5
G1 F600 Z3.4
G0 F7200 X76.966 Y93.834 Z3.4
G0 X97.195 Y94.118
;TYPE:FILL
G1 F600 Z2.9
G1 F4200 E3.5
G1 F3600 X103.969 Y87.345 E0.23895
G1 X104.039 Y87.275
G0 F7200 X103.834 Y87.272
G0 X103.824 Y92.655
G0 X103.962 Y92.648
G1 F3600 X97.101 Y85.787 E0.24204
G1 X97.031 Y85.717
G0 F7200 X97.033 Y85.927
G0 X103.001 Y94.063
G0 X102.996 Y94.36
;TYPE:WALL-INNER
G1 F3600 X104.211 Y94.37 E0.03031
G1 X104.112 Y92.472 E0.04741
G1 X104.08 Y89.932 E0.06337
G1 X104.164 Y85.522 E0.11003
G1 X103.067 Y85.525 E0.02736
G1 X94.938 Y85.662 E0.20281
G1 X94.956 Y87.399 E0.04333
G1 X95.032 Y89.94 E0.06341
G1 X94.985 Y92.378 E0.06083
G1 X94.988 Y94.254 E0.0468
G1 X99.891 Y94.308 E0.12231
G1 X102.996 Y94.36 E0.07747
G0 F7200 X102.992 Y94.76
;TYPE:WALL-OUTER
G1 F1800 X104.633 Y94.774 E0.04094
G1 X104.512 Y92.443 E0.05823
G1 X104.48 Y89.94 E0.06244
G1 X104.572 Y85.121 E0.12023
G1 X103.061 Y85.125 E0.03769
G1 X94.534 Y85.269 E0.21274
G1 X94.556 Y87.411 E0.05344
G1 X94.632 Y89.932 E0.06292
G1 X94.585 Y92.378 E0.06103
G1 X94.588 Y94.65 E0.05668
G1 X99.884 Y94.708 E0.13212
G1 X102.992 Y94.76 E0.07754
G0 F7200 X103.192 Y94.761
G0 X103.2 Y93.764
G1 F4200 E-3.5
;MESH:NONMESH
G0 F600 X103.2 Y93.764 Z3.05
G0 F7200 X94.852 Y89.931
G0 X93.767 Y89.939
G0 X86.284 Y89.884
G0 X85.2 Y89.891
G0 X76.146 Y87.316
G0 X76.003 Y87.317
;TIME_ELAPSED:234.080794
;LAYER:19
;TYPE:FILL
;MESH:pi 3mm_deformed_tet.stl
G1 F4200 E3.5
G1 F3600 X82.854 Y94.168 E0.24169
G1 X82.924 Y94.238
G0 F7200 X82.92 Y94.028
G0 X76.148 Y92.678
G0 X76.01 Y92.676
G1 F3600 X82.827 Y85.859 E0.24049
G1 X82.897 Y85.789
G0 F7200 X82.892 Y86.001
G0 X76.857 Y94.139
G0 X76.869 Y94.436
;TYPE:WALL-INNER
G1 F3600 X80.011 Y94.388 E0.07839
G1 X83.058 Y94.323 E0.07603
G1 X85.019 Y94.305 E0.04892
G1 X84.992 Y92.462 E0.04598
G1 X85.016 Y89.981 E0.06189
G1 X85 Y87.551 E0.06062
G1 X85.003 Y85.73 E0.04543
G1 X83.124 Y85.707 E0.04688
G1 X80.069 Y85.628 E0.07623
G1 X77.039 Y85.585 E0.07559
G1 X75.812 Y85.582 E0.03061
G1 X75.892 Y90.03 E0.11097
G1 X75.822 Y94.438 E0.10997
G1 X76.869 Y94.436 E0.02612
G0 F7200 X76.875 Y94.836
;TYPE:WALL-OUTER
G1 F1800 X80.019 Y94.788 E0.07844
G1 X83.062 Y94.723 E0.07593
G1 X85.425 Y94.701 E0.05895
G1 X85.392 Y92.466 E0.05576
G1 X85.416 Y89.979 E0.06204
G1 X85.4 Y87.551 E0.06057
G1 X85.403 Y85.334 E0.0553
G1 X83.134 Y85.307 E0.0566
G1 X80.075 Y85.228 E0.07633
G1 X77.04 Y85.185 E0.07572
G1 X75.404 Y85.181 E0.04081
G1 X75.492 Y90.024 E0.12083
G1 X75.416 Y94.839 E0.12013
G1 X76.875 Y94.836 E0.03639
G0 F7200 X77.075 Y94.833
G0 X77.06 Y93.834
G1 F4200 E-3.5
G1 F600 Z3.55
G0 F7200 X77.06 Y93.834 Z3.55
G0 X97.197 Y94.116
;TYPE:FILL
G1 F600 Z3.05
G1 F4200 E3.5
G1 F3600 X103.975 Y87.338 E0.23911
G1 X104.045 Y87.268
G0 F7200 X103.84 Y87.265
G0 X103.828 Y92.66
G0 X103.967 Y92.653
G1 F3600 X97.102 Y85.788 E0.24218
G1 X97.032 Y85.718
G0 F7200 X97.034 Y85.929
G0 X103.034 Y94.063
G0 X103.029 Y94.36
;TYPE:WALL-INNER
G1 F3600 X104.218 Y94.37 E0.02966
G1 X104.116 Y92.447 E0.04804
G1 X104.092 Y90.324 E0.05296
G1 X104.096 Y89.545 E0.01943
G1 X104.168 Y85.52 E0.10042
G1 X103.017 Y85.525 E0.02871
G1 X94.935 Y85.666 E0.20164
G1 X94.953 Y87.255 E0.03964
G1 X94.976 Y87.808 E0.01381
G1 X95.032 Y89.953 E0.05353
G1 X95.02 Y90.238 E0.00712
G1 X94.985 Y92.374 E0.05329
G1 X94.988 Y94.25 E0.0468
G1 X100.019 Y94.308 E0.12551
G1 X103.029 Y94.36 E0.0751
G0 F7200 X103.025 Y94.76
;TYPE:WALL-OUTER
G1 F1800 X104.64 Y94.774 E0.04029
G1 X104.516 Y92.443 E0.05823
G1 X104.492 Y90.326 E0.05281
G1 X104.496 Y89.552 E0.01931
G1 X104.576 Y85.118 E0.11062
G1 X103.011 Y85.125 E0.03904
G1 X94.531 Y85.273 E0.21157
G1 X94.553 Y87.271 E0.04984
G1 X94.576 Y87.818 E0.01366
G1 X94.632 Y89.937 E0.05288
G1 X94.62 Y90.226 E0.00722
G1 X94.585 Y92.374 E0.05359
G1 X94.588 Y94.646 E0.05668
G1 X100.012 Y94.708 E0.13531
G1 X103.025 Y94.76 E0.07517
G0 F7200 X103.225 Y94.761
G0 X103.234 Y93.764
G1 F4200 E-3.5
;MESH:NONMESH
G0 F600 X103.234 Y93.764 Z3.2
G0 F7200 X94.841 Y90.237
G0 X93.756 Y90.22
G0 X86.282 Y90.028
G0 X85.198 Y90.035
G0 X76.145 Y87.315
G0 X76.003 Y87.316
;TIME_ELAPSED:241.509642
;LAYER:20
;TYPE:FILL
;MESH:pi 3mm_deformed_tet.stl
G1 F4200 E3.5
G1 F3600 X82.857 Y94.17 E0.24179
G1 X82.927 Y94.24
G0 F7200 X82.923 Y94.03
G0 X76.144 Y92.683
G0 X76.005 Y92.681
G1 F3600 X82.827 Y85.859 E0.24066
G1 X82.897 Y85.789
G0 F7200 X82.892 Y86.001
G0 X77.02 Y94.139
G0 X77.031 Y94.436
;TYPE:WALL-INNER
G1 F3600 X80.12 Y94.388 E0.07706
G1 X83.197 Y94.324 E0.07677
G1 X85.022 Y94.302 E0.04553
G1 X84.992 Y92.462 E0.04591
G1 X85.016 Y89.982 E0.06187
G1 X85 Y87.596 E0.05952
G1 X85.008 Y87.404 E0.00479
G1 X85.008 Y85.733 E0.04168
G1 X83.12 Y85.707 E0.0471
G1 X80.053 Y85.628 E0.07653
G1 X76.999 Y85.585 E0.07619
G1 X75.812 Y85.582 E0.02961
G1 X75.892 Y90.045 E0.11135
G1 X75.88 Y90.291 E0.00614
G1 X75.818 Y94.441 E0.10353
G1 X77.031 Y94.436 E0.03026
G0 F7200 X77.037 Y94.836
;TYPE:WALL-OUTER
G1 F1800 X80.128 Y94.788 E0.07711
G1 X83.201 Y94.724 E0.07667
G1 X85.428 Y94.698 E0.05556
G1 X85.392 Y92.466 E0.05568
G1 X85.416 Y89.98 E0.06202
G1 X85.4 Y87.612 E0.05907
G1 X85.408 Y87.412 E0.00499
G1 X85.408 Y85.338 E0.05174
G1 X83.13 Y85.307 E0.05683
G1 X80.059 Y85.228 E0.07663
G1 X77 Y85.185 E0.07631
G1 X75.404 Y85.181 E0.03981
G1 X75.492 Y90.026 E0.12088
G1 X75.48 Y90.279 E0.00632
G1 X75.412 Y94.843 E0.11386
G1 X77.037 Y94.836 E0.04054
G0 F7200 X77.237 Y94.833
G0 X77.222 Y93.834
G1 F4200 E-3.5
G0 F7200 X85.221 Y94.169
G0 X86.286 Y94.152
G0 X93.722 Y94.158
G0 X94.787 Y94.156
G0 X97.203 Y93.975
G0 X97.201 Y94.112
;TYPE:FILL
G1 F4200 E3.5
G1 F3600 X103.981 Y87.333 E0.23917
G1 X104.051 Y87.263
G0 F7200 X103.843 Y87.26
G0 X103.832 Y92.664
G0 X103.971 Y92.657
G1 F3600 X97.106 Y85.792 E0.24218
G1 X97.036 Y85.722
G0 F7200 X97.038 Y85.935
G0 X99.917 Y94.013
G0 X99.912 Y94.312
;TYPE:WALL-INNER
G1 F3600 X104.219 Y94.372 E0.10745
G1 X104.12 Y92.476 E0.04736
G1 X104.099 Y90.452 E0.05049
G1 X104.084 Y89.921 E0.01325
G1 X104.104 Y89.391 E0.01323
G1 X104.172 Y85.518 E0.09663
G1 X102.999 Y85.521 E0.02926
G1 X99.546 Y85.592 E0.08615
G1 X94.931 Y85.667 E0.11514
G1 X94.949 Y87.107 E0.03592
G1 X94.984 Y87.952 E0.0211
G1 X95.036 Y89.956 E0.05001
G1 X95.016 Y90.379 E0.01056
G1 X94.985 Y92.373 E0.04975
G1 X94.988 Y94.249 E0.0468
G1 X99.594 Y94.296 E0.1149
G1 X99.912 Y94.312 E0.00794
G0 F7200 X99.899 Y94.712
;TYPE:WALL-OUTER
G1 F1800 X104.641 Y94.777 E0.1183
G1 X104.52 Y92.447 E0.0582
G1 X104.499 Y90.44 E0.05007
G1 X104.484 Y89.936 E0.01258
G1 X104.504 Y89.402 E0.01333
G1 X104.58 Y85.117 E0.10691
G1 X102.991 Y85.121 E0.03964
G1 X99.54 Y85.192 E0.0861
G1 X94.527 Y85.273 E0.12507
G1 X94.549 Y87.123 E0.04615
G1 X94.584 Y87.962 E0.02095
G1 X94.636 Y89.938 E0.04931
G1 X94.616 Y90.367 E0.01071
G1 X94.585 Y92.373 E0.05005
G1 X94.588 Y94.645 E0.05668
G1 X99.574 Y94.696 E0.12438
G1 X99.899 Y94.712 E0.00812
G0 F7200 X100.099 Y94.714
G0 X100.115 Y93.716
G1 F4200 E-3.5
;MESH:NONMESH
G0 F600 X100.115 Y93.716 Z3.35
G0 F7200 X94.838 Y90.381
G0 X93.753 Y90.363
G0 X86.282 Y90.027
G0 X85.198 Y90.035
G0 X76.142 Y87.31
G0 X75.998 Y87.311
;TIME_ELAPSED:248.895417
;LAYER:21
;TYPE:FILL
;MESH:pi 3mm_deformed_tet.stl
G1 F4200 E3.5
G1 F3600 X82.853 Y94.167 E0.24185
G1 X82.923 Y94.237
G0 F7200 X82.919 Y94.028
G0 X76.139 Y92.691
G0 X75.997 Y92.689
G1 F3600 X82.824 Y85.862 E0.24084
G1 X82.894 Y85.792
G0 F7200 X82.888 Y86.004
G0 X76.94 Y94.139
G0 X76.951 Y94.436
;TYPE:WALL-INNER
G1 F3600 X79.934 Y94.392 E0.07442
G1 X83.353 Y94.316 E0.08531
G1 X85.025 Y94.298 E0.04171
G1 X84.992 Y92.462 E0.04581
G1 X85.016 Y89.98 E0.06192
G1 X85 Y87.591 E0.0596
G1 X85.008 Y87.249 E0.00853
G1 X85.01 Y85.737 E0.03772
G1 X83.128 Y85.711 E0.04695
G1 X80.037 Y85.624 E0.07714
G1 X77.036 Y85.585 E0.07487
G1 X75.807 Y85.582 E0.03066
G1 X75.841 Y87.496 E0.04775
G1 X75.856 Y87.858 E0.00904
G1 X75.893 Y90.014 E0.05379
G1 X75.872 Y90.44 E0.01064
G1 X75.81 Y94.441 E0.09982
G1 X76.951 Y94.436 E0.02846
G0 F7200 X76.957 Y94.836
;TYPE:WALL-OUTER
G1 F1800 X79.943 Y94.792 E0.07449
G1 X83.357 Y94.716 E0.08518
G1 X85.432 Y94.694 E0.05176
G1 X85.392 Y92.466 E0.05559
G1 X85.416 Y89.978 E0.06207
G1 X85.4 Y87.6 E0.05932
G1 X85.408 Y87.25 E0.00873
G1 X85.411 Y85.342 E0.0476
G1 X83.14 Y85.311 E0.05666
G1 X80.042 Y85.224 E0.07731
G1 X77.037 Y85.185 E0.07497
G1 X75.4 Y85.181 E0.04084
G1 X75.441 Y87.513 E0.05818
G1 X75.456 Y87.864 E0.00876
G1 X75.493 Y90.015 E0.05366
G1 X75.472 Y90.427 E0.01029
G1 X75.404 Y94.843 E0.11017
G1 X76.957 Y94.836 E0.03874
G0 F7200 X77.157 Y94.834
G0 X77.142 Y93.834
G1 F4200 E-3.5
G0 F7200 X85.224 Y94.185
G0 X86.289 Y94.166
G0 X93.722 Y94.174
G0 X94.787 Y94.172
G0 X97.206 Y93.973
G0 X97.205 Y94.109
;TYPE:FILL
G1 F4200 E3.5
G1 F3600 X103.98 Y87.333 E0.23902
G1 X104.05 Y87.263
G0 F7200 X103.847 Y87.26
G0 X103.835 Y92.668
G0 X103.975 Y92.661
G1 F3600 X97.108 Y85.794 E0.24225
G1 X97.038 Y85.724
G0 F7200 X97.04 Y85.938
G0 X99.918 Y94.014
G0 X99.913 Y94.312
;TYPE:WALL-INNER
G1 F3600 X103.303 Y94.368 E0.08458
G1 X104.226 Y94.375 E0.02302
G1 X104.124 Y92.451 E0.04806
G1 X104.103 Y90.604 E0.04608
G1 X104.084 Y89.922 E0.01702
G1 X104.108 Y89.244 E0.01692
G1 X104.173 Y85.518 E0.09296
G1 X103.006 Y85.52 E0.02911
G1 X99.886 Y85.576 E0.07784
G1 X99.376 Y85.596 E0.01273
G1 X94.929 Y85.67 E0.11095
G1 X94.941 Y86.96 E0.03218
G1 X94.988 Y88.094 E0.02831
G1 X95.04 Y89.953 E0.04639
G1 X95.016 Y90.522 E0.01421
G1 X94.985 Y92.375 E0.04623
G1 X94.988 Y94.246 E0.04667
G1 X99.42 Y94.292 E0.11056
G1 X99.913 Y94.312 E0.01231
G0 F7200 X99.918 Y94.014
G0 X103.31 Y94.069
G0 X103.3 Y94.768
;TYPE:WALL-OUTER
G1 F1800 X104.648 Y94.778 E0.03363
G1 X104.524 Y92.447 E0.05823
G1 X104.503 Y90.592 E0.04628
G1 X104.484 Y89.936 E0.01637
G1 X104.508 Y89.254 E0.01702
G1 X104.58 Y85.117 E0.10321
G1 X102.999 Y85.12 E0.03944
G1 X99.874 Y85.176 E0.07797
G1 X99.37 Y85.196 E0.01258
G1 X94.526 Y85.277 E0.12085
G1 X94.541 Y86.976 E0.04238
G1 X94.588 Y88.106 E0.02821
G1 X94.64 Y89.937 E0.04569
G1 X94.616 Y90.51 E0.01431
G1 X94.585 Y92.375 E0.04653
G1 X94.588 Y94.642 E0.05655
G1 X99.404 Y94.692 E0.12014
G1 X99.902 Y94.712 E0.01243
G1 X103.3 Y94.768 E0.08477
G0 F7200 X103.5 Y94.769
G0 X103.507 Y93.77
G1 F4200 E-3.5
;MESH:NONMESH
G0 F600 X103.507 Y93.77 Z3.5
G0 F7200 X94.835 Y90.523
G0 X93.752 Y90.473
G0 X86.281 Y90.029
G0 X85.197 Y90.037
G0 X76.138 Y87.305
G0 X75.992 Y87.306
;TIME_ELAPSED:256.435200
;LAYER:22
;TYPE:FILL
;MESH:pi 3mm_deformed_tet.stl
G1 F4200 E3.5
G1 F3600 X82.85 Y94.163 E0.24192
G1 X82.92 Y94.233
G0 F7200 X82.916 Y94.025
G0 X76.135 Y92.694
G0 X75.994 Y92.692
G1 F3600 X82.829 Y85.857 E0.24112
G1 X82.899 Y85.787
G0 F7200 X82.888 Y86.002
G0 X76.989 Y94.14
G0 X77 Y94.436
;TYPE:WALL-INNER
G1 F3600 X80.179 Y94.386 E0.07931
G1 X83.513 Y94.308 E0.08319
G1 X85.019 Y94.29 E0.03757
G1 X84.992 Y92.457 E0.04573
G1 X85.016 Y89.971 E0.06202
G1 X84.996 Y87.601 E0.05912
G1 X85.012 Y87.092 E0.0127
G1 X85.014 Y85.741 E0.0337
G1 X83.166 Y85.716 E0.0461
G1 X82.786 Y85.695 E0.00949
G1 X80.033 Y85.624 E0.0687
G1 X77.205 Y85.589 E0.07055
G1 X75.803 Y85.583 E0.03497
G1 X75.836 Y87.494 E0.04768
G1 X75.857 Y88.01 E0.01288
G1 X75.888 Y90.038 E0.05059
G1 X75.868 Y90.584 E0.01363
G1 X75.806 Y94.441 E0.09623
G1 X77 Y94.436 E0.02978
G0 F7200 X77.006 Y94.836
;TYPE:WALL-OUTER
G1 F1800 X80.188 Y94.786 E0.07939
G1 X83.517 Y94.708 E0.08307
G1 X85.425 Y94.686 E0.0476
G1 X85.392 Y92.461 E0.05551
G1 X85.416 Y89.968 E0.06219
G1 X85.396 Y87.613 E0.05875
G1 X85.412 Y87.093 E0.01298
G1 X85.415 Y85.346 E0.04358
G1 X83.188 Y85.316 E0.05556
G1 X82.835 Y85.296 E0.00882
G1 X80.038 Y85.224 E0.06979
G1 X77.207 Y85.189 E0.07062
G1 X75.396 Y85.181 E0.04518
G1 X75.436 Y87.509 E0.05808
G1 X75.457 Y88.016 E0.01266
G1 X75.488 Y90.024 E0.0501
G1 X75.468 Y90.574 E0.01373
G1 X75.4 Y94.843 E0.1065
G1 X77.006 Y94.836 E0.04006
G0 F7200 X77.206 Y94.833
G0 X77.191 Y93.835
G1 F4200 E-3.5
G0 F7200 X85.218 Y94.141
G0 X86.283 Y94.125
G0 X93.721 Y94.13
G0 X94.786 Y94.128
G0 X97.214 Y93.964
G0 X97.212 Y94.101
;TYPE:FILL
G1 F4200 E3.5
G1 F3600 X103.986 Y87.328 E0.23895
G1 X104.056 Y87.258
G0 F7200 X103.85 Y87.255
G0 X103.838 Y92.672
G0 X103.979 Y92.665
G1 F3600 X97.113 Y85.799 E0.24222
G1 X97.043 Y85.729
G0 F7200 X97.045 Y85.941
G0 X103.048 Y94.066
G0 X103.045 Y94.364
;TYPE:WALL-INNER
G1 F3600 X104.225 Y94.374 E0.02944
G1 X104.128 Y92.475 E0.04743
G1 X104.108 Y90.756 E0.04288
G1 X104.084 Y89.92 E0.02086
G1 X104.116 Y89.095 E0.0206
G1 X104.177 Y85.518 E0.08924
G1 X103.01 Y85.521 E0.02911
G1 X99.89 Y85.576 E0.07784
G1 X99.214 Y85.604 E0.01688
G1 X94.926 Y85.675 E0.10698
G1 X94.937 Y86.809 E0.02829
G1 X94.996 Y88.238 E0.03568
G1 X95.045 Y89.931 E0.04225
G1 X95.012 Y90.668 E0.0184
G1 X94.98 Y92.487 E0.04538
G1 X94.984 Y94.246 E0.04388
G1 X96.223 Y94.26 E0.03091
G1 X96.839 Y94.256 E0.01537
G1 X99.255 Y94.288 E0.06027
G1 X99.916 Y94.312 E0.0165
G1 X103.045 Y94.364 E0.07806
G0 F7200 X103.041 Y94.764
;TYPE:WALL-OUTER
G1 F1800 X104.651 Y94.778 E0.04016
G1 X104.528 Y92.447 E0.05823
G1 X104.508 Y90.744 E0.04248
G1 X104.484 Y89.936 E0.02016
G1 X104.516 Y89.106 E0.02072
G1 X104.584 Y85.117 E0.09952
G1 X103.003 Y85.121 E0.03944
G1 X99.878 Y85.176 E0.07797
G1 X99.208 Y85.204 E0.01673
G1 X94.522 Y85.281 E0.11691
G1 X94.537 Y86.825 E0.03852
G1 X94.596 Y88.25 E0.03558
G1 X94.645 Y89.929 E0.0419
G1 X94.612 Y90.655 E0.01813
G1 X94.58 Y92.487 E0.04571
G1 X94.584 Y94.642 E0.05376
G1 X96.226 Y94.66 E0.04096
G1 X96.834 Y94.656 E0.01517
G1 X99.241 Y94.688 E0.06005
G1 X99.906 Y94.712 E0.0166
G1 X103.041 Y94.764 E0.07821
G0 F7200 X103.241 Y94.765
G0 X103.249 Y93.767
G1 F4200 E-3.5
;MESH:NONMESH
G0 F600 X103.249 Y93.767 Z3.65
G0 F7200 X94.832 Y90.666
G0 X93.749 Y90.617
G0 X86.281 Y90.03
G0 X85.197 Y90.039
G0 X76.134 Y87.302
G0 X75.989 Y87.303
;TIME_ELAPSED:263.850467
;LAYER:23
;TYPE:FILL
;MESH:pi 3mm_deformed_tet.stl
G1 F4200 E3.5
G1 F3600 X82.849 Y94.163 E0.24201
G1 X82.919 Y94.233
G0 F7200 X82.915 Y94.023
G0 X76.13 Y92.699
G0 X75.989 Y92.697
G1 F3600 X82.824 Y85.862 E0.24112
G1 X82.894 Y85.792
G0 F7200 X82.883 Y86.005
G0 X76.984 Y94.14
G0 X76.996 Y94.436
;TYPE:WALL-INNER
G1 F3600 X79.608 Y94.396 E0.06516
G1 X83.673 Y94.304 E0.10143
G1 X85.02 Y94.29 E0.0336
G1 X84.992 Y92.457 E0.04573
G1 X85.016 Y89.971 E0.06202
G1 X84.996 Y87.601 E0.05912
G1 X85.016 Y86.952 E0.0162
G1 X85.016 Y85.745 E0.03011
G1 X83.172 Y85.72 E0.046
G1 X82.614 Y85.691 E0.01394
G1 X80.023 Y85.624 E0.06465
G1 X76.687 Y85.585 E0.08322
G1 X75.8 Y85.583 E0.02213
G1 X75.833 Y87.49 E0.04758
G1 X75.86 Y88.162 E0.01678
G1 X75.889 Y90.014 E0.0462
G1 X75.86 Y90.733 E0.01795
G1 X75.802 Y94.441 E0.09251
G1 X76.996 Y94.436 E0.02978
G0 F7200 X77.002 Y94.836
;TYPE:WALL-OUTER
G1 F1800 X79.617 Y94.796 E0.06524
G1 X83.677 Y94.704 E0.1013
G1 X85.433 Y94.686 E0.04381
G1 X85.392 Y92.461 E0.05551
G1 X85.416 Y89.968 E0.06219
G1 X85.396 Y87.613 E0.05875
G1 X85.416 Y86.952 E0.0165
G1 X85.416 Y85.35 E0.03996
G1 X83.193 Y85.32 E0.05546
G1 X82.624 Y85.291 E0.01421
G1 X80.028 Y85.224 E0.06478
G1 X76.688 Y85.185 E0.08332
G1 X75.392 Y85.181 E0.03233
G1 X75.433 Y87.506 E0.05801
G1 X75.46 Y88.168 E0.01653
G1 X75.489 Y90.015 E0.04608
G1 X75.46 Y90.722 E0.01765
G1 X75.396 Y94.843 E0.10281
G1 X77.002 Y94.836 E0.04006
G0 F7200 X77.202 Y94.833
G0 X77.187 Y93.835
G1 F4200 E-3.5
G0 F7200 X85.218 Y94.139
G0 X86.284 Y94.123
G0 X93.721 Y94.128
G0 X94.786 Y94.126
G0 X97.219 Y93.961
G0 X97.217 Y94.097
;TYPE:FILL
G1 F4200 E3.5
G1 F3600 X103.989 Y87.325 E0.2389
G1 X104.059 Y87.255
G0 F7200 X103.854 Y87.252
G0 X103.842 Y92.676
G0 X103.983 Y92.669
G1 F3600 X97.115 Y85.801 E0.24229
G1 X97.045 Y85.731
G0 F7200 X97.047 Y85.944
G0 X99.927 Y94.018
G0 X99.922 Y94.316
;TYPE:WALL-INNER
G1 F3600 X104.233 Y94.377 E0.10755
G1 X104.132 Y92.452 E0.04809
G1 X104.112 Y90.903 E0.03864
G1 X104.084 Y89.921 E0.02451
G1 X104.12 Y88.951 E0.02421
G1 X104.18 Y85.517 E0.08567
G1 X103.016 Y85.517 E0.02904
G1 X99.855 Y85.577 E0.07887
G1 X99.051 Y85.608 E0.02007
G1 X94.922 Y85.678 E0.10301
G1 X94.932 Y86.662 E0.02455
G1 X95.004 Y88.382 E0.04294
G1 X95.048 Y89.956 E0.03928
G1 X95.008 Y90.812 E0.02138
G1 X94.98 Y92.441 E0.04064
G1 X94.983 Y94.245 E0.045
G1 X96.06 Y94.256 E0.02687
G1 X96.838 Y94.252 E0.01941
G1 X99.09 Y94.28 E0.05618
G1 X99.922 Y94.316 E0.02077
G0 F7200 X99.91 Y94.716
;TYPE:WALL-OUTER
G1 F1800 X104.659 Y94.781 E0.11848
G1 X104.612 Y94.051 E0.01825
G1 X104.532 Y92.447 E0.04006
G1 X104.512 Y90.891 E0.03882
G1 X104.484 Y89.936 E0.02383
G1 X104.52 Y88.962 E0.02431
G1 X104.588 Y85.117 E0.09593
G1 X103.009 Y85.117 E0.03939
G1 X99.84 Y85.177 E0.07907
G1 X99.044 Y85.208 E0.01987
G1 X94.518 Y85.285 E0.11292
G1 X94.532 Y86.678 E0.03475
G1 X94.604 Y88.394 E0.04284
G1 X94.648 Y89.938 E0.03853
G1 X94.608 Y90.799 E0.0215
G1 X94.58 Y92.441 E0.04097
G1 X94.584 Y94.641 E0.05488
G1 X96.062 Y94.656 E0.03687
G1 X96.833 Y94.652 E0.01923
G1 X99.073 Y94.68 E0.05588
G1 X99.91 Y94.716 E0.0209
G0 F7200 X100.11 Y94.718
G0 X100.126 Y93.721
G1 F4200 E-3.5
;MESH:NONMESH
G0 F600 X100.126 Y93.721 Z3.8
G0 F7200 X94.829 Y90.809
G0 X93.746 Y90.76
G0 X86.281 Y90.031
G0 X85.197 Y90.041
G0 X76.13 Y87.298
G0 X75.986 Y87.299
;TIME_ELAPSED:271.231712
;LAYER:24
;TYPE:FILL
;MESH:pi 3mm_deformed_tet.stl
G1 F4200 E3.5
G1 F3600 X82.843 Y94.156 E0.2419
G1 X82.913 Y94.226
G0 F7200 X82.909 Y94.018
G0 X76.126 Y92.704
G0 X75.984 Y92.702
G1 F3600 X82.82 Y85.866 E0.24116
G1 X82.89 Y85.796
G0 F7200 X82.88 Y86.008
G0 X76.978 Y94.14
G0 X76.988 Y94.436
;TYPE:WALL-INNER
G1 F3600 X80.121 Y94.383 E0.07816
G1 X80.787 Y94.36 E0.01662
G1 X83.833 Y94.296 E0.076
G1 X85.021 Y94.283 E0.02964
G1 X84.992 Y92.457 E0.04556
G1 X85.016 Y89.959 E0.06232
G1 X84.992 Y87.598 E0.0589
G1 X85.02 Y86.825 E0.0193
G1 X85.02 Y85.752 E0.02677
G1 X83.165 Y85.724 E0.04628
G1 X82.442 Y85.687 E0.01806
G1 X80.021 Y85.624 E0.06041
G1 X76.965 Y85.585 E0.07624
G1 X75.798 Y85.582 E0.02911
G1 X75.829 Y87.491 E0.04763
G1 X75.86 Y88.31 E0.02044
G1 X75.888 Y90.042 E0.04321
G1 X75.852 Y90.882 E0.02097
G1 X75.798 Y94.441 E0.08879
G1 X76.988 Y94.436 E0.02968
G0 F7200 X76.994 Y94.836
;TYPE:WALL-OUTER
G1 F1800 X80.135 Y94.783 E0.07836
G1 X80.795 Y94.76 E0.01647
G1 X83.837 Y94.696 E0.0759
G1 X85.436 Y94.678 E0.03989
G1 X85.416 Y94.131 E0.01365
G1 X85.392 Y92.461 E0.04166
G1 X85.416 Y89.955 E0.06252
G1 X85.392 Y87.612 E0.05845
G1 X85.42 Y86.832 E0.01947
G1 X85.42 Y85.358 E0.03677
G1 X83.185 Y85.324 E0.05576
G1 X82.452 Y85.287 E0.01831
G1 X80.026 Y85.224 E0.06054
G1 X76.966 Y85.185 E0.07634
G1 X75.392 Y85.181 E0.03926
G1 X75.429 Y87.506 E0.058
G1 X75.46 Y88.316 E0.02022
G1 X75.488 Y90.025 E0.04264
G1 X75.452 Y90.87 E0.0211
G1 X75.392 Y94.843 E0.09912
G1 X76.994 Y94.836 E0.03996
G0 F7200 X77.194 Y94.833
G0 X77.178 Y93.835
G1 F4200 E-3.5
G1 F600 Z4.3
G0 F7200 X77.178 Y93.835 Z4.3
G0 X97.22 Y94.093
;TYPE:FILL
G1 F600 Z3.8
G1 F4200 E3.5
G1 F3600 X103.993 Y87.321 E0.23892
G1 X104.063 Y87.251
G0 F7200 X103.856 Y87.248
G0 X103.846 Y92.675
G0 X103.983 Y92.669
G1 F3600 X97.118 Y85.804 E0.24218
G1 X97.048 Y85.734
G0 F7200 X97.05 Y85.946
G0 X99.93 Y94.019
G0 X99.925 Y94.316
;TYPE:WALL-INNER
G1 F3600 X104.237 Y94.376 E0.10757
G1 X104.132 Y92.45 E0.04812
G1 X104.119 Y91.04 E0.03517
G1 X104.084 Y89.92 E0.02795
G1 X104.128 Y88.803 E0.02789
G1 X104.185 Y85.514 E0.08206
G1 X103.022 Y85.516 E0.02901
G1 X99.899 Y85.572 E0.07792
G1 X98.886 Y85.616 E0.02529
G1 X94.919 Y85.679 E0.09897
G1 X94.928 Y86.511 E0.02076
G1 X95.012 Y88.53 E0.05041
G1 X95.052 Y89.959 E0.03566
G1 X95.008 Y90.952 E0.02479
G1 X94.98 Y92.481 E0.03815
G1 X94.984 Y94.242 E0.04393
G1 X95.896 Y94.252 E0.02275
G1 X96.831 Y94.248 E0.02332
G1 X98.924 Y94.276 E0.05221
G1 X99.925 Y94.316 E0.02499
G0 F7200 X99.914 Y94.716
;TYPE:WALL-OUTER
G1 F1800 X104.663 Y94.781 E0.11848
G1 X104.532 Y92.446 E0.05834
G1 X104.519 Y91.028 E0.03537
G1 X104.484 Y89.936 E0.02725
G1 X104.528 Y88.814 E0.02801
G1 X104.592 Y85.113 E0.09234
G1 X103.015 Y85.116 E0.03934
G1 X99.83 Y85.174 E0.07946
G1 X98.88 Y85.216 E0.02372
G1 X94.515 Y85.285 E0.1089
G1 X94.528 Y86.527 E0.03098
G1 X94.612 Y88.542 E0.05031
G1 X94.652 Y89.941 E0.03491
G1 X94.608 Y90.939 E0.02492
G1 X94.58 Y92.481 E0.03847
G1 X94.584 Y94.638 E0.05381
G1 X95.898 Y94.652 E0.03278
G1 X96.825 Y94.648 E0.02312
G1 X98.908 Y94.676 E0.05197
G1 X99.914 Y94.716 E0.02511
G0 F7200 X100.114 Y94.718
G0 X100.13 Y93.722
G1 F4200 E-3.5
;MESH:NONMESH
G0 F600 X100.13 Y93.722 Z3.95
G0 F7200 X94.827 Y90.952
G0 X93.744 Y90.904
G0 X86.28 Y90.034
G0 X85.196 Y90.044
G0 X76.125 Y87.294
G0 X75.981 Y87.295
;TIME_ELAPSED:278.616789
;LAYER:25
;TYPE:FILL
;MESH:pi 3mm_deformed_tet.stl
G1 F4200 E3.5
G1 F3600 X82.84 Y94.153 E0.24195
G1 X82.91 Y94.223
G0 F7200 X82.906 Y94.015
G0 X76.121 Y92.707
G0 X75.981 Y92.705
G1 F3600 X82.816 Y85.87 E0.24112
G1 X82.886 Y85.8
G0 F7200 X82.876 Y86.011
G0 X76.972 Y94.14
G0 X76.984 Y94.436
;TYPE:WALL-INNER
G1 F3600 X80.197 Y94.381 E0.08016
G1 X80.93 Y94.356 E0.0183
G1 X83.994 Y94.288 E0.07645
G1 X85.024 Y94.277 E0.02569
G1 X84.992 Y92.457 E0.04541
G1 X85.016 Y89.959 E0.06232
G1 X84.992 Y87.599 E0.05887
G1 X85.024 Y86.662 E0.02339
G1 X85.024 Y85.756 E0.0226
G1 X83.168 Y85.728 E0.0463
G1 X82.266 Y85.683 E0.02253
G1 X80.013 Y85.624 E0.05622
G1 X76.961 Y85.585 E0.07614
G1 X75.794 Y85.582 E0.02911
G1 X75.825 Y87.492 E0.04765
G1 X75.864 Y88.462 E0.02422
G1 X75.888 Y90.041 E0.03939
G1 X75.848 Y91.029 E0.02467
G1 X75.794 Y94.441 E0.08512
G1 X76.984 Y94.436 E0.02968
G0 F7200 X76.99 Y94.836
;TYPE:WALL-OUTER
G1 F1800 X80.21 Y94.781 E0.08033
G1 X80.939 Y94.756 E0.0182
G1 X83.998 Y94.688 E0.07633
G1 X85.437 Y94.673 E0.0359
G1 X85.416 Y93.992 E0.017
G1 X85.392 Y92.461 E0.0382
G1 X85.416 Y89.955 E0.06252
G1 X85.392 Y87.613 E0.05842
G1 X85.424 Y86.662 E0.02374
G1 X85.424 Y85.362 E0.03243
G1 X83.188 Y85.328 E0.05578
G1 X82.277 Y85.283 E0.02275
G1 X80.018 Y85.224 E0.05637
G1 X76.962 Y85.185 E0.07624
G1 X75.388 Y85.181 E0.03926
G1 X75.425 Y87.508 E0.05805
G1 X75.464 Y88.468 E0.02397
G1 X75.488 Y90.025 E0.03884
G1 X75.448 Y91.018 E0.02479
G1 X75.388 Y94.843 E0.09543
G1 X76.99 Y94.836 E0.03996
G0 F7200 X77.19 Y94.833
G0 X77.174 Y93.835
G1 F4200 E-3.5
G0 F7200 X85.228 Y94.356
G0 X86.292 Y94.321
G0 X93.72 Y94.345
G0 X94.785 Y94.343
G0 X97.223 Y93.954
G0 X97.221 Y94.093
;TYPE:FILL
G1 F4200 E3.5
G1 F3600 X103.996 Y87.318 E0.23901
G1 X104.066 Y87.248
G0 F7200 X103.859 Y87.245
G0 X103.85 Y92.678
G0 X103.987 Y92.673
G1 F3600 X97.12 Y85.807 E0.24223
G1 X97.05 Y85.737
G0 F7200 X97.052 Y85.95
G0 X99.934 Y94.021
G0 X99.929 Y94.32
;TYPE:WALL-INNER
G1 F3600 X104.24 Y94.378 E0.10755
G1 X104.2 Y93.762 E0.0154
G1 X104.136 Y92.45 E0.03277
G1 X104.123 Y91.192 E0.03138
G1 X104.084 Y89.921 E0.03172
G1 X104.132 Y88.655 E0.0316
G1 X104.188 Y85.514 E0.07837
G1 X103.03 Y85.516 E0.02889
G1 X99.902 Y85.572 E0.07804
G1 X98.722 Y85.62 E0.02946
G1 X94.916 Y85.683 E0.09495
G1 X94.924 Y86.36 E0.01689
G1 X95.02 Y88.672 E0.05772
G1 X95.053 Y89.934 E0.03149
G1 X95.004 Y91.095 E0.02899
G1 X94.98 Y92.483 E0.03463
G1 X94.983 Y94.243 E0.0439
G1 X95.735 Y94.252 E0.01876
G1 X96.837 Y94.248 E0.02749
G1 X98.757 Y94.272 E0.0479
G1 X99.929 Y94.32 E0.02926
G0 F7200 X99.934 Y94.021
G0 X103.061 Y94.069
G0 X103.052 Y94.768
;TYPE:WALL-OUTER
G1 F1800 X104.666 Y94.782 E0.04026
G1 X104.6 Y93.742 E0.026
G1 X104.536 Y92.446 E0.03237
G1 X104.523 Y91.18 E0.03158
G1 X104.484 Y89.936 E0.03105
G1 X104.532 Y88.666 E0.0317
G1 X104.596 Y85.113 E0.08864
G1 X103.023 Y85.116 E0.03924
G1 X99.89 Y85.172 E0.07817
G1 X98.716 Y85.22 E0.02931
G1 X94.511 Y85.289 E0.10491
G1 X94.524 Y86.376 E0.02712
G1 X94.62 Y88.682 E0.05757
G1 X94.653 Y89.933 E0.03122
G1 X94.604 Y91.083 E0.02871
G1 X94.58 Y92.483 E0.03493
G1 X94.584 Y94.638 E0.05376
G1 X95.737 Y94.652 E0.02876
G1 X96.832 Y94.648 E0.02732
G1 X98.741 Y94.672 E0.04762
G1 X99.918 Y94.72 E0.02938
G1 X103.052 Y94.768 E0.07819
G0 F7200 X103.252 Y94.769
G0 X103.261 Y93.77
G1 F4200 E-3.5
;MESH:NONMESH
G0 F600 X103.261 Y93.77 Z4.1
G0 F7200 X94.824 Y91.094
G0 X93.741 Y91.047
G0 X86.28 Y90.036
G0 X85.196 Y90.046
G0 X76.121 Y87.29
G0 X75.977 Y87.291
;TIME_ELAPSED:286.150307
;LAYER:26
;TYPE:FILL
;MESH:pi 3mm_deformed_tet.stl
G1 F4200 E3.5
G1 F3600 X82.84 Y94.154 E0.24211
G1 X82.91 Y94.224
G0 F7200 X82.906 Y94.012
G0 X76.117 Y92.711
G0 X75.977 Y92.709
G1 F3600 X82.816 Y85.87 E0.24126
G1 X82.886 Y85.8
G0 F7200 X82.876 Y86.014
G0 X76.966 Y94.14
G0 X76.98 Y94.436
;TYPE:WALL-INNER
G1 F3600 X80.121 Y94.383 E0.07836
G1 X81.095 Y94.348 E0.02431
G1 X84.153 Y94.284 E0.0763
G1 X85.018 Y94.275 E0.02158
G1 X84.992 Y92.455 E0.0454
G1 X85.012 Y89.966 E0.06209
G1 X84.992 Y87.599 E0.05905
G1 X85.028 Y86.521 E0.02691
G1 X85.028 Y85.758 E0.01903
G1 X83.17 Y85.728 E0.04635
G1 X82.09 Y85.675 E0.02697
G1 X80.009 Y85.624 E0.05193
G1 X76.953 Y85.585 E0.07624
G1 X75.79 Y85.582 E0.02901
G1 X75.821 Y87.492 E0.04765
G1 X75.864 Y88.613 E0.02798
G1 X75.888 Y90.042 E0.03565
G1 X75.84 Y91.178 E0.02836
G1 X75.79 Y94.441 E0.08141
G1 X76.98 Y94.436 E0.02968
G0 F7200 X76.986 Y94.836
;TYPE:WALL-OUTER
G1 F1800 X80.135 Y94.783 E0.07856
G1 X81.103 Y94.748 E0.02416
G1 X84.157 Y94.684 E0.0762
G1 X85.441 Y94.67 E0.03203
G1 X85.412 Y93.851 E0.02044
G1 X85.392 Y92.458 E0.03475
G1 X85.412 Y89.963 E0.06224
G1 X85.392 Y87.613 E0.05862
G1 X85.428 Y86.521 E0.02725
G1 X85.428 Y85.365 E0.02884
G1 X83.19 Y85.328 E0.05583
G1 X82.1 Y85.275 E0.02722
G1 X80.014 Y85.224 E0.05205
G1 X76.954 Y85.185 E0.07634
G1 X75.384 Y85.181 E0.03916
G1 X75.421 Y87.507 E0.05803
G1 X75.464 Y88.62 E0.02778
G1 X75.488 Y90.025 E0.03505
G1 X75.44 Y91.166 E0.02849
G1 X75.384 Y94.843 E0.09173
G1 X76.986 Y94.836 E0.03996
G0 F7200 X77.186 Y94.833
G0 X77.169 Y93.835
G1 F4200 E-3.5
G0 F7200 X85.23 Y94.342
G0 X86.294 Y94.308
G0 X93.72 Y94.331
G0 X94.785 Y94.329
G0 X97.226 Y93.951
G0 X97.224 Y94.089
;TYPE:FILL
G1 F4200 E3.5
G1 F3600 X104.001 Y87.313 E0.23906
G1 X104.071 Y87.243
G0 F7200 X103.863 Y87.24
G0 X103.853 Y92.684
G0 X103.992 Y92.678
G1 F3600 X97.125 Y85.812 E0.24223
G1 X97.055 Y85.742
G0 F7200 X97.057 Y85.954
G0 X99.939 Y94.022
G0 X99.934 Y94.32
;TYPE:WALL-INNER
G1 F3600 X104.247 Y94.378 E0.1076
G1 X104.196 Y93.606 E0.0193
G1 X104.14 Y92.474 E0.02827
G1 X104.128 Y91.348 E0.02809
G1 X104.088 Y89.922 E0.03559
G1 X104.14 Y88.481 E0.03597
G1 X104.193 Y85.512 E0.07407
G1 X103.036 Y85.512 E0.02886
G1 X99.907 Y85.572 E0.07807
G1 X98.554 Y85.628 E0.03378
G1 X94.914 Y85.686 E0.09081
G1 X94.92 Y86.215 E0.0132
G1 X95.028 Y88.82 E0.06504
G1 X95.056 Y89.959 E0.02842
G1 X95 Y91.239 E0.03196
G1 X94.98 Y92.482 E0.03101
G1 X94.983 Y94.242 E0.0439
G1 X96.836 Y94.244 E0.04622
G1 X98.593 Y94.264 E0.04383
G1 X99.934 Y94.32 E0.03348
G0 F7200 X99.939 Y94.022
G0 X103.066 Y94.07
G0 X103.059 Y94.768
;TYPE:WALL-OUTER
G1 F1800 X104.674 Y94.782 E0.04029
G1 X104.596 Y93.586 E0.0299
G1 X104.54 Y92.447 E0.02845
G1 X104.528 Y91.337 E0.02769
G1 X104.488 Y89.936 E0.03496
G1 X104.54 Y88.518 E0.0354
G1 X104.6 Y85.112 E0.08498
G1 X103.029 Y85.112 E0.03919
G1 X99.895 Y85.172 E0.07819
G1 X98.548 Y85.228 E0.03363
G1 X94.51 Y85.293 E0.10074
G1 X94.52 Y86.231 E0.0234
G1 X94.628 Y88.83 E0.06489
G1 X94.656 Y89.941 E0.02772
G1 X94.6 Y91.227 E0.03211
G1 X94.58 Y92.482 E0.03131
G1 X94.584 Y94.638 E0.05378
G1 X95.575 Y94.648 E0.02472
G1 X96.832 Y94.644 E0.03136
G1 X98.577 Y94.664 E0.04353
G1 X99.922 Y94.72 E0.03358
G1 X103.059 Y94.768 E0.07826
G0 F7200 X103.259 Y94.769
G0 X103.268 Y93.771
G1 F4200 E-3.5
;MESH:NONMESH
G0 F600 X103.268 Y93.771 Z4.25
G0 F7200 X94.877 Y89.94
G0 X93.794 Y89.937
G0 X86.279 Y90.021
G0 X85.214 Y90.031
G0 X76.118 Y87.286
G0 X75.973 Y87.287
;TIME_ELAPSED:293.707542
;LAYER:27
;TYPE:FILL
;MESH:pi 3mm_deformed_tet.stl
G1 F4200 E3.5
G1 F3600 X82.838 Y94.152 E0.24218
G1 X82.908 Y94.222
G0 F7200 X82.904 Y94.009
G0 X76.113 Y92.716
G0 X75.972 Y92.714
G1 F3600 X82.812 Y85.874 E0.2413
G1 X82.882 Y85.804
G0 F7200 X82.872 Y86.018
G0 X76.961 Y94.14
G0 X76.975 Y94.436
;TYPE:WALL-INNER
G1 F3600 X80.167 Y94.378 E0.07964
G1 X81.258 Y94.344 E0.02723
G1 X85.029 Y94.27 E0.09409
G1 X84.992 Y92.455 E0.04528
G1 X85.012 Y89.958 E0.06229
G1 X84.988 Y87.6 E0.05882
G1 X85.028 Y86.376 E0.03055
G1 X85.03 Y85.763 E0.01529
G1 X83.164 Y85.731 E0.04655
G1 X81.917 Y85.671 E0.03114
G1 X79.993 Y85.62 E0.04801
G1 X76.95 Y85.585 E0.07591
G1 X75.786 Y85.582 E0.02904
G1 X75.817 Y87.492 E0.04765
G1 X75.869 Y88.766 E0.03181
G1 X75.888 Y90.042 E0.03183
G1 X75.832 Y91.326 E0.03206
G1 X75.785 Y94.441 E0.07771
G1 X76.975 Y94.436 E0.02968
G0 F7200 X76.982 Y94.836
;TYPE:WALL-OUTER
G1 F1800 X80.179 Y94.778 E0.07976
G1 X81.267 Y94.744 E0.02715
G1 X84.489 Y94.675 E0.08039
G1 X85.441 Y94.666 E0.02375
G1 X85.412 Y93.712 E0.02381
G1 X85.392 Y92.458 E0.03129
G1 X85.412 Y89.954 E0.06246
G1 X85.388 Y87.613 E0.0584
G1 X85.428 Y86.377 E0.03085
G1 X85.431 Y85.369 E0.02514
G1 X83.184 Y85.331 E0.05606
G1 X81.928 Y85.271 E0.03137
G1 X79.998 Y85.22 E0.04816
G1 X76.951 Y85.185 E0.07601
G1 X75.38 Y85.181 E0.03919
G1 X75.417 Y87.508 E0.05805
G1 X75.469 Y88.772 E0.03156
G1 X75.488 Y90.025 E0.03126
G1 X75.432 Y91.314 E0.03218
G1 X75.379 Y94.843 E0.08804
G1 X76.982 Y94.836 E0.03999
G0 F7200 X77.181 Y94.833
G0 X77.165 Y93.836
G1 F4200 E-3.5
G0 F7200 X85.233 Y94.347
G0 X86.297 Y94.312
G0 X93.719 Y94.339
G0 X94.784 Y94.338
G0 X97.231 Y93.947
G0 X97.229 Y94.085
;TYPE:FILL
G1 F4200 E3.5
G1 F3600 X104.003 Y87.311 E0.23897
G1 X104.073 Y87.241
G0 F7200 X103.866 Y87.238
G0 X103.857 Y92.687
G0 X103.996 Y92.682
G1 F3600 X97.127 Y85.813 E0.24232
G1 X97.057 Y85.743
G0 F7200 X97.059 Y85.957
G0 X99.941 Y94.024
G0 X99.937 Y94.32
;TYPE:WALL-INNER
G1 F3600 X104.251 Y94.38 E0.10762
G1 X104.192 Y93.454 E0.02315
G1 X104.144 Y92.478 E0.02438
G1 X104.132 Y91.501 E0.02437
G1 X104.088 Y89.922 E0.0394
G1 X104.144 Y88.34 E0.03949
G1 X104.196 Y85.513 E0.07053
G1 X103.04 Y85.513 E0.02884
G1 X99.869 Y85.573 E0.07912
G1 X98.391 Y85.632 E0.0369
G1 X94.896 Y85.69 E0.0872
G1 X95.036 Y88.964 E0.08174
G1 X95.06 Y89.959 E0.02483
G1 X94.996 Y91.379 E0.03546
G1 X94.98 Y92.477 E0.02739
G1 X94.984 Y94.239 E0.04395
G1 X96.832 Y94.24 E0.0461
G1 X98.424 Y94.26 E0.03972
G1 X99.937 Y94.32 E0.03777
G0 F7200 X99.926 Y94.72
;TYPE:WALL-OUTER
G1 F1800 X104.678 Y94.785 E0.11855
G1 X104.592 Y93.434 E0.03377
G1 X104.544 Y92.451 E0.02455
G1 X104.532 Y91.49 E0.02397
G1 X104.488 Y89.936 E0.03878
G1 X104.542 Y88.401 E0.03831
G1 X104.604 Y85.113 E0.08203
G1 X103.033 Y85.113 E0.03919
G1 X99.853 Y85.173 E0.07934
G1 X98.384 Y85.232 E0.03667
G1 X94.506 Y85.297 E0.09675
G1 X94.512 Y86.082 E0.01958
G1 X94.636 Y88.974 E0.07221
G1 X94.66 Y89.941 E0.02413
G1 X94.596 Y91.367 E0.03561
G1 X94.58 Y92.477 E0.02769
G1 X94.584 Y94.634 E0.05381
G1 X95.411 Y94.644 E0.02063
G1 X96.827 Y94.64 E0.03532
G1 X98.408 Y94.66 E0.03944
G1 X99.926 Y94.72 E0.0379
G0 F7200 X100.126 Y94.722
G0 X100.14 Y93.727
G1 F4200 E-3.5
;MESH:NONMESH
G0 F600 X100.14 Y93.727 Z4.4
G0 F7200 X94.818 Y91.38
G0 X93.735 Y91.333
G0 X86.28 Y90.058
G0 X85.195 Y90.05
G0 X76.113 Y87.282
G0 X75.969 Y87.283
;TIME_ELAPSED:301.087956
;LAYER:28
;TYPE:FILL
;MESH:pi 3mm_deformed_tet.stl
G1 F4200 E3.5
G1 F3600 X82.832 Y94.146 E0.24211
G1 X82.902 Y94.216
G0 F7200 X82.898 Y94.006
G0 X76.108 Y92.719
G0 X75.969 Y92.717
G1 F3600 X82.809 Y85.877 E0.2413
G1 X82.879 Y85.807
G0 F7200 X82.869 Y86.022
G0 X76.955 Y94.14
G0 X76.967 Y94.436
;TYPE:WALL-INNER
G1 F3600 X80.188 Y94.377 E0.08036
G1 X81.418 Y94.336 E0.0307
G1 X85.032 Y94.263 E0.09017
G1 X85.008 Y93.573 E0.01722
G1 X84.992 Y92.455 E0.02789
G1 X85.012 Y89.957 E0.06231
G1 X84.988 Y87.601 E0.05877
G1 X85.047 Y85.767 E0.04577
G1 X83.167 Y85.735 E0.0469
G1 X81.744 Y85.667 E0.03554
G1 X79.989 Y85.62 E0.04379
G1 X76.946 Y85.585 E0.07591
G1 X75.782 Y85.582 E0.02904
G1 X75.813 Y87.491 E0.04763
G1 X75.868 Y88.912 E0.03547
G1 X75.888 Y90.037 E0.02807
G1 X75.828 Y91.474 E0.03588
G1 X75.782 Y94.441 E0.07402
G1 X76.967 Y94.436 E0.02956
G0 F7200 X76.974 Y94.836
;TYPE:WALL-OUTER
G1 F1800 X80.201 Y94.777 E0.08051
G1 X81.427 Y94.736 E0.0306
G1 X84.477 Y94.668 E0.0761
G1 X85.445 Y94.658 E0.02415
G1 X85.408 Y93.567 E0.02723
G1 X85.392 Y92.458 E0.02767
G1 X85.412 Y89.953 E0.06249
G1 X85.388 Y87.613 E0.05837
G1 X85.432 Y86.235 E0.03439
G1 X85.432 Y85.373 E0.0215
G1 X83.187 Y85.335 E0.05601
G1 X81.755 Y85.267 E0.03576
G1 X79.994 Y85.22 E0.04394
G1 X76.947 Y85.185 E0.07601
G1 X75.376 Y85.181 E0.03919
G1 X75.413 Y87.506 E0.058
G1 X75.468 Y88.92 E0.0353
G1 X75.488 Y90.021 E0.02747
G1 X75.428 Y91.462 E0.03598
G1 X75.376 Y94.843 E0.08435
G1 X76.974 Y94.836 E0.03986
G0 F7200 X77.173 Y94.833
G0 X77.157 Y93.836
G1 F4200 E-3.5
G0 F7200 X85.235 Y94.337
G0 X86.299 Y94.303
G0 X93.718 Y94.329
G0 X94.783 Y94.328
G0 X97.233 Y93.944
G0 X97.231 Y94.082
;TYPE:FILL
G1 F4200 E3.5
G1 F3600 X104.008 Y87.306 E0.23906
G1 X104.078 Y87.236
G0 F7200 X103.87 Y87.233
G0 X103.86 Y92.69
G0 X103.999 Y92.685
G1 F3600 X97.13 Y85.816 E0.24232
G1 X97.06 Y85.746
G0 F7200 X97.062 Y85.959
G0 X99.944 Y94.026
G0 X99.94 Y94.324
;TYPE:WALL-INNER
G1 F3600 X104.256 Y94.379 E0.10767
G1 X104.188 Y93.301 E0.02694
G1 X104.148 Y92.455 E0.02113
G1 X104.14 Y91.643 E0.02026
G1 X104.088 Y89.921 E0.04298
G1 X104.152 Y88.215 E0.04259
G1 X104.2 Y85.511 E0.06746
G1 X103.05 Y85.509 E0.02869
G1 X99.918 Y85.568 E0.07814
G1 X98.227 Y85.636 E0.04222
G1 X94.899 Y85.693 E0.08303
G1 X95.04 Y89.106 E0.08521
G1 X95.065 Y89.934 E0.02066
G1 X94.996 Y91.523 E0.03968
G1 X94.98 Y92.481 E0.0239
G1 X94.98 Y94.24 E0.04388
G1 X96.821 Y94.236 E0.04592
G1 X98.261 Y94.256 E0.03592
G1 X99.94 Y94.324 E0.04192
G0 F7200 X99.93 Y94.724
;TYPE:WALL-OUTER
G1 F1800 X104.682 Y94.785 E0.11855
G1 X104.588 Y93.282 E0.03757
G1 X104.548 Y92.451 E0.02075
G1 X104.54 Y91.631 E0.02046
G1 X104.488 Y89.936 E0.0423
G1 X104.552 Y88.226 E0.04269
G1 X104.608 Y85.112 E0.07769
G1 X103.043 Y85.109 E0.03904
G1 X99.906 Y85.168 E0.07827
G1 X98.22 Y85.236 E0.04209
G1 X94.502 Y85.301 E0.09276
G1 X94.508 Y85.931 E0.01572
G1 X94.64 Y89.118 E0.07957
G1 X94.665 Y89.933 E0.02034
G1 X94.596 Y91.511 E0.0394
G1 X94.58 Y92.481 E0.0242
G1 X94.58 Y94.634 E0.05371
G1 X95.251 Y94.644 E0.01674
G1 X96.815 Y94.636 E0.03901
G1 X98.245 Y94.656 E0.03567
G1 X99.93 Y94.724 E0.04207
G0 F7200 X100.13 Y94.726
G0 X100.144 Y93.728
G1 F4200 E-3.5
;MESH:NONMESH
G0 F600 X100.144 Y93.728 Z4.55
G0 F7200 X94.815 Y91.523
G0 X93.732 Y91.476
G0 X86.28 Y90.06
G0 X85.195 Y90.052
G0 X76.109 Y87.275
G0 X75.962 Y87.276
;TIME_ELAPSED:308.466897
;LAYER:29
;TYPE:FILL
;MESH:pi 3mm_deformed_tet.stl
G1 F4200 E3.5
G1 F3600 X82.83 Y94.144 E0.24229
G1 X82.9 Y94.214
G0 F7200 X82.896 Y94.003
G0 X76.104 Y92.724
G0 X75.964 Y92.722
G1 F3600 X82.804 Y85.882 E0.2413
G1 X82.874 Y85.812
G0 F7200 X82.864 Y86.024
G0 X76.949 Y94.14
G0 X76.963 Y94.436
;TYPE:WALL-INNER
G1 F3600 X80.178 Y94.377 E0.08021
G1 X81.578 Y94.332 E0.03494
G1 X85.036 Y94.259 E0.08628
G1 X85.008 Y93.432 E0.02064
G1 X84.996 Y92.456 E0.02435
G1 X85.011 Y89.949 E0.06254
G1 X84.984 Y87.599 E0.05862
G1 X85.047 Y85.773 E0.04558
G1 X83.163 Y85.739 E0.047
G1 X81.567 Y85.663 E0.03986
G1 X79.98 Y85.62 E0.0396
G1 X76.942 Y85.585 E0.07579
G1 X75.781 Y85.582 E0.02896
G1 X75.805 Y87.497 E0.04777
G1 X75.872 Y89.065 E0.03915
G1 X75.888 Y90.038 E0.02427
G1 X75.82 Y91.622 E0.03955
G1 X75.777 Y94.441 E0.07033
G1 X76.963 Y94.436 E0.02959
G0 F7200 X76.97 Y94.836
;TYPE:WALL-OUTER
G1 F1800 X80.191 Y94.777 E0.08036
G1 X81.587 Y94.732 E0.03484
G1 X84.637 Y94.664 E0.0761
G1 X85.449 Y94.654 E0.02026
G1 X85.408 Y93.427 E0.03062
G1 X85.396 Y92.458 E0.02417
G1 X85.411 Y89.945 E0.06269
G1 X85.384 Y87.613 E0.05818
G1 X85.436 Y86.088 E0.03806
G1 X85.436 Y85.381 E0.01764
G1 X83.182 Y85.339 E0.05624
G1 X81.578 Y85.263 E0.04006
G1 X79.985 Y85.22 E0.03975
G1 X76.943 Y85.185 E0.07589
G1 X75.375 Y85.181 E0.03911
G1 X75.405 Y87.514 E0.0582
G1 X75.472 Y89.072 E0.0389
G1 X75.488 Y90.021 E0.02368
G1 X75.42 Y91.61 E0.03967
G1 X75.371 Y94.843 E0.08066
G1 X76.97 Y94.836 E0.03989
G0 F7200 X77.169 Y94.833
G0 X77.153 Y93.836
G1 F4200 E-3.5
G1 F600 Z5.05
G0 F7200 X77.155 Y93.836 Z5.05
G0 X97.236 Y94.077
;TYPE:FILL
G1 F600 Z4.55
G1 F4200 E3.5
G1 F3600 X104.008 Y87.305 E0.2389
G1 X104.078 Y87.235
G0 F7200 X103.873 Y87.232
G0 X103.865 Y92.697
G0 X104.004 Y92.69
G1 F3600 X97.134 Y85.82 E0.24236
G1 X97.064 Y85.75
G0 F7200 X97.066 Y85.963
G0 X99.953 Y94.027
G0 X99.949 Y94.324
;TYPE:WALL-INNER
G1 F3600 X104.263 Y94.379 E0.10762
G1 X104.152 Y92.456 E0.04805
G1 X104.144 Y91.796 E0.01646
G1 X104.088 Y89.922 E0.04677
G1 X104.156 Y88.045 E0.04685
G1 X104.201 Y85.511 E0.06322
G1 X103.054 Y85.508 E0.02861
G1 X99.922 Y85.568 E0.07814
G1 X98.059 Y85.644 E0.04651
G1 X94.903 Y85.697 E0.07874
G1 X95.069 Y89.934 E0.10577
G1 X94.992 Y91.667 E0.04327
G1 X94.98 Y92.479 E0.02026
G1 X94.98 Y94.238 E0.04388
G1 X96.822 Y94.232 E0.04595
G1 X98.093 Y94.248 E0.03171
G1 X99.949 Y94.324 E0.04634
G0 F7200 X99.938 Y94.724
;TYPE:WALL-OUTER
G1 F1800 X104.687 Y94.785 E0.11847
G1 X104.552 Y92.451 E0.05832
G1 X104.544 Y91.784 E0.01664
G1 X104.488 Y89.936 E0.04612
G1 X104.556 Y88.052 E0.04703
G1 X104.608 Y85.112 E0.07335
G1 X103.047 Y85.108 E0.03894
G1 X99.91 Y85.168 E0.07827
G1 X98.052 Y85.244 E0.04639
G1 X94.484 Y85.305 E0.08902
G1 X94.669 Y89.933 E0.11554
G1 X94.592 Y91.655 E0.043
G1 X94.58 Y92.479 E0.02056
G1 X94.58 Y94.634 E0.05376
G1 X95.084 Y94.64 E0.01257
G1 X96.817 Y94.632 E0.04323
G1 X98.077 Y94.648 E0.03143
G1 X99.938 Y94.724 E0.04646
G0 F7200 X100.138 Y94.726
G0 X100.152 Y93.729
G1 F4200 E-3.5
;MESH:NONMESH
G0 F600 X100.152 Y93.729 Z4.7
G0 F7200 X94.812 Y91.666
G0 X93.729 Y91.619
G0 X86.279 Y90.062
G0 X85.194 Y90.055
G0 X76.105 Y87.271
G0 X75.958 Y87.272
;TIME_ELAPSED:315.847611
;LAYER:30
;TYPE:FILL
;MESH:pi 3mm_deformed_tet.stl
G1 F4200 E3.5
G1 F3600 X82.826 Y94.139 E0.24227
G1 X82.896 Y94.209
G0 F7200 X82.892 Y94.001
G0 X76.099 Y92.73
G0 X75.958 Y92.728
G1 F3600 X82.801 Y85.884 E0.24142
G1 X82.871 Y85.814
G0 F7200 X82.861 Y86.028
G0 X76.944 Y94.14
G0 X76.959 Y94.436
;TYPE:WALL-INNER
G1 F3600 X80.188 Y94.377 E0.08056
G1 X81.742 Y94.324 E0.03879
G1 X85.035 Y94.253 E0.08216
G1 X85.004 Y93.29 E0.02403
G1 X84.996 Y92.456 E0.02081
G1 X85.011 Y89.949 E0.06254
G1 X84.984 Y87.599 E0.05862
G1 X85.04 Y85.778 E0.04545
G1 X83.17 Y85.743 E0.04666
G1 X81.425 Y85.656 E0.04358
G1 X79.981 Y85.62 E0.03603
G1 X76.938 Y85.585 E0.07591
G1 X75.777 Y85.582 E0.02896
G1 X75.801 Y87.496 E0.04775
G1 X75.873 Y89.218 E0.04299
G1 X75.884 Y90.037 E0.02043
G1 X75.812 Y91.769 E0.04324
G1 X75.773 Y94.441 E0.06666
G1 X76.959 Y94.436 E0.02959
G0 F7200 X76.966 Y94.836
;TYPE:WALL-OUTER
G1 F1800 X80.201 Y94.777 E0.08071
G1 X81.751 Y94.724 E0.03869
G1 X84.798 Y94.656 E0.07603
G1 X85.449 Y94.649 E0.01624
G1 X85.404 Y93.286 E0.03402
G1 X85.396 Y92.458 E0.02066
G1 X85.411 Y89.945 E0.06269
G1 X85.384 Y87.613 E0.05818
G1 X85.44 Y85.947 E0.04158
G1 X85.44 Y85.385 E0.01402
G1 X83.19 Y85.343 E0.05614
G1 X81.44 Y85.256 E0.04371
G1 X79.986 Y85.22 E0.03628
G1 X76.939 Y85.185 E0.07601
G1 X75.371 Y85.181 E0.03911
G1 X75.401 Y87.512 E0.05815
G1 X75.473 Y89.224 E0.04274
G1 X75.484 Y90.021 E0.01988
G1 X75.412 Y91.758 E0.04337
G1 X75.367 Y94.843 E0.07696
G1 X76.966 Y94.836 E0.03989
G0 F7200 X77.165 Y94.833
G0 X77.148 Y93.836
G1 F4200 E-3.5
G0 F7200 X85.221 Y94.331
G0 X86.304 Y94.295
G0 X93.717 Y94.328
G0 X94.782 Y94.327
G0 X97.241 Y93.937
G0 X97.239 Y94.074
;TYPE:FILL
G1 F4200 E3.5
G1 F3600 X104.013 Y87.3 E0.23897
G1 X104.083 Y87.23
G0 F7200 X103.877 Y87.227
G0 X103.867 Y92.699
G0 X104.008 Y92.694
G1 F3600 X97.135 Y85.822 E0.24245
G1 X97.065 Y85.752
G0 F7200 X97.067 Y85.966
G0 X99.957 Y94.029
G0 X99.953 Y94.328
;TYPE:WALL-INNER
G1 F3600 X104.268 Y94.38 E0.10765
G1 X104.18 Y92.992 E0.03469
G1 X104.156 Y92.458 E0.01333
G1 X104.088 Y89.921 E0.06331
G1 X104.164 Y87.896 E0.05055
G1 X104.205 Y85.508 E0.05958
G1 X103.064 Y85.508 E0.02846
G1 X99.886 Y85.569 E0.07929
G1 X97.895 Y85.648 E0.0497
G1 X94.904 Y85.698 E0.07462
G1 X95.073 Y89.934 E0.10575
G1 X94.988 Y91.81 E0.04685
G1 X94.98 Y94.235 E0.06049
G1 X96.818 Y94.228 E0.04585
G1 X97.929 Y94.244 E0.02772
G1 X99.953 Y94.328 E0.05053
G0 F7200 X99.942 Y94.728
;TYPE:WALL-OUTER
G1 F1800 X104.694 Y94.785 E0.11855
G1 X104.58 Y92.974 E0.04526
G1 X104.556 Y92.452 E0.01304
G1 X104.488 Y89.936 E0.06278
G1 X104.564 Y87.93 E0.05008
G1 X104.612 Y85.108 E0.07041
G1 X103.057 Y85.108 E0.03879
G1 X99.87 Y85.169 E0.07951
G1 X97.888 Y85.248 E0.04948
G1 X94.487 Y85.305 E0.08485
G1 X94.673 Y89.933 E0.11554
G1 X94.588 Y91.798 E0.04657
G1 X94.58 Y92.478 E0.01696
G1 X94.58 Y94.633 E0.05376
G1 X96.812 Y94.628 E0.05568
G1 X97.913 Y94.644 E0.02747
G1 X99.942 Y94.728 E0.05066
G0 F7200 X100.142 Y94.73
G0 X100.154 Y93.731
G1 F4200 E-3.5
;MESH:NONMESH
G0 F600 X100.154 Y93.731 Z4.85
G0 F7200 X94.809 Y91.809
G0 X93.726 Y91.762
G0 X86.279 Y90.064
G0 X85.194 Y90.057
G0 X76.101 Y87.267
G0 X75.955 Y87.268
;TIME_ELAPSED:323.229442
;LAYER:31
;TYPE:FILL
;MESH:pi 3mm_deformed_tet.stl
G1 F4200 E3.5
G1 F3600 X82.823 Y94.137 E0.2423
G1 X82.893 Y94.207
G0 F7200 X82.889 Y93.998
G0 X76.096 Y92.732
G0 X75.956 Y92.73
G1 F3600 X82.798 Y85.888 E0.24137
G1 X82.868 Y85.818
G0 F7200 X82.858 Y86.031
G0 X76.939 Y94.14
G0 X76.953 Y94.436
;TYPE:WALL-INNER
G1 F3600 X80.101 Y94.379 E0.07854
G1 X81.901 Y94.32 E0.04493
G1 X85.039 Y94.247 E0.0783
G1 X85.004 Y93.152 E0.02733
G1 X84.996 Y92.456 E0.01736
G1 X85.011 Y89.949 E0.06254
G1 X84.984 Y87.599 E0.05862
G1 X85.044 Y85.782 E0.04535
G1 X83.174 Y85.747 E0.04666
G1 X81.253 Y85.652 E0.04798
G1 X79.973 Y85.62 E0.03194
G1 X76.934 Y85.585 E0.07581
G1 X75.773 Y85.582 E0.02896
G1 X75.797 Y87.493 E0.04767
G1 X75.877 Y89.372 E0.04691
G1 X75.884 Y90.037 E0.01659
G1 X75.808 Y91.917 E0.04694
G1 X75.77 Y94.441 E0.06297
G1 X76.953 Y94.436 E0.02951
G0 F7200 X76.96 Y94.836
;TYPE:WALL-OUTER
G1 F1800 X80.114 Y94.779 E0.07869
G1 X81.911 Y94.72 E0.04485
G1 X85.453 Y94.642 E0.08838
G1 X85.404 Y93.147 E0.03731
G1 X85.396 Y92.458 E0.01719
G1 X85.411 Y89.945 E0.06269
G1 X85.384 Y87.613 E0.05818
G1 X85.458 Y85.389 E0.05551
G1 X83.194 Y85.347 E0.05649
G1 X81.268 Y85.252 E0.0481
G1 X79.978 Y85.22 E0.03219
G1 X76.935 Y85.185 E0.07591
G1 X75.367 Y85.181 E0.03911
G1 X75.397 Y87.509 E0.05808
G1 X75.477 Y89.377 E0.04664
G1 X75.484 Y90.021 E0.01607
G1 X75.408 Y91.906 E0.04706
G1 X75.364 Y94.843 E0.07327
G1 X76.96 Y94.836 E0.03981
G0 F7200 X77.159 Y94.833
G0 X77.142 Y93.836
G1 F4200 E-3.5
G0 F7200 X85.242 Y94.324
G0 X86.306 Y94.29
G0 X93.717 Y94.317
G0 X94.782 Y94.316
G0 X97.243 Y93.934
G0 X97.241 Y94.072
;TYPE:FILL
G1 F4200 E3.5
G1 F3600 X104.015 Y87.298 E0.23897
G1 X104.085 Y87.228
G0 F7200 X103.88 Y87.225
G0 X103.873 Y92.704
G0 X104.01 Y92.696
G1 F3600 X97.14 Y85.826 E0.24236
G1 X97.07 Y85.756
G0 F7200 X97.072 Y85.968
G0 X97.773 Y93.942
G0 X97.76 Y94.24
;TYPE:WALL-INNER
G1 F3600 X99.956 Y94.328 E0.05482
G1 X104.273 Y94.38 E0.1077
G1 X104.156 Y92.465 E0.04786
G1 X104.088 Y89.917 E0.06358
G1 X104.168 Y87.751 E0.05407
G1 X104.208 Y85.507 E0.05599
G1 X103.066 Y85.505 E0.02849
G1 X99.931 Y85.564 E0.07822
G1 X97.73 Y85.656 E0.05495
G1 X94.905 Y85.702 E0.07048
G1 X95.073 Y89.934 E0.10565
G1 X94.981 Y92.109 E0.0543
G1 X94.98 Y94.226 E0.05281
G1 X96.75 Y94.224 E0.04415
G1 X97.76 Y94.24 E0.0252
G0 F7200 X97.744 Y94.64
;TYPE:WALL-OUTER
G1 F1800 X99.946 Y94.728 E0.05497
G1 X104.699 Y94.785 E0.11857
G1 X104.556 Y92.454 E0.05826
G1 X104.488 Y89.932 E0.06293
G1 X104.568 Y87.758 E0.05427
G1 X104.616 Y85.108 E0.06612
G1 X103.059 Y85.105 E0.03884
G1 X99.919 Y85.164 E0.07834
G1 X97.724 Y85.256 E0.0548
G1 X94.489 Y85.309 E0.08071
G1 X94.673 Y89.933 E0.11544
G1 X94.581 Y92.101 E0.05413
G1 X94.58 Y94.627 E0.06301
G1 X96.744 Y94.624 E0.05398
G1 X97.744 Y94.64 E0.02495
G0 F7200 X97.943 Y94.647
G0 X97.984 Y93.65
G1 F4200 E-3.5
;MESH:NONMESH
G0 F600 X97.984 Y93.65 Z5
G0 F7200 X94.895 Y89.94
G0 X93.809 Y89.949
G0 X86.277 Y90.041
G0 X85.212 Y90.054
G0 X76.097 Y87.262
G0 X75.95 Y87.263
;TIME_ELAPSED:330.618637
;LAYER:32
;TYPE:FILL
;MESH:pi 3mm_deformed_tet.stl
G1 F4200 E3.5
G1 F3600 X82.822 Y94.136 E0.24245
G1 X82.892 Y94.206
G0 F7200 X82.888 Y93.995
G0 X76.091 Y92.738
G0 X75.95 Y92.736
G1 F3600 X82.794 Y85.892 E0.24144
G1 X82.864 Y85.822
G0 F7200 X82.854 Y86.034
G0 X76.934 Y94.14
G0 X76.947 Y94.436
;TYPE:WALL-INNER
G1 F3600 X80.093 Y94.376 E0.07849
G1 X82.067 Y94.312 E0.04927
G1 X85.04 Y94.248 E0.07418
G1 X85 Y93.009 E0.03092
G1 X85.011 Y89.941 E0.07653
G1 X84.98 Y87.6 E0.0584
G1 X85.04 Y85.785 E0.0453
G1 X83.169 Y85.751 E0.04668
G1 X81.077 Y85.648 E0.05225
G1 X79.968 Y85.62 E0.02767
G1 X76.929 Y85.581 E0.07581
G1 X75.769 Y85.581 E0.02894
G1 X75.793 Y87.493 E0.0477
G1 X75.892 Y89.894 E0.05994
G1 X75.8 Y92.066 E0.05423
G1 X75.765 Y94.441 E0.05925
G1 X76.947 Y94.436 E0.02949
G0 F7200 X76.955 Y94.836
;TYPE:WALL-OUTER
G1 F1800 X80.106 Y94.776 E0.07862
G1 X82.075 Y94.712 E0.04914
G1 X85.453 Y94.64 E0.08428
G1 X85.4 Y93.006 E0.04078
G1 X85.411 Y89.936 E0.07658
G1 X85.38 Y87.613 E0.05795
G1 X85.453 Y85.393 E0.05541
G1 X83.189 Y85.351 E0.05649
G1 X81.092 Y85.248 E0.05237
G1 X79.973 Y85.22 E0.02792
G1 X76.929 Y85.181 E0.07594
G1 X75.363 Y85.181 E0.03906
G1 X75.393 Y87.509 E0.05808
G1 X75.492 Y89.877 E0.05912
G1 X75.4 Y92.054 E0.05435
G1 X75.359 Y94.843 E0.06958
G1 X76.955 Y94.836 E0.03981
G0 F7200 X77.154 Y94.833
G0 X77.137 Y93.835
G1 F4200 E-3.5
G0 F7200 X85.246 Y94.326
G0 X86.309 Y94.291
G0 X93.716 Y94.339
G0 X94.801 Y94.34
G0 X97.244 Y93.931
G0 X97.242 Y94.071
;TYPE:FILL
G1 F4200 E3.5
G1 F3600 X104.021 Y87.292 E0.23915
G1 X104.091 Y87.222
G0 F7200 X103.884 Y87.219
G0 X103.874 Y92.702
G0 X104.013 Y92.7
G1 F3600 X97.142 Y85.828 E0.24241
G1 X97.072 Y85.758
G0 F7200 X97.074 Y85.971
G0 X97.61 Y93.937
G0 X97.597 Y94.232
;TYPE:WALL-INNER
G1 F3600 X99.96 Y94.328 E0.05899
G1 X104.277 Y94.383 E0.1077
G1 X104.172 Y92.675 E0.04269
G1 X104.088 Y89.917 E0.06883
G1 X104.176 Y87.606 E0.05769
G1 X104.213 Y85.507 E0.05237
G1 X103.074 Y85.505 E0.02841
G1 X99.934 Y85.564 E0.07834
G1 X97.563 Y85.66 E0.05919
G1 X94.912 Y85.706 E0.06614
G1 X95.076 Y89.958 E0.10615
G1 X94.985 Y92.09 E0.05323
G1 X94.981 Y94.226 E0.05328
G1 X96.742 Y94.224 E0.04393
G1 X97.597 Y94.232 E0.02133
G0 F7200 X97.581 Y94.632
;TYPE:WALL-OUTER
G1 F1800 X99.95 Y94.728 E0.05914
G1 X104.703 Y94.789 E0.11857
G1 X104.572 Y92.663 E0.05313
G1 X104.488 Y89.932 E0.06816
G1 X104.576 Y87.613 E0.05789
G1 X104.62 Y85.108 E0.0625
G1 X103.067 Y85.105 E0.03874
G1 X99.922 Y85.164 E0.07847
G1 X97.556 Y85.26 E0.05907
G1 X94.496 Y85.313 E0.07634
G1 X94.676 Y89.941 E0.11553
G1 X94.585 Y92.081 E0.05343
G1 X94.581 Y94.627 E0.06351
G1 X96.738 Y94.624 E0.05381
G1 X97.581 Y94.632 E0.02103
G0 F7200 X97.78 Y94.64
G0 X97.821 Y93.645
G1 F4200 E-3.5
;MESH:NONMESH
G0 F600 X97.821 Y93.645 Z5.15
G0 F7200 X94.898 Y89.94
G0 X93.812 Y89.948
G0 X86.277 Y90.047
G0 X85.193 Y90.061
G0 X76.093 Y87.258
G0 X75.945 Y87.259
;TIME_ELAPSED:338.010548
;LAYER:33
;TYPE:FILL
;MESH:pi 3mm_deformed_tet.stl
G1 F4200 E3.5
G1 F3600 X82.817 Y94.131 E0.24243
G1 X82.887 Y94.201
G0 F7200 X82.883 Y93.993
G0 X76.087 Y92.74
G0 X75.948 Y92.738
G1 F3600 X82.79 Y85.896 E0.24137
G1 X82.86 Y85.826
G0 F7200 X82.85 Y86.038
G0 X82.218 Y94.008
G0 X82.227 Y94.304
;TYPE:WALL-INNER
G1 F3600 X85.044 Y94.244 E0.07029
G1 X84.992 Y92.663 E0.03946
G1 X85.011 Y90.114 E0.06359
G1 X84.98 Y87.6 E0.06272
G1 X85.04 Y85.789 E0.0452
G1 X83.175 Y85.755 E0.04653
G1 X80.905 Y85.64 E0.0567
G1 X79.96 Y85.616 E0.02358
G1 X76.926 Y85.581 E0.07569
G1 X75.765 Y85.581 E0.02896
G1 X75.789 Y87.492 E0.04767
G1 X75.888 Y89.883 E0.05969
G1 X75.796 Y92.238 E0.05879
G1 X75.758 Y94.441 E0.05496
G1 X76.939 Y94.436 E0.02946
G1 X80.096 Y94.375 E0.07877
G1 X82.227 Y94.304 E0.05319
G0 F7200 X82.235 Y94.704
;TYPE:WALL-OUTER
G1 F1800 X85.457 Y94.636 E0.08039
G1 X85.392 Y92.666 E0.04917
G1 X85.411 Y90.117 E0.06359
G1 X85.38 Y87.613 E0.06247
G1 X85.453 Y85.397 E0.05531
G1 X83.195 Y85.355 E0.05634
G1 X80.92 Y85.24 E0.05682
G1 X79.965 Y85.216 E0.02383
G1 X76.926 Y85.181 E0.07581
G1 X75.359 Y85.181 E0.03909
G1 X75.389 Y87.508 E0.05805
G1 X75.488 Y89.917 E0.06014
G1 X75.396 Y92.202 E0.05705
G1 X75.352 Y94.843 E0.06589
G1 X76.947 Y94.836 E0.03979
G1 X80.109 Y94.775 E0.07889
G1 X82.235 Y94.704 E0.05306
G0 F7200 X82.434 Y94.7
G0 X82.415 Y93.703
G1 F4200 E-3.5
G0 F7200 X85.247 Y94.32
G0 X86.311 Y94.285
G0 X93.716 Y94.32
G0 X94.801 Y94.32
G0 X97.249 Y93.927
G0 X97.247 Y94.066
;TYPE:FILL
G1 F4200 E3.5
G1 F3600 X104.022 Y87.291 E0.23901
G1 X104.092 Y87.221
G0 F7200 X103.887 Y87.218
G0 X103.88 Y92.714
G0 X104.02 Y92.706
G1 F3600 X97.147 Y85.833 E0.24246
G1 X97.077 Y85.763
G0 F7200 X97.079 Y85.974
G0 X97.442 Y93.931
G0 X97.429 Y94.228
;TYPE:WALL-INNER
G1 F3600 X99.964 Y94.332 E0.06329
G1 X104.284 Y94.384 E0.10777
G1 X104.168 Y92.522 E0.04654
G1 X104.092 Y89.918 E0.06498
G1 X104.18 Y87.463 E0.06128
G1 X104.216 Y85.507 E0.0488
G1 X103.082 Y85.504 E0.02829
G1 X99.938 Y85.564 E0.07844
G1 X97.399 Y85.668 E0.06339
G1 X94.909 Y85.71 E0.06212
G1 X95.081 Y89.934 E0.10546
G1 X94.981 Y92.234 E0.05743
G1 X94.98 Y94.225 E0.04967
G1 X96.74 Y94.22 E0.0439
G1 X97.429 Y94.228 E0.01719
G0 F7200 X97.413 Y94.628
;TYPE:WALL-OUTER
G1 F1800 X99.954 Y94.732 E0.06344
G1 X104.71 Y94.789 E0.11865
G1 X104.568 Y92.51 E0.05696
G1 X104.492 Y89.932 E0.06434
G1 X104.58 Y87.471 E0.06143
G1 X104.624 Y85.108 E0.05896
G1 X103.075 Y85.104 E0.03864
G1 X99.926 Y85.164 E0.07857
G1 X97.392 Y85.268 E0.06326
G1 X94.493 Y85.317 E0.07233
G1 X94.681 Y89.933 E0.11524
G1 X94.581 Y92.225 E0.05723
G1 X94.58 Y94.627 E0.05992
G1 X96.735 Y94.62 E0.05376
G1 X97.413 Y94.628 E0.01691
G0 F7200 X97.612 Y94.636
G0 X97.653 Y93.639
G1 F4200 E-3.5
;MESH:NONMESH
G0 F600 X97.653 Y93.639 Z5.3
G0 F7200 X94.902 Y89.94
G0 X93.817 Y89.936
G0 X86.277 Y90.048
G0 X85.193 Y90.063
G0 X76.089 Y87.255
G0 X75.943 Y87.256
;TIME_ELAPSED:345.354537
;LAYER:34
;TYPE:FILL
;MESH:pi 3mm_deformed_tet.stl
G1 F4200 E3.5
G1 F3600 X82.816 Y94.13 E0.24248
G1 X82.886 Y94.2
G0 F7200 X82.882 Y93.99
G0 X76.082 Y92.745
G0 X75.943 Y92.743
G1 F3600 X82.787 Y85.899 E0.24144
G1 X82.857 Y85.829
G0 F7200 X82.847 Y86.041
G0 X82.38 Y94.002
G0 X82.39 Y94.3
;TYPE:WALL-INNER
G1 F3600 X85.047 Y94.241 E0.0663
G1 X84.996 Y92.724 E0.03786
G1 X85.011 Y90.115 E0.06508
G1 X84.976 Y87.601 E0.06272
G1 X85.033 Y85.793 E0.04512
G1 X83.17 Y85.759 E0.04648
G1 X80.729 Y85.636 E0.06097
G1 X79.951 Y85.616 E0.01941
G1 X76.922 Y85.581 E0.07556
G1 X75.764 Y85.581 E0.02889
G1 X75.785 Y87.493 E0.0477
G1 X75.884 Y90.006 E0.06274
G1 X75.788 Y92.386 E0.05942
G1 X75.754 Y94.441 E0.05127
G1 X76.935 Y94.436 E0.02946
G1 X80.091 Y94.375 E0.07874
G1 X82.39 Y94.3 E0.05738
G0 F7200 X82.399 Y94.7
;TYPE:WALL-OUTER
G1 F1800 X85.461 Y94.632 E0.0764
G1 X85.396 Y92.726 E0.04757
G1 X85.411 Y90.117 E0.06508
G1 X85.376 Y87.613 E0.06247
G1 X85.445 Y85.401 E0.05521
G1 X83.19 Y85.359 E0.05626
G1 X80.744 Y85.236 E0.06109
G1 X79.956 Y85.216 E0.01966
G1 X76.922 Y85.181 E0.07569
G1 X75.359 Y85.181 E0.03899
G1 X75.385 Y87.509 E0.05808
G1 X75.484 Y90.017 E0.06261
G1 X75.388 Y92.35 E0.05825
G1 X75.348 Y94.843 E0.0622
G1 X76.943 Y94.836 E0.03979
G1 X80.104 Y94.775 E0.07887
G1 X82.399 Y94.7 E0.05728
G0 F7200 X82.598 Y94.696
G0 X82.578 Y93.697
G1 F4200 E-3.5
G0 F7200 X85.249 Y94.31
G0 X86.313 Y94.275
G0 X93.714 Y94.307
G0 X94.779 Y94.306
G0 X97.251 Y93.924
G0 X97.249 Y94.064
;TYPE:FILL
G1 F4200 E3.5
G1 F3600 X104.028 Y87.285 E0.23915
G1 X104.098 Y87.215
G0 F7200 X103.893 Y87.212
G0 X103.886 Y92.717
G0 X104.023 Y92.709
G1 F3600 X97.148 Y85.834 E0.24253
G1 X97.078 Y85.764
G0 F7200 X97.08 Y85.977
G0 X97.048 Y93.922
G0 X97.044 Y94.215
;TYPE:WALL-INNER
G1 F3600 X99.968 Y94.332 E0.073
G1 X104.288 Y94.384 E0.10777
G1 X104.168 Y92.464 E0.04799
G1 X104.1 Y89.749 E0.06775
G1 X104.188 Y87.32 E0.06063
G1 X104.221 Y85.506 E0.04526
G1 X103.084 Y85.5 E0.02836
G1 X99.881 Y85.566 E0.07992
G1 X97.235 Y85.672 E0.06606
G1 X94.906 Y85.714 E0.05811
G1 X95.081 Y89.934 E0.10536
G1 X94.977 Y92.361 E0.0606
G1 X94.976 Y94.221 E0.0464
G1 X97.044 Y94.215 E0.05159
G0 F7200 X97.026 Y94.615
;TYPE:WALL-OUTER
G1 F1800 X99.958 Y94.732 E0.0732
G1 X104.714 Y94.789 E0.11865
G1 X104.568 Y92.454 E0.05836
G1 X104.5 Y89.763 E0.06715
G1 X104.588 Y87.327 E0.06081
G1 X104.628 Y85.108 E0.05536
G1 X103.076 Y85.1 E0.03872
G1 X99.865 Y85.166 E0.08012
G1 X97.228 Y85.272 E0.06583
G1 X94.489 Y85.321 E0.06834
G1 X94.681 Y89.933 E0.11515
G1 X94.577 Y92.353 E0.06042
G1 X94.576 Y94.623 E0.05663
G1 X97.026 Y94.615 E0.06112
G0 F7200 X97.225 Y94.622
G0 X97.238 Y93.624
G1 F4200 E-3.5
;MESH:NONMESH
G0 F600 X97.238 Y93.624 Z5.45
G0 F7200 X94.9 Y89.939
G0 X93.815 Y89.939
G0 X86.276 Y90.051
G0 X85.192 Y90.066
G0 X76.084 Y87.251
G0 X75.938 Y87.252
;TIME_ELAPSED:352.692406
;LAYER:35
;TYPE:FILL
;MESH:pi 3mm_deformed_tet.stl
G1 F4200 E3.5
G1 F3600 X82.811 Y94.125 E0.24246
G1 X82.881 Y94.195
G0 F7200 X82.877 Y93.988
G0 X76.078 Y92.752
G0 X75.936 Y92.75
G1 F3600 X82.782 Y85.904 E0.24151
G1 X82.852 Y85.834
G0 F7200 X82.842 Y86.044
G0 X82.542 Y93.996
G0 X82.55 Y94.292
;TYPE:WALL-INNER
G1 F3600 X85.048 Y94.237 E0.06233
G1 X84.996 Y92.584 E0.04125
G1 X85.011 Y90.119 E0.06149
G1 X84.976 Y87.6 E0.06284
G1 X85.036 Y85.8 E0.04493
G1 X83.173 Y85.763 E0.04648
G1 X80.557 Y85.632 E0.06534
G1 X79.942 Y85.616 E0.01535
G1 X76.918 Y85.581 E0.07544
G1 X75.76 Y85.581 E0.02889
G1 X75.781 Y87.495 E0.04775
G1 X75.884 Y90.005 E0.06266
G1 X75.78 Y92.533 E0.06311
G1 X75.75 Y94.441 E0.0476
G1 X76.931 Y94.436 E0.02946
G1 X80.087 Y94.375 E0.07874
G1 X82.55 Y94.292 E0.06147
G0 F7200 X82.559 Y94.692
;TYPE:WALL-OUTER
G1 F1800 X85.461 Y94.628 E0.07241
G1 X85.396 Y92.586 E0.05096
G1 X85.411 Y90.121 E0.06149
G1 X85.376 Y87.613 E0.06257
G1 X85.449 Y85.408 E0.05503
G1 X83.193 Y85.363 E0.05629
G1 X80.572 Y85.232 E0.06546
G1 X79.947 Y85.216 E0.0156
G1 X76.918 Y85.181 E0.07556
G1 X75.355 Y85.181 E0.03899
G1 X75.381 Y87.511 E0.05813
G1 X75.484 Y89.989 E0.06187
G1 X75.38 Y92.498 E0.06264
G1 X75.344 Y94.843 E0.0585
G1 X76.939 Y94.836 E0.03979
G1 X80.101 Y94.775 E0.07889
G1 X82.559 Y94.692 E0.06135
G0 F7200 X82.758 Y94.688
G0 X82.737 Y93.691
G1 F4200 E-3.5
G0 F7200 X85.253 Y94.317
G0 X86.316 Y94.282
G0 X93.709 Y94.301
G0 X94.774 Y94.299
G0 X97.257 Y93.927
G0 X97.251 Y94.063
;TYPE:FILL
G1 F4200 E3.5
G1 F3600 X104.035 Y87.278 E0.23934
G1 X104.105 Y87.208
G0 F7200 X103.902 Y87.201
G0 X103.895 Y92.725
G0 X104.031 Y92.717
G1 F3600 X97.147 Y85.833 E0.24285
G1 X97.077 Y85.763
G0 F7200 X97.087 Y85.978
G0 X99.977 Y94.037
G0 X99.973 Y94.336
;TYPE:WALL-INNER
G1 F3600 X104.296 Y94.388 E0.10785
G1 X104.177 Y92.494 E0.04734
G1 X104.176 Y92.189 E0.00761
G1 X104.108 Y89.625 E0.06398
G1 X104.2 Y87.174 E0.06118
G1 X104.229 Y85.503 E0.04169
G1 X103.09 Y85.5 E0.02841
G1 X99.905 Y85.561 E0.07946
G1 X97.071 Y85.676 E0.07075
G1 X94.9 Y85.717 E0.05417
G1 X95.073 Y89.934 E0.10528
G1 X94.968 Y92.353 E0.0604
G1 X94.971 Y94.219 E0.04655
G1 X97.098 Y94.216 E0.05306
G1 X99.973 Y94.336 E0.07178
G0 F7200 X99.962 Y94.736
;TYPE:WALL-OUTER
G1 F1800 X104.722 Y94.793 E0.11875
G1 X104.576 Y92.456 E0.05841
G1 X104.576 Y92.179 E0.00691
G1 X104.508 Y89.64 E0.06336
G1 X104.6 Y87.181 E0.06138
G1 X104.636 Y85.104 E0.05182
G1 X103.083 Y85.1 E0.03874
G1 X99.889 Y85.161 E0.07969
G1 X97.064 Y85.276 E0.07053
G1 X94.484 Y85.327 E0.06437
G1 X94.673 Y89.933 E0.11499
G1 X94.568 Y92.345 E0.06022
G1 X94.572 Y94.619 E0.05673
G1 X97.081 Y94.616 E0.06259
G1 X99.962 Y94.736 E0.07193
G0 F7200 X100.162 Y94.738
G0 X100.174 Y93.739
G1 F4200 E-3.5
;MESH:NONMESH
G0 F600 X100.174 Y93.739 Z5.6
G0 F7200 X94.892 Y89.938
G0 X93.807 Y89.936
G0 X86.276 Y90.052
G0 X85.192 Y90.068
G0 X76.08 Y87.243
G0 X75.931 Y87.244
;TIME_ELAPSED:360.058750
;LAYER:36
;TYPE:FILL
;MESH:pi 3mm_deformed_tet.stl
G1 F4200 E3.5
G1 F3600 X82.811 Y94.125 E0.24273
G1 X82.881 Y94.195
G0 F7200 X82.877 Y93.984
G0 X76.069 Y92.76
G0 X75.928 Y92.758
G1 F3600 X82.783 Y85.903 E0.24183
G1 X82.853 Y85.833
G0 F7200 X82.843 Y86.047
G0 X82.703 Y93.989
G0 X82.713 Y94.288
;TYPE:WALL-INNER
G1 F3600 X85.052 Y94.23 E0.05836
G1 X84.996 Y92.453 E0.04435
G1 X85.007 Y89.942 E0.06264
G1 X84.976 Y87.599 E0.05845
G1 X85.039 Y85.803 E0.04483
G1 X83.174 Y85.763 E0.04653
G1 X80.385 Y85.628 E0.06965
G1 X76.912 Y85.581 E0.08664
G1 X75.752 Y85.578 E0.02894
G1 X75.773 Y87.416 E0.04585
G1 X75.876 Y90.006 E0.06466
G1 X75.768 Y92.657 E0.06618
G1 X75.744 Y94.441 E0.04451
G1 X76.924 Y94.436 E0.02944
G1 X80.082 Y94.372 E0.07879
G1 X82.713 Y94.288 E0.06566
G0 F7200 X82.723 Y94.688
;TYPE:WALL-OUTER
G1 F1800 X85.465 Y94.62 E0.06842
G1 X85.396 Y92.455 E0.05403
G1 X85.407 Y89.937 E0.06281
G1 X85.376 Y87.613 E0.05798
G1 X85.453 Y85.412 E0.05494
G1 X83.194 Y85.363 E0.05636
G1 X80.397 Y85.228 E0.06985
G1 X76.913 Y85.181 E0.08692
G1 X75.347 Y85.177 E0.03906
G1 X75.373 Y87.432 E0.05625
G1 X75.476 Y90.017 E0.06453
G1 X75.368 Y92.646 E0.06564
G1 X75.339 Y94.843 E0.05481
G1 X76.932 Y94.836 E0.03974
G1 X80.094 Y94.772 E0.07889
G1 X82.723 Y94.688 E0.06561
G0 F7200 X82.922 Y94.684
G0 X82.9 Y93.684
G1 F4200 E-3.5
G0 F7200 X85.256 Y94.318
G0 X86.319 Y94.283
G0 X93.707 Y94.314
G0 X94.772 Y94.313
G0 X97.254 Y93.928
G0 X97.248 Y94.065
;TYPE:FILL
G1 F4200 E3.5
G1 F3600 X104.034 Y87.279 E0.23939
G1 X104.104 Y87.209
G0 F7200 X103.904 Y87.198
G0 X103.902 Y92.734
G0 X104.04 Y92.726
G1 F3600 X97.148 Y85.834 E0.24313
G1 X97.078 Y85.764
G0 F7200 X97.086 Y85.978
G0 X96.946 Y93.915
G0 X96.933 Y94.212
;TYPE:WALL-INNER
G1 F3600 X99.976 Y94.336 E0.07597
G1 X104.307 Y94.388 E0.10805
G1 X104.185 Y92.495 E0.04732
G1 X104.183 Y92.039 E0.01138
G1 X104.116 Y89.487 E0.06368
G1 X104.189 Y87.379 E0.05262
G1 X104.212 Y87.038 E0.00853
G1 X104.237 Y85.503 E0.0383
G1 X103.098 Y85.5 E0.02841
G1 X99.95 Y85.56 E0.07854
G1 X96.902 Y85.684 E0.0761
G1 X94.896 Y85.728 E0.05005
G1 X95.064 Y89.958 E0.1056
G1 X94.961 Y92.342 E0.05952
G1 X94.971 Y94.212 E0.04665
G1 X96.933 Y94.212 E0.04894
G0 F7200 X96.917 Y94.612
;TYPE:WALL-OUTER
G1 F1800 X99.966 Y94.736 E0.07612
G1 X104.734 Y94.793 E0.11895
G1 X104.584 Y92.456 E0.05842
G1 X104.583 Y92.029 E0.01065
G1 X104.516 Y89.501 E0.06308
G1 X104.588 Y87.406 E0.05229
G1 X104.612 Y87.055 E0.00878
G1 X104.644 Y85.104 E0.04867
G1 X103.091 Y85.1 E0.03874
G1 X99.938 Y85.16 E0.07867
G1 X96.896 Y85.284 E0.07595
G1 X95.907 Y85.3 E0.02467
G1 X94.48 Y85.339 E0.03561
G1 X94.664 Y89.941 E0.11489
G1 X94.561 Y92.338 E0.05985
G1 X94.572 Y94.612 E0.05673
G1 X96.917 Y94.612 E0.0585
G0 F7200 X97.116 Y94.62
G0 X97.157 Y93.623
G1 F4200 E-3.5
;MESH:NONMESH
G0 F600 X97.157 Y93.623 Z5.75
G0 F7200 X94.884 Y89.939
G0 X93.798 Y89.948
G0 X86.275 Y90.055
G0 X85.191 Y90.07
G0 X76.073 Y87.233
G0 X75.92 Y87.234
;TIME_ELAPSED:367.398311
;LAYER:37
;TYPE:FILL
;MESH:pi 3mm_deformed_tet.stl
G1 F4200 E3.5
G1 F3600 X82.808 Y94.122 E0.24299
G1 X82.878 Y94.192
G0 F7200 X82.864 Y93.983
G0 X76.059 Y92.777
G0 X75.919 Y92.767
G1 F3600 X82.779 Y85.907 E0.24201
G1 X82.849 Y85.837
G0 F7200 X82.839 Y86.051
G0 X82.864 Y93.983
G0 X82.872 Y94.28
;TYPE:WALL-INNER
G1 F3600 X85.053 Y94.224 E0.05442
G1 X84.996 Y92.445 E0.0444
G1 X85.007 Y89.943 E0.06241
G1 X84.976 Y87.604 E0.05835
G1 X85.036 Y85.813 E0.0447
G1 X83.177 Y85.767 E0.04639
G1 X80.209 Y85.62 E0.07413
G1 X76.909 Y85.581 E0.08232
G1 X75.743 Y85.578 E0.02909
G1 X75.761 Y87.267 E0.04213
G1 X75.873 Y90.006 E0.06838
G1 X75.756 Y92.808 E0.06996
G1 X75.733 Y94.441 E0.04074
G1 X76.92 Y94.436 E0.02961
G1 X80.079 Y94.372 E0.07882
G1 X82.872 Y94.28 E0.06971
G0 F7200 X82.882 Y94.68
;TYPE:WALL-OUTER
G1 F1800 X85.465 Y94.613 E0.06445
G1 X85.396 Y92.447 E0.05406
G1 X85.407 Y89.938 E0.06259
G1 X85.376 Y87.617 E0.0579
G1 X85.449 Y85.423 E0.05476
G1 X83.197 Y85.367 E0.05619
G1 X80.221 Y85.22 E0.07433
G1 X76.91 Y85.181 E0.0826
G1 X75.339 Y85.177 E0.03919
G1 X75.361 Y87.283 E0.05254
G1 X75.473 Y90.007 E0.06801
G1 X75.356 Y92.792 E0.06953
G1 X75.327 Y94.843 E0.05117
G1 X76.928 Y94.836 E0.03994
G1 X80.092 Y94.772 E0.07894
G1 X82.882 Y94.68 E0.06963
G0 F7200 X83.081 Y94.675
G0 X83.057 Y93.677
G1 F4200 E-3.5
G0 F7200 X85.259 Y94.331
G0 X86.323 Y94.295
G0 X93.703 Y94.327
G0 X94.768 Y94.326
G0 X97.254 Y93.929
G0 X97.248 Y94.065
;TYPE:FILL
G1 F4200 E3.5
G1 F3600 X104.038 Y87.275 E0.23954
G1 X104.108 Y87.205
G0 F7200 X103.907 Y87.194
G0 X103.91 Y92.742
G0 X104.047 Y92.734
G1 F3600 X97.147 Y85.833 E0.24343
G1 X97.077 Y85.763
G0 F7200 X97.085 Y85.977
G0 X96.754 Y93.909
G0 X96.741 Y94.204
;TYPE:WALL-INNER
G1 F3600 X99.98 Y94.336 E0.08086
G1 X104.315 Y94.391 E0.10815
G1 X104.193 Y92.495 E0.04739
G1 X104.191 Y91.893 E0.01502
G1 X104.124 Y89.343 E0.06363
G1 X104.193 Y87.386 E0.04885
G1 X104.22 Y86.901 E0.01212
G1 X104.245 Y85.502 E0.0349
G1 X103.104 Y85.496 E0.02846
G1 X99.916 Y85.561 E0.07954
G1 X96.744 Y85.688 E0.07919
G1 X94.888 Y85.736 E0.04631
G1 X95.052 Y89.958 E0.1054
G1 X94.953 Y92.337 E0.0594
G1 X94.964 Y92.802 E0.0116
G1 X94.967 Y94.207 E0.03505
G1 X96.741 Y94.204 E0.04425
G0 F7200 X96.725 Y94.604
;TYPE:WALL-OUTER
G1 F1800 X99.97 Y94.736 E0.08101
G1 X104.742 Y94.797 E0.11905
G1 X104.592 Y92.456 E0.05852
G1 X104.591 Y91.883 E0.01429
G1 X104.524 Y89.357 E0.06303
G1 X104.592 Y87.408 E0.04865
G1 X104.62 Y86.916 E0.01229
G1 X104.652 Y85.104 E0.04521
G1 X103.096 Y85.096 E0.03882
G1 X99.9 Y85.161 E0.07974
G1 X96.734 Y85.288 E0.07904
G1 X94.472 Y85.347 E0.05645
G1 X94.652 Y89.941 E0.11469
G1 X94.553 Y92.334 E0.05974
G1 X94.564 Y92.803 E0.0117
G1 X94.568 Y94.607 E0.045
G1 X96.725 Y94.604 E0.05381
G0 F7200 X96.924 Y94.612
G0 X96.965 Y93.617
G1 F4200 E-3.5
;MESH:NONMESH
G0 F600 X96.965 Y93.617 Z5.9
G0 F7200 X94.773 Y92.335
G0 X93.691 Y92.365
G0 X86.262 Y92.279
G0 X85.178 Y92.273
G0 X76.061 Y87.226
G0 X75.913 Y87.227
;TIME_ELAPSED:374.720001
;LAYER:38
;TYPE:FILL
;MESH:pi 3mm_deformed_tet.stl
G1 F4200 E3.5
G1 F3600 X82.811 Y94.125 E0.24335
G1 X82.881 Y94.195
G0 F7200 X82.875 Y93.986
G0 X76.056 Y92.781
G0 X75.916 Y92.77
G1 F3600 X82.776 Y85.91 E0.24201
G1 X82.846 Y85.84
G0 F7200 X82.836 Y86.055
G0 X76.069 Y92.603
G0 X75.771 Y92.581
;TYPE:WALL-INNER
G1 F3600 X75.74 Y92.957 E0.00941
G1 X75.72 Y94.443 E0.03707
G1 X76.914 Y94.436 E0.02978
G1 X80.179 Y94.369 E0.08146
G1 X85.052 Y94.215 E0.12162
G1 X84.996 Y92.441 E0.04427
G1 X85.007 Y89.952 E0.06209
G1 X84.98 Y87.608 E0.05848
G1 X85.04 Y85.82 E0.04463
G1 X83.184 Y85.771 E0.04631
G1 X80.037 Y85.616 E0.0786
G1 X76.906 Y85.581 E0.07811
G1 X75.732 Y85.578 E0.02929
G1 X75.749 Y87.121 E0.03849
G1 X75.864 Y90.03 E0.07262
G1 X75.771 Y92.581 E0.06368
G0 F7200 X75.372 Y92.549
;TYPE:WALL-OUTER
G1 F1800 X75.34 Y92.938 E0.00974
G1 X75.315 Y94.846 E0.0476
G1 X76.922 Y94.836 E0.04009
G1 X80.191 Y94.769 E0.08156
G1 X85.465 Y94.602 E0.13163
G1 X85.396 Y92.443 E0.05388
G1 X85.407 Y89.948 E0.06224
G1 X85.38 Y87.621 E0.05805
G1 X85.453 Y85.431 E0.05466
G1 X83.204 Y85.371 E0.05612
G1 X80.049 Y85.216 E0.0788
G1 X76.907 Y85.181 E0.07838
G1 X75.327 Y85.177 E0.03941
G1 X75.349 Y87.137 E0.0489
G1 X75.464 Y90.016 E0.07187
G1 X75.372 Y92.549 E0.06323
G0 F7200 X75.356 Y92.748
G0 X76.353 Y92.821
G1 F4200 E-3.5
G0 F7200 X85.254 Y94.304
G0 X86.318 Y94.27
G0 X93.698 Y94.304
G0 X94.783 Y94.304
G0 X97.257 Y93.926
G0 X97.251 Y94.062
;TYPE:FILL
G1 F4200 E3.5
G1 F3600 X104.042 Y87.271 E0.23957
G1 X104.112 Y87.201
G0 F7200 X103.91 Y87.19
G0 X103.918 Y92.751
G0 X104.056 Y92.743
G1 F3600 X97.149 Y85.835 E0.24368
G1 X97.079 Y85.765
G0 F7200 X97.087 Y85.982
G0 X96.754 Y93.905
G0 X96.741 Y94.2
;TYPE:WALL-INNER
G1 F3600 X99.985 Y94.336 E0.08099
G1 X104.323 Y94.391 E0.10822
G1 X104.201 Y92.499 E0.04729
G1 X104.199 Y91.743 E0.01886
G1 X104.132 Y89.202 E0.06341
G1 X104.197 Y87.386 E0.04533
G1 X104.232 Y86.758 E0.01569
G1 X104.253 Y85.499 E0.03141
G1 X103.114 Y85.497 E0.02841
G1 X99.976 Y85.556 E0.07829
G1 X99.753 Y85.572 E0.00558
G1 X96.556 Y85.7 E0.07981
G1 X94.883 Y85.744 E0.04175
G1 X95.045 Y89.935 E0.10462
G1 X94.945 Y92.329 E0.05977
G1 X94.96 Y92.952 E0.01555
G1 X94.96 Y94.2 E0.03113
G1 X96.741 Y94.2 E0.04443
G0 F7200 X96.725 Y94.6
;TYPE:WALL-OUTER
G1 F1800 X99.974 Y94.736 E0.08112
G1 X104.75 Y94.797 E0.11915
G1 X104.6 Y92.46 E0.05842
G1 X104.599 Y91.733 E0.01814
G1 X104.532 Y89.216 E0.06281
G1 X104.596 Y87.408 E0.04513
G1 X104.632 Y86.772 E0.01589
G1 X104.66 Y85.1 E0.04171
G1 X103.107 Y85.097 E0.03874
G1 X99.958 Y85.156 E0.07857
G1 X99.737 Y85.172 E0.00553
G1 X96.546 Y85.3 E0.07966
G1 X94.468 Y85.355 E0.05185
G1 X94.645 Y89.933 E0.11428
G1 X94.545 Y92.326 E0.05975
G1 X94.56 Y92.952 E0.01562
G1 X94.56 Y94.6 E0.04111
G1 X96.725 Y94.6 E0.05401
G0 F7200 X96.924 Y94.608
G0 X96.966 Y93.613
G1 F4200 E-3.5
;MESH:NONMESH
G0 F600 X96.966 Y93.613 Z6.05
G0 F7200 X94.765 Y92.329
G0 X93.682 Y92.36
G0 X86.262 Y92.273
G0 X85.178 Y92.267
G0 X76.053 Y87.225
G0 X75.916 Y87.23
;TIME_ELAPSED:382.142250
;LAYER:39
;TYPE:FILL
;MESH:pi 3mm_deformed_tet.stl
G1 F4200 E3.5
G1 F3600 X82.807 Y94.121 E0.2431
G1 X82.877 Y94.191
G0 F7200 X82.871 Y93.982
G0 X76.051 Y92.783
G0 X75.913 Y92.773
G1 F3600 X82.773 Y85.913 E0.24201
G1 X82.843 Y85.843
G0 F7200 X82.833 Y86.057
G0 X76.064 Y92.599
G0 X75.767 Y92.577
;TYPE:WALL-INNER
G1 F3600 X75.728 Y93.099 E0.01306
G1 X75.709 Y94.444 E0.03355
G1 X77.033 Y94.436 E0.03303
G1 X80.074 Y94.372 E0.07587
G1 X85.052 Y94.207 E0.12424
G1 X84.996 Y92.437 E0.04417
G1 X85.007 Y89.954 E0.06194
G1 X84.98 Y87.611 E0.05845
G1 X85.04 Y85.827 E0.04453
G1 X83.182 Y85.774 E0.04637
G1 X79.945 Y85.616 E0.08084
G1 X76.903 Y85.581 E0.07589
G1 X75.72 Y85.576 E0.02951
G1 X75.736 Y86.943 E0.0341
G1 X75.771 Y87.442 E0.01248
G1 X75.781 Y88.052 E0.01522
G1 X75.86 Y90.006 E0.04878
G1 X75.782 Y91.959 E0.04876
G1 X75.767 Y92.577 E0.01542
G0 F7200 X75.368 Y92.547
;TYPE:WALL-OUTER
G1 F1800 X75.328 Y93.081 E0.01336
G1 X75.303 Y94.846 E0.04403
G1 X77.041 Y94.836 E0.04336
G1 X80.087 Y94.772 E0.076
G1 X85.465 Y94.594 E0.13423
G1 X85.396 Y92.439 E0.05378
G1 X85.407 Y89.95 E0.06209
G1 X85.38 Y87.625 E0.058
G1 X85.454 Y85.439 E0.05456
G1 X83.202 Y85.374 E0.0562
G1 X79.957 Y85.216 E0.08104
G1 X76.905 Y85.181 E0.07614
G1 X75.315 Y85.174 E0.03966
G1 X75.336 Y86.959 E0.04453
G1 X75.372 Y87.481 E0.01305
G1 X75.381 Y88.068 E0.01464
G1 X75.46 Y90.017 E0.04866
G1 X75.38 Y91.971 E0.04878
G1 X75.368 Y92.547 E0.01437
G0 F7200 X75.354 Y92.746
G0 X76.35 Y92.817
G1 F4200 E-3.5
G0 F7200 X85.254 Y94.303
G0 X86.318 Y94.269
G0 X93.695 Y94.303
G0 X94.78 Y94.303
G0 X97.254 Y93.93
G0 X97.248 Y94.066
;TYPE:FILL
G1 F4200 E3.5
G1 F3600 X104.047 Y87.267 E0.23985
G1 X104.117 Y87.197
G0 F7200 X103.913 Y87.185
G0 X103.925 Y92.758
G0 X104.064 Y92.75
G1 F3600 X97.157 Y85.843 E0.24366
G1 X97.087 Y85.773
G0 F7200 X97.095 Y85.987
G0 X97.105 Y93.924
G0 X97.085 Y94.22
;TYPE:WALL-INNER
G1 F3600 X99.989 Y94.336 E0.0725
G1 X104.326 Y94.394 E0.1082
G1 X104.209 Y92.497 E0.04741
G1 X104.207 Y91.593 E0.02255
G1 X104.14 Y89.058 E0.06326
G1 X104.201 Y87.382 E0.04184
G1 X104.244 Y86.617 E0.01911
G1 X104.264 Y85.498 E0.02792
G1 X103.226 Y85.493 E0.02589
G1 X99.983 Y85.556 E0.08091
G1 X99.581 Y85.584 E0.01005
G1 X96.363 Y85.716 E0.08034
G1 X94.873 Y85.753 E0.03718
G1 X94.952 Y87.518 E0.04407
G1 X95.036 Y89.958 E0.0609
G1 X94.937 Y92.324 E0.05907
G1 X94.96 Y93.1 E0.01937
G1 X94.96 Y94.196 E0.02734
G1 X96.755 Y94.197 E0.04478
G1 X97.085 Y94.22 E0.00825
G0 F7200 X97.063 Y94.62
;TYPE:WALL-OUTER
G1 F1800 X99.978 Y94.736 E0.07277
G1 X104.756 Y94.8 E0.1192
G1 X104.608 Y92.46 E0.05849
G1 X104.607 Y91.583 E0.02188
G1 X104.54 Y89.072 E0.06266
G1 X104.6 Y87.404 E0.04164
G1 X104.644 Y86.632 E0.01929
G1 X104.672 Y85.1 E0.03822
G1 X103.218 Y85.093 E0.03627
G1 X99.965 Y85.156 E0.08116
G1 X99.565 Y85.184 E0.01
G1 X96.353 Y85.316 E0.08019
G1 X94.462 Y85.363 E0.04719
G1 X94.476 Y85.876 E0.0128
G1 X94.552 Y87.532 E0.04135
G1 X94.636 Y89.941 E0.06013
G1 X94.537 Y92.322 E0.05945
G1 X94.56 Y93.1 E0.01942
G1 X94.56 Y94.596 E0.03732
G1 X96.727 Y94.596 E0.05406
G1 X97.063 Y94.62 E0.0084
G0 F7200 X97.262 Y94.627
G0 X97.303 Y93.632
G1 F4200 E-3.5
;MESH:NONMESH
G0 F600 X97.303 Y93.632 Z6.2
G0 F7200 X94.859 Y89.937
G0 X93.773 Y89.945
G0 X86.274 Y90.038
G0 X85.209 Y90.051
G0 X76.058 Y87.219
G0 X75.916 Y87.229
;TIME_ELAPSED:389.586259
;LAYER:40
;TYPE:FILL
;MESH:pi 3mm_deformed_tet.stl
G1 F4200 E3.5
G1 F3600 X82.804 Y94.117 E0.24299
G1 X82.874 Y94.187
G0 F7200 X82.868 Y93.976
G0 X76.048 Y92.788
G0 X75.908 Y92.778
G1 F3600 X82.766 Y85.92 E0.24193
G1 X82.836 Y85.85
G0 F7200 X82.826 Y86.061
G0 X76.887 Y94.14
G0 X76.9 Y94.436
;TYPE:WALL-INNER
G1 F3600 X80.073 Y94.368 E0.07917
G1 X85.052 Y94.204 E0.12427
G1 X84.996 Y92.429 E0.0443
G1 X85.007 Y89.955 E0.06171
G1 X84.98 Y87.615 E0.05838
G1 X85.041 Y85.838 E0.04435
G1 X83.435 Y85.792 E0.04008
G1 X79.71 Y85.612 E0.09303
G1 X75.711 Y85.575 E0.09976
G1 X75.724 Y86.799 E0.03053
G1 X75.771 Y87.444 E0.01613
G1 X75.781 Y88.214 E0.01921
G1 X75.852 Y90.007 E0.04476
G1 X75.782 Y91.804 E0.04486
G1 X75.763 Y92.573 E0.01919
G1 X75.712 Y93.247 E0.01686
G1 X75.697 Y94.446 E0.02991
G1 X76.9 Y94.436 E0.03001
G0 F7200 X76.908 Y94.836
;TYPE:WALL-OUTER
G1 F1800 X80.086 Y94.768 E0.07929
G1 X85.465 Y94.59 E0.13425
G1 X85.396 Y92.431 E0.05388
G1 X85.407 Y89.951 E0.06186
G1 X85.38 Y87.629 E0.05793
G1 X85.454 Y85.449 E0.05441
G1 X83.454 Y85.392 E0.04991
G1 X79.722 Y85.212 E0.0932
G1 X76.901 Y85.18 E0.07037
G1 X75.307 Y85.173 E0.03976
G1 X75.324 Y86.815 E0.04096
G1 X75.372 Y87.485 E0.01676
G1 X75.381 Y88.23 E0.01859
G1 X75.452 Y90.017 E0.04461
G1 X75.38 Y91.84 E0.04551
G1 X75.364 Y92.543 E0.01754
G1 X75.312 Y93.229 E0.01716
G1 X75.291 Y94.85 E0.04044
G1 X76.908 Y94.836 E0.04034
G0 F7200 X77.107 Y94.832
G0 X77.087 Y93.835
G1 F4200 E-3.5
G0 F7200 X85.249 Y94.384
G0 X86.325 Y94.325
G0 X93.691 Y94.384
G0 X94.776 Y94.384
G0 X97.256 Y93.93
G0 X97.246 Y94.067
;TYPE:FILL
G1 F4200 E3.5
G1 F3600 X104.047 Y87.267 E0.23991
G1 X104.117 Y87.197
G0 F7200 X103.916 Y87.186
G0 X103.932 Y92.763
G0 X104.068 Y92.755
G1 F3600 X97.162 Y85.848 E0.24365
G1 X97.092 Y85.778
G0 F7200 X97.099 Y85.987
G0 X97.283 Y93.932
G0 X97.262 Y94.228
;TYPE:WALL-INNER
G1 F3600 X99.993 Y94.34 E0.06818
G1 X104.333 Y94.394 E0.10827
G1 X104.213 Y92.498 E0.04739
G1 X104.211 Y91.445 E0.02627
G1 X104.148 Y88.915 E0.06313
G1 X104.201 Y87.379 E0.03834
G1 X104.256 Y86.472 E0.02267
G1 X104.273 Y85.495 E0.02438
G1 X103.369 Y85.493 E0.02255
G1 X99.993 Y85.552 E0.08423
G1 X99.408 Y85.596 E0.01463
G1 X96.177 Y85.728 E0.08066
G1 X94.868 Y85.764 E0.03267
G1 X94.944 Y87.522 E0.04389
G1 X95.029 Y89.935 E0.06023
G1 X94.929 Y92.316 E0.05945
G1 X94.956 Y93.252 E0.02336
G1 X94.956 Y94.192 E0.02345
G1 X96.754 Y94.193 E0.04485
G1 X97.262 Y94.228 E0.0127
G0 F7200 X97.24 Y94.628
;TYPE:WALL-OUTER
G1 F1800 X99.982 Y94.74 E0.06846
G1 X104.764 Y94.8 E0.1193
G1 X104.612 Y92.46 E0.05849
G1 X104.611 Y91.435 E0.02557
G1 X104.548 Y88.929 E0.06253
G1 X104.6 Y87.403 E0.03809
G1 X104.656 Y86.488 E0.02287
G1 X104.68 Y85.096 E0.03473
G1 X103.363 Y85.093 E0.03285
G1 X99.974 Y85.152 E0.08455
G1 X99.392 Y85.196 E0.01456
G1 X96.697 Y85.3 E0.06728
G1 X96.166 Y85.328 E0.01326
G1 X94.455 Y85.375 E0.0427
G1 X94.544 Y87.536 E0.05395
G1 X94.629 Y89.933 E0.05983
G1 X94.529 Y92.314 E0.05945
G1 X94.556 Y93.252 E0.02341
G1 X94.556 Y94.592 E0.03343
G1 X96.726 Y94.592 E0.05413
G1 X97.24 Y94.628 E0.01285
G0 F7200 X97.439 Y94.636
G0 X97.48 Y93.64
G1 F4200 E-3.5
;MESH:NONMESH
G0 F600 X97.48 Y93.64 Z6.35
G0 F7200 X94.85 Y89.937
G0 X93.765 Y89.944
G0 X86.274 Y90.035
G0 X85.209 Y90.047
G0 X76.056 Y87.218
G0 X75.914 Y87.228
;TIME_ELAPSED:396.999941
;LAYER:41
;TYPE:FILL
;MESH:pi 3mm_deformed_tet.stl
G1 F4200 E3.5
G1 F3600 X82.803 Y94.117 E0.24303
G1 X82.873 Y94.187
G0 F7200 X82.867 Y93.976
G0 X76.043 Y92.792
G0 X75.904 Y92.782
G1 F3600 X82.763 Y85.923 E0.24197
G1 X82.833 Y85.853
G0 F7200 X82.823 Y86.066
G0 X76.877 Y94.14
G0 X76.893 Y94.436
;TYPE:WALL-INNER
G1 F3600 X80.132 Y94.362 E0.08082
G1 X83.244 Y94.262 E0.07767
G1 X83.568 Y94.24 E0.0081
G1 X85.055 Y94.191 E0.03711
G1 X84.996 Y92.395 E0.04483
G1 X85.007 Y89.957 E0.06082
G1 X84.98 Y87.615 E0.05843
G1 X85.048 Y85.846 E0.04416
G1 X83.627 Y85.804 E0.03546
G1 X79.55 Y85.612 E0.10181
G1 X76.714 Y85.577 E0.07075
G1 X75.7 Y85.574 E0.02529
G1 X75.712 Y86.646 E0.02674
G1 X75.773 Y87.482 E0.02091
G1 X75.78 Y88.336 E0.0213
G1 X75.848 Y90.007 E0.04172
G1 X75.78 Y91.695 E0.04214
G1 X75.759 Y92.572 E0.02188
G1 X75.7 Y93.39 E0.02046
G1 X75.685 Y94.446 E0.02634
G1 X76.893 Y94.436 E0.03013
G0 F7200 X76.901 Y94.836
;TYPE:WALL-OUTER
G1 F1800 X80.144 Y94.762 E0.08092
G1 X83.23 Y94.664 E0.07702
G1 X83.581 Y94.64 E0.00878
G1 X85.477 Y94.578 E0.04732
G1 X85.448 Y94.043 E0.01337
G1 X85.396 Y92.397 E0.04108
G1 X85.407 Y89.953 E0.06097
G1 X85.38 Y87.629 E0.05798
G1 X85.436 Y86.008 E0.04046
G1 X85.48 Y85.458 E0.01376
G1 X83.646 Y85.404 E0.04577
G1 X79.562 Y85.212 E0.10199
G1 X76.715 Y85.177 E0.07102
G1 X75.295 Y85.173 E0.03542
G1 X75.312 Y86.663 E0.03717
G1 X75.373 Y87.486 E0.02059
G1 X75.38 Y88.346 E0.02145
G1 X75.448 Y90.017 E0.04172
G1 X75.38 Y91.659 E0.04099
G1 X75.36 Y92.543 E0.02206
G1 X75.3 Y93.373 E0.02076
G1 X75.279 Y94.85 E0.03685
G1 X76.901 Y94.836 E0.04046
G0 F7200 X77.1 Y94.832
G0 X77.079 Y93.835
G1 F4200 E-3.5
G0 F7200 X85.253 Y94.374
G0 X86.328 Y94.313
G0 X93.688 Y94.374
G0 X94.773 Y94.374
G0 X97.26 Y93.925
G0 X97.251 Y94.063
;TYPE:FILL
G1 F4200 E3.5
G1 F3600 X104.05 Y87.263 E0.23987
G1 X104.12 Y87.193
G0 F7200 X103.92 Y87.182
G0 X103.94 Y92.772
G0 X104.078 Y92.764
G1 F3600 X97.161 Y85.848 E0.244
G1 X97.091 Y85.778
G0 F7200 X97.098 Y85.99
G0 X97.457 Y93.939
G0 X97.437 Y94.236
;TYPE:WALL-INNER
G1 F3600 X99.997 Y94.34 E0.06391
G1 X104.345 Y94.398 E0.10847
G1 X104.221 Y92.502 E0.0474
G1 X104.219 Y91.299 E0.03001
G1 X104.156 Y88.775 E0.06298
G1 X104.205 Y87.382 E0.03477
G1 X104.264 Y86.319 E0.02656
G1 X104.279 Y85.495 E0.02056
G1 X103.514 Y85.493 E0.01908
G1 X99.998 Y85.552 E0.08772
G1 X99.236 Y85.604 E0.01905
G1 X96.716 Y85.704 E0.06291
G1 X95.984 Y85.744 E0.01829
G1 X94.864 Y85.773 E0.02795
G1 X94.936 Y87.53 E0.04387
G1 X95.02 Y89.954 E0.0605
G1 X94.921 Y92.312 E0.05887
G1 X94.952 Y93.4 E0.02715
G1 X94.952 Y94.188 E0.01966
G1 X96.75 Y94.189 E0.04485
G1 X97.437 Y94.236 E0.01718
G0 F7200 X97.415 Y94.636
;TYPE:WALL-OUTER
G1 F1800 X99.986 Y94.74 E0.06419
G1 X104.776 Y94.804 E0.1195
G1 X104.712 Y93.937 E0.02169
G1 X104.62 Y92.464 E0.03682
G1 X104.619 Y91.289 E0.02931
G1 X104.556 Y88.789 E0.06238
G1 X104.604 Y87.404 E0.03457
G1 X104.664 Y86.348 E0.02638
G1 X104.687 Y85.096 E0.03124
G1 X103.508 Y85.093 E0.02941
G1 X99.981 Y85.152 E0.08799
G1 X99.22 Y85.204 E0.01903
G1 X96.694 Y85.304 E0.06306
G1 X95.974 Y85.344 E0.01799
G1 X94.451 Y85.383 E0.038
G1 X94.62 Y89.937 E0.11368
G1 X94.521 Y92.31 E0.05925
G1 X94.552 Y93.4 E0.0272
G1 X94.552 Y94.588 E0.02963
G1 X96.722 Y94.588 E0.05413
G1 X97.415 Y94.636 E0.01733
G0 F7200 X97.614 Y94.644
G0 X97.655 Y93.647
G1 F4200 E-3.5
;MESH:NONMESH
G0 F600 X97.655 Y93.647 Z6.5
G0 F7200 X94.842 Y89.936
G0 X93.756 Y89.945
G0 X86.273 Y90.026
G0 X85.208 Y90.038
G0 X76.055 Y87.215
G0 X75.911 Y87.225
;TIME_ELAPSED:404.419375
;LAYER:42
;TYPE:FILL
;MESH:pi 3mm_deformed_tet.stl
G1 F4200 E3.5
G1 F3600 X82.801 Y94.114 E0.24305
G1 X82.871 Y94.184
G0 F7200 X82.865 Y93.972
G0 X76.04 Y92.798
G0 X75.899 Y92.787
G1 F3600 X82.77 Y85.916 E0.24239
G1 X82.84 Y85.846
G0 F7200 X82.83 Y86.064
G0 X76.878 Y94.141
G0 X76.889 Y94.439
;TYPE:WALL-INNER
G1 F3600 X77.323 Y94.42 E0.01084
G1 X80.134 Y94.362 E0.07014
G1 X83.241 Y94.259 E0.07755
G1 X83.757 Y94.224 E0.0129
G1 X85.058 Y94.183 E0.03247
G1 X84.996 Y92.392 E0.0447
G1 X85.007 Y89.962 E0.06062
G1 X84.984 Y87.62 E0.05842
G1 X85.041 Y85.855 E0.04405
G1 X83.811 Y85.82 E0.03069
G1 X83.19 Y85.783 E0.01552
G1 X79.394 Y85.608 E0.09479
G1 X75.689 Y85.572 E0.09243
G1 X75.7 Y86.498 E0.0231
G1 X75.769 Y87.478 E0.02451
G1 X75.785 Y88.52 E0.026
G1 X75.84 Y90.033 E0.03777
G1 X75.782 Y91.492 E0.03642
G1 X75.755 Y92.572 E0.02695
G1 X75.684 Y93.534 E0.02406
G1 X75.673 Y94.447 E0.02278
G1 X76.889 Y94.439 E0.03033
G0 F7200 X76.907 Y94.839
;TYPE:WALL-OUTER
G1 F1800 X77.331 Y94.82 E0.01059
G1 X80.147 Y94.762 E0.07026
G1 X83.267 Y94.658 E0.07787
G1 X83.769 Y94.624 E0.01255
G1 X85.48 Y94.57 E0.0427
G1 X85.444 Y93.903 E0.01666
G1 X85.396 Y92.394 E0.03766
G1 X85.407 Y89.958 E0.06077
G1 X85.384 Y87.633 E0.058
G1 X85.432 Y86.147 E0.03709
G1 X85.487 Y85.467 E0.01702
G1 X83.835 Y85.42 E0.04123
G1 X79.948 Y85.227 E0.09708
G1 X79.403 Y85.208 E0.0136
G1 X75.283 Y85.17 E0.10278
G1 X75.3 Y86.515 E0.03355
G1 X75.369 Y87.484 E0.02423
G1 X75.385 Y88.535 E0.02622
G1 X75.44 Y90.017 E0.03699
G1 X75.38 Y91.503 E0.0371
G1 X75.356 Y92.543 E0.02595
G1 X75.284 Y93.517 E0.02436
G1 X75.267 Y94.85 E0.03325
G1 X76.907 Y94.839 E0.04091
G0 F7200 X77.107 Y94.831
G0 X77.069 Y93.831
G1 F4200 E-3.5
G0 F7200 X85.256 Y94.366
G0 X86.331 Y94.306
G0 X93.684 Y94.366
G0 X94.769 Y94.366
G0 X97.266 Y93.921
G0 X97.257 Y94.057
;TYPE:FILL
G1 F4200 E3.5
G1 F3600 X104.054 Y87.259 E0.2398
G1 X104.124 Y87.189
G0 F7200 X103.923 Y87.178
G0 X103.947 Y92.78
G0 X104.086 Y92.772
G1 F3600 X97.158 Y85.844 E0.2444
G1 X97.088 Y85.774
G0 F7200 X97.095 Y85.995
G0 X97.658 Y93.947
G0 X97.646 Y94.241
;TYPE:WALL-INNER
G1 F3600 X100.001 Y94.34 E0.0588
G1 X104.352 Y94.399 E0.10855
G1 X104.229 Y92.501 E0.04745
G1 X104.227 Y91.149 E0.03373
G1 X104.164 Y88.63 E0.06286
G1 X104.209 Y87.382 E0.03115
G1 X104.276 Y86.189 E0.02981
G1 X104.288 Y85.491 E0.01741
G1 X103.589 Y85.489 E0.01744
G1 X100.748 Y85.544 E0.07088
G1 X100.004 Y85.548 E0.01856
G1 X99.064 Y85.616 E0.02351
G1 X96.564 Y85.716 E0.06241
G1 X95.81 Y85.76 E0.01884
G1 X94.858 Y85.782 E0.02375
G1 X95.012 Y89.954 E0.10414
G1 X94.913 Y92.304 E0.05867
G1 X94.948 Y93.548 E0.03104
G1 X94.948 Y94.18 E0.01577
G1 X96.747 Y94.185 E0.04488
G1 X97.646 Y94.241 E0.02247
G0 F7200 X97.595 Y94.64
;TYPE:WALL-OUTER
G1 F1800 X99.99 Y94.74 E0.0598
G1 X104.784 Y94.805 E0.1196
G1 X104.708 Y93.785 E0.02551
G1 X104.628 Y92.464 E0.03301
G1 X104.627 Y91.139 E0.03305
G1 X104.564 Y88.644 E0.06226
G1 X104.608 Y87.404 E0.03095
G1 X104.676 Y86.204 E0.02998
G1 X104.696 Y85.092 E0.02774
G1 X103.582 Y85.089 E0.02779
G1 X100.746 Y85.144 E0.07076
G1 X99.988 Y85.148 E0.01891
G1 X99.048 Y85.216 E0.02351
G1 X96.693 Y85.309 E0.05879
G1 X95.781 Y85.36 E0.02279
G1 X94.446 Y85.392 E0.03331
G1 X94.472 Y86.294 E0.02251
G1 X94.528 Y87.546 E0.03126
G1 X94.56 Y88.641 E0.02733
G1 X94.612 Y89.937 E0.03235
G1 X94.513 Y92.302 E0.05905
G1 X94.548 Y93.548 E0.03109
G1 X94.548 Y94.58 E0.02574
G1 X96.721 Y94.584 E0.05421
G1 X97.595 Y94.64 E0.02185
G0 F7200 X97.794 Y94.648
G0 X97.834 Y93.654
G1 F4200 E-3.5
;MESH:NONMESH
G0 F600 X97.834 Y93.654 Z6.65
G0 F7200 X94.833 Y89.936
G0 X93.747 Y89.945
G0 X86.273 Y90.023
G0 X85.208 Y90.034
G0 X76.053 Y87.212
G0 X75.909 Y87.222
;TIME_ELAPSED:411.842609
;LAYER:43
;TYPE:FILL
;MESH:pi 3mm_deformed_tet.stl
G1 F4200 E3.5
G1 F3600 X82.797 Y94.11 E0.24299
G1 X82.867 Y94.18
G0 F7200 X82.861 Y93.969
G0 X76.035 Y92.802
G0 X75.895 Y92.791
G1 F3600 X82.756 Y85.93 E0.24204
G1 X82.826 Y85.86
G0 F7200 X82.816 Y86.067
G0 X76.867 Y94.141
G0 X76.878 Y94.44
;TYPE:WALL-INNER
G1 F3600 X77.507 Y94.416 E0.0157
G1 X80.063 Y94.36 E0.06377
G1 X83.185 Y94.258 E0.07792
G1 X83.944 Y94.212 E0.01897
G1 X85.06 Y94.176 E0.02785
G1 X84.996 Y92.396 E0.04443
G1 X85.007 Y89.962 E0.06072
G1 X84.984 Y87.624 E0.05832
G1 X85.042 Y85.861 E0.044
G1 X84.006 Y85.832 E0.02585
G1 X79.934 Y85.631 E0.1017
G1 X79.234 Y85.608 E0.01747
G1 X75.676 Y85.571 E0.08876
G1 X75.684 Y86.357 E0.01961
G1 X75.767 Y87.442 E0.02714
G1 X75.785 Y88.688 E0.03108
G1 X75.836 Y90.032 E0.03355
G1 X75.784 Y91.377 E0.03358
G1 X75.751 Y92.579 E0.03
G1 X75.672 Y93.678 E0.02749
G1 X75.661 Y94.45 E0.01926
G1 X76.878 Y94.44 E0.03036
G0 F7200 X76.893 Y94.84
;TYPE:WALL-OUTER
G1 F1800 X77.515 Y94.816 E0.01553
G1 X80.076 Y94.76 E0.0639
G1 X83.277 Y94.653 E0.07989
G1 X83.957 Y94.612 E0.01699
G1 X85.481 Y94.562 E0.03804
G1 X85.44 Y93.763 E0.01996
G1 X85.396 Y92.398 E0.03407
G1 X85.407 Y89.958 E0.06087
G1 X85.384 Y87.637 E0.0579
G1 X85.428 Y86.284 E0.03377
G1 X85.492 Y85.474 E0.02027
G1 X84.028 Y85.432 E0.03653
G1 X79.947 Y85.231 E0.10192
G1 X79.243 Y85.208 E0.01757
G1 X76.417 Y85.173 E0.0705
G1 X75.271 Y85.169 E0.02859
G1 X75.284 Y86.375 E0.03009
G1 X75.368 Y87.485 E0.02777
G1 X75.385 Y88.704 E0.03041
G1 X75.436 Y90.016 E0.03275
G1 X75.384 Y91.366 E0.0337
G1 X75.352 Y92.55 E0.02955
G1 X75.272 Y93.661 E0.02779
G1 X75.255 Y94.854 E0.02976
G1 X76.893 Y94.84 E0.04086
G0 F7200 X77.093 Y94.833
G0 X77.055 Y93.832
G1 F4200 E-3.5
G0 F7200 X85.259 Y94.357
G0 X86.334 Y94.297
G0 X93.68 Y94.371
G0 X94.765 Y94.372
G0 X97.271 Y93.917
G0 X97.262 Y94.052
;TYPE:FILL
G1 F4200 E3.5
G1 F3600 X104.059 Y87.254 E0.2398
G1 X104.129 Y87.184
G0 F7200 X103.926 Y87.173
G0 X103.956 Y92.79
G0 X104.095 Y92.782
G1 F3600 X97.169 Y85.855 E0.24435
G1 X97.099 Y85.785
G0 F7200 X97.106 Y85.998
G0 X96.765 Y93.882
G0 X96.745 Y94.177
;TYPE:WALL-INNER
G1 F3600 X97.793 Y94.248 E0.0262
G1 X100.001 Y94.34 E0.05513
G1 X104.363 Y94.403 E0.10882
G1 X104.237 Y92.502 E0.04752
G1 X104.235 Y91 E0.03747
G1 X104.172 Y88.486 E0.06273
G1 X104.213 Y87.382 E0.02756
G1 X104.288 Y86.039 E0.03355
G1 X104.297 Y85.491 E0.01367
G1 X103.738 Y85.489 E0.01394
G1 X100.906 Y85.54 E0.07066
G1 X100.012 Y85.548 E0.0223
G1 X98.892 Y85.628 E0.02801
G1 X96.715 Y85.712 E0.05435
G1 X95.601 Y85.772 E0.02783
G1 X94.852 Y85.792 E0.01869
G1 X94.924 Y87.54 E0.04364
G1 X94.957 Y88.769 E0.03067
G1 X95.004 Y89.954 E0.02958
G1 X94.905 Y92.301 E0.0586
G1 X94.957 Y94.176 E0.04679
G1 X96.745 Y94.177 E0.0446
G0 F7200 X96.718 Y94.576
;TYPE:WALL-OUTER
G1 F1800 X97.771 Y94.648 E0.02633
G1 X99.99 Y94.74 E0.0554
G1 X104.793 Y94.809 E0.11982
G1 X104.636 Y92.464 E0.05863
G1 X104.635 Y90.99 E0.03677
G1 X104.572 Y88.5 E0.06213
G1 X104.612 Y87.404 E0.02736
G1 X104.688 Y86.064 E0.03348
G1 X104.704 Y85.092 E0.02425
G1 X103.731 Y85.089 E0.02427
G1 X100.902 Y85.14 E0.07058
G1 X99.996 Y85.148 E0.0226
G1 X98.876 Y85.228 E0.02801
G1 X96.694 Y85.312 E0.05447
G1 X95.59 Y85.372 E0.02758
G1 X94.439 Y85.403 E0.02872
G1 X94.472 Y86.433 E0.02571
G1 X94.524 Y87.55 E0.02789
G1 X94.557 Y88.785 E0.03082
G1 X94.604 Y89.937 E0.02876
G1 X94.505 Y92.298 E0.05895
G1 X94.544 Y93.696 E0.03489
G1 X94.544 Y94.576 E0.02195
G1 X96.718 Y94.576 E0.05423
G0 F7200 X96.917 Y94.589
G0 X96.985 Y93.597
G1 F4200 E-3.5
;MESH:NONMESH
G0 F600 X96.985 Y93.597 Z6.8
G0 F7200 X94.725 Y92.298
G0 X93.642 Y92.33
G0 X86.264 Y92.26
G0 X85.179 Y92.256
G0 X76.052 Y87.212
G0 X75.909 Y87.222
;TIME_ELAPSED:419.241739
;LAYER:44
;TYPE:FILL
;MESH:pi 3mm_deformed_tet.stl
G1 F4200 E3.5
G1 F3600 X82.793 Y94.107 E0.24287
G1 X82.863 Y94.177
G0 F7200 X82.857 Y93.966
G0 X76.032 Y92.804
G0 X75.892 Y92.794
G1 F3600 X82.768 Y85.918 E0.24257
G1 X82.838 Y85.848
G0 F7200 X82.828 Y86.069
G0 X76.857 Y94.142
G0 X76.866 Y94.439
;TYPE:WALL-INNER
G1 F3600 X77.674 Y94.408 E0.02017
G1 X80.06 Y94.356 E0.05953
G1 X83.184 Y94.254 E0.07797
G1 X84.137 Y94.196 E0.02382
G1 X85.064 Y94.167 E0.02314
G1 X85.036 Y93.64 E0.01316
G1 X84.996 Y92.392 E0.03115
G1 X85.007 Y89.961 E0.06064
G1 X84.984 Y87.628 E0.0582
G1 X85.025 Y86.392 E0.03085
G1 X85.067 Y85.872 E0.01301
G1 X84.194 Y85.847 E0.02179
G1 X83.182 Y85.786 E0.02529
G1 X79.971 Y85.636 E0.08019
G1 X79.073 Y85.604 E0.02241
G1 X75.667 Y85.571 E0.08497
G1 X75.674 Y86.225 E0.01632
G1 X75.767 Y87.446 E0.03055
G1 X75.785 Y88.846 E0.03493
G1 X75.828 Y90.031 E0.02958
G1 X75.784 Y91.22 E0.02968
G1 X75.747 Y92.568 E0.03364
G1 X75.656 Y93.822 E0.03136
G1 X75.649 Y94.45 E0.01567
G1 X76.866 Y94.439 E0.03036
G0 F7200 X76.881 Y94.839
;TYPE:WALL-OUTER
G1 F1800 X77.683 Y94.808 E0.02002
G1 X80.073 Y94.756 E0.05963
G1 X83.23 Y94.652 E0.07879
G1 X84.149 Y94.596 E0.02297
G1 X85.485 Y94.554 E0.03334
G1 X85.436 Y93.627 E0.02316
G1 X85.396 Y92.394 E0.03077
G1 X85.407 Y89.957 E0.06079
G1 X85.384 Y87.641 E0.05778
G1 X85.424 Y86.424 E0.03037
G1 X85.499 Y85.483 E0.02355
G1 X84.219 Y85.448 E0.03194
G1 X83.201 Y85.386 E0.02544
G1 X79.987 Y85.236 E0.08026
G1 X79.083 Y85.204 E0.02256
G1 X75.263 Y85.169 E0.09529
G1 X75.274 Y86.255 E0.02709
G1 X75.368 Y87.489 E0.03087
G1 X75.385 Y88.861 E0.03423
G1 X75.428 Y90.016 E0.02883
G1 X75.384 Y91.209 E0.02978
G1 X75.348 Y92.539 E0.03319
G1 X75.256 Y93.805 E0.03166
G1 X75.243 Y94.854 E0.02617
G1 X76.881 Y94.839 E0.04086
G0 F7200 X77.08 Y94.832
G0 X77.043 Y93.834
G1 F4200 E-3.5
G0 F7200 X85.262 Y94.349
G0 X86.337 Y94.29
G0 X93.677 Y94.349
G0 X94.762 Y94.349
G0 X97.274 Y93.912
G0 X97.265 Y94.048
;TYPE:FILL
G1 F4200 E3.5
G1 F3600 X104.059 Y87.254 E0.23968
G1 X104.129 Y87.184
G0 F7200 X103.929 Y87.173
G0 X103.963 Y92.797
G0 X104.103 Y92.789
G1 F3600 X97.165 Y85.851 E0.24476
G1 X97.095 Y85.781
G0 F7200 X97.102 Y86.002
G0 X96.765 Y93.877
G0 X96.745 Y94.173
;TYPE:WALL-INNER
G1 F3600 X98.011 Y94.258 E0.03165
G1 X100.005 Y94.34 E0.04978
G1 X104.372 Y94.406 E0.10895
G1 X104.305 Y93.5 E0.02266
G1 X104.245 Y92.5 E0.02499
G1 X104.239 Y90.858 E0.04096
G1 X104.18 Y88.347 E0.06265
G1 X104.213 Y87.38 E0.02414
G1 X104.324 Y85.491 E0.0472
G1 X103.123 Y85.496 E0.02996
G1 X101.057 Y85.536 E0.05155
G1 X100.02 Y85.544 E0.02587
G1 X98.717 Y85.636 E0.03258
G1 X96.716 Y85.716 E0.04996
G1 X95.407 Y85.788 E0.0327
G1 X94.848 Y85.802 E0.01395
G1 X94.996 Y89.954 E0.10364
G1 X94.897 Y92.293 E0.0584
G1 X94.949 Y94.172 E0.04689
G1 X96.745 Y94.173 E0.0448
G0 F7200 X96.718 Y94.572
;TYPE:WALL-OUTER
G1 F1800 X97.947 Y94.656 E0.03073
G1 X99.994 Y94.74 E0.05111
G1 X104.804 Y94.812 E0.12
G1 X104.704 Y93.476 E0.03342
G1 X104.644 Y92.465 E0.02526
G1 X104.639 Y90.848 E0.04034
G1 X104.58 Y88.361 E0.06206
G1 X104.612 Y87.404 E0.02389
G1 X104.7 Y85.907 E0.03741
G1 X104.712 Y85.089 E0.02041
G1 X103.115 Y85.096 E0.03984
G1 X101.054 Y85.136 E0.05142
G1 X100.004 Y85.144 E0.02619
G1 X98.701 Y85.236 E0.03258
G1 X96.694 Y85.316 E0.0501
G1 X95.397 Y85.388 E0.0324
G1 X94.435 Y85.412 E0.024
G1 X94.472 Y86.569 E0.02888
G1 X94.516 Y87.554 E0.0246
G1 X94.596 Y89.937 E0.05948
G1 X94.497 Y92.29 E0.05875
G1 X94.54 Y93.844 E0.03878
G1 X94.54 Y94.572 E0.01816
G1 X96.718 Y94.572 E0.05433
G0 F7200 X96.917 Y94.585
G0 X96.985 Y93.591
G1 F4200 E-3.5
;MESH:NONMESH
G0 F600 X96.985 Y93.591 Z6.95
G0 F7200 X94.717 Y92.292
G0 X93.634 Y92.324
G0 X86.264 Y92.254
G0 X85.179 Y92.25
G0 X76.049 Y87.207
G0 X75.904 Y87.217
;TIME_ELAPSED:426.642882
;LAYER:45
;TYPE:FILL
;MESH:pi 3mm_deformed_tet.stl
G1 F4200 E3.5
G1 F3600 X82.789 Y94.102 E0.24289
G1 X82.859 Y94.172
G0 F7200 X82.853 Y93.963
G0 X76.029 Y92.805
G0 X75.891 Y92.795
G1 F3600 X82.762 Y85.924 E0.24239
G1 X82.832 Y85.854
G0 F7200 X82.822 Y86.072
G0 X76.847 Y94.142
G0 X76.857 Y94.439
;TYPE:WALL-INNER
G1 F3600 X77.852 Y94.4 E0.02484
G1 X80.125 Y94.353 E0.05671
G1 X83.184 Y94.25 E0.07635
G1 X84.324 Y94.18 E0.02849
G1 X85.068 Y94.156 E0.01857
G1 X85.032 Y93.501 E0.01636
G1 X84.996 Y92.385 E0.02785
G1 X85.008 Y89.97 E0.06024
G1 X84.988 Y87.631 E0.05835
G1 X85.025 Y86.533 E0.02741
G1 X85.076 Y85.879 E0.01636
G1 X84.385 Y85.859 E0.01724
G1 X83.191 Y85.791 E0.02983
G1 X79.976 Y85.64 E0.08029
G1 X78.914 Y85.604 E0.02651
G1 X75.655 Y85.567 E0.0813
G1 X75.661 Y86.072 E0.0126
G1 X75.763 Y87.447 E0.03439
G1 X75.785 Y89.004 E0.03884
G1 X75.824 Y90.028 E0.02556
G1 X75.784 Y91.047 E0.02544
G1 X75.747 Y92.568 E0.03795
G1 X75.644 Y93.984 E0.03542
G1 X75.638 Y94.45 E0.01163
G1 X76.857 Y94.439 E0.03041
G0 F7200 X76.873 Y94.839
;TYPE:WALL-OUTER
G1 F1800 X77.86 Y94.8 E0.02464
G1 X80.139 Y94.753 E0.05686
G1 X83.275 Y94.645 E0.07827
G1 X84.337 Y94.58 E0.02654
G1 X85.489 Y94.542 E0.02875
G1 X85.432 Y93.487 E0.02636
G1 X85.396 Y92.387 E0.02745
G1 X85.408 Y89.967 E0.06037
G1 X85.388 Y87.645 E0.05792
G1 X85.424 Y86.564 E0.02698
G1 X85.508 Y85.491 E0.02685
G1 X84.409 Y85.46 E0.02743
G1 X83.21 Y85.391 E0.02996
G1 X79.992 Y85.24 E0.08036
G1 X78.923 Y85.204 E0.02668
G1 X75.251 Y85.165 E0.0916
G1 X75.26 Y86.075 E0.0227
G1 X75.364 Y87.489 E0.03537
G1 X75.385 Y89.02 E0.03819
G1 X75.424 Y90.012 E0.02476
G1 X75.384 Y91.061 E0.02619
G1 X75.348 Y92.539 E0.03688
G1 X75.244 Y93.953 E0.03537
G1 X75.232 Y94.854 E0.02248
G1 X76.873 Y94.839 E0.04094
G0 F7200 X77.072 Y94.832
G0 X77.036 Y93.834
G1 F4200 E-3.5
G0 F7200 X85.265 Y94.34
G0 X86.34 Y94.281
G0 X93.673 Y94.34
G0 X94.758 Y94.34
G0 X97.278 Y93.907
G0 X97.269 Y94.044
;TYPE:FILL
G1 F4200 E3.5
G1 F3600 X104.063 Y87.25 E0.23968
G1 X104.133 Y87.18
G0 F7200 X103.932 Y87.169
G0 X103.97 Y92.802
G0 X104.108 Y92.794
G1 F3600 X97.176 Y85.862 E0.24455
G1 X97.106 Y85.792
G0 F7200 X97.113 Y86.006
G0 X96.761 Y93.872
G0 X96.741 Y94.169
;TYPE:WALL-INNER
G1 F3600 X98.193 Y94.266 E0.0363
G1 X100.009 Y94.34 E0.04534
G1 X104.38 Y94.406 E0.10905
G1 X104.301 Y93.349 E0.02644
G1 X104.249 Y92.505 E0.02109
G1 X104.247 Y90.703 E0.04495
G1 X104.188 Y88.203 E0.06238
G1 X104.217 Y87.382 E0.02049
G1 X104.323 Y85.491 E0.04725
G1 X103.124 Y85.496 E0.02991
G1 X101.213 Y85.536 E0.04768
G1 X100.028 Y85.544 E0.02956
G1 X98.544 Y85.648 E0.03711
G1 X96.716 Y85.72 E0.04564
G1 X94.844 Y85.819 E0.04676
G1 X94.988 Y89.955 E0.10324
G1 X94.885 Y92.289 E0.05828
G1 X94.936 Y94.164 E0.04679
G1 X96.741 Y94.169 E0.04503
G0 F7200 X96.714 Y94.568
;TYPE:WALL-OUTER
G1 F1800 X98.127 Y94.664 E0.03533
G1 X99.998 Y94.74 E0.04671
G1 X104.812 Y94.812 E0.1201
G1 X104.7 Y93.325 E0.0372
G1 X104.648 Y92.468 E0.02142
G1 X104.647 Y90.693 E0.04428
G1 X104.588 Y88.217 E0.06178
G1 X104.616 Y87.404 E0.02029
G1 X104.708 Y85.768 E0.04087
G1 X104.72 Y85.089 E0.01694
G1 X103.116 Y85.096 E0.04001
G1 X101.21 Y85.136 E0.04756
G1 X100.012 Y85.144 E0.02988
G1 X98.528 Y85.248 E0.03711
G1 X96.695 Y85.32 E0.04576
G1 X95.201 Y85.4 E0.03732
G1 X94.431 Y85.42 E0.01921
G1 X94.588 Y89.937 E0.11275
G1 X94.485 Y92.286 E0.05865
G1 X94.536 Y93.992 E0.04258
G1 X94.536 Y94.564 E0.01427
G1 X96.714 Y94.568 E0.05433
G0 F7200 X96.913 Y94.581
G0 X96.981 Y93.586
G1 F4200 E-3.5
;MESH:NONMESH
G0 F600 X96.981 Y93.586 Z7.1
G0 F7200 X94.808 Y89.935
G0 X93.723 Y89.94
G0 X86.272 Y90.005
G0 X85.207 Y90.014
G0 X76.048 Y87.208
G0 X75.904 Y87.218
;TIME_ELAPSED:434.058648
;LAYER:46
;TYPE:FILL
;MESH:pi 3mm_deformed_tet.stl
G1 F4200 E3.5
G1 F3600 X82.789 Y94.102 E0.24287
G1 X82.859 Y94.172
G0 F7200 X82.853 Y93.96
G0 X76.025 Y92.809
G0 X75.887 Y92.799
G1 F3600 X82.764 Y85.922 E0.2426
G1 X82.834 Y85.852
G0 F7200 X82.824 Y86.076
G0 X76.837 Y94.142
G0 X76.844 Y94.44
;TYPE:WALL-INNER
G1 F3600 X78.03 Y94.396 E0.02961
G1 X80.119 Y94.35 E0.05212
G1 X83.179 Y94.25 E0.07637
G1 X84.511 Y94.168 E0.03329
G1 X85.071 Y94.149 E0.01398
G1 X85.028 Y93.361 E0.01969
G1 X84.996 Y92.38 E0.02448
G1 X85.004 Y89.978 E0.05992
G1 X84.988 Y87.635 E0.05845
G1 X85.021 Y86.672 E0.02404
G1 X85.083 Y85.891 E0.01954
G1 X84.578 Y85.876 E0.0126
G1 X83.214 Y85.791 E0.03409
G1 X81.95 Y85.74 E0.03156
G1 X79.948 Y85.643 E0.05
G1 X78.73 Y85.604 E0.0304
G1 X75.622 Y85.568 E0.07753
G1 X75.763 Y87.447 E0.047
G1 X75.785 Y89.166 E0.04288
G1 X75.816 Y90.027 E0.02149
G1 X75.784 Y90.911 E0.02207
G1 X75.743 Y92.569 E0.04137
G1 X75.604 Y94.45 E0.04705
G1 X76.844 Y94.44 E0.03093
G0 F7200 X76.858 Y94.84
;TYPE:WALL-OUTER
G1 F1800 X78.039 Y94.796 E0.02948
G1 X80.132 Y94.75 E0.05222
G1 X83.271 Y94.645 E0.07835
G1 X84.525 Y94.568 E0.03134
G1 X85.493 Y94.535 E0.02416
G1 X85.428 Y93.347 E0.02968
G1 X85.396 Y92.382 E0.02409
G1 X85.404 Y89.976 E0.06002
G1 X85.388 Y87.649 E0.05805
G1 X85.42 Y86.704 E0.02359
G1 X85.515 Y85.503 E0.03005
G1 X84.603 Y85.476 E0.02276
G1 X83.23 Y85.391 E0.03432
G1 X81.97 Y85.34 E0.03146
G1 X79.961 Y85.243 E0.05017
G1 X78.767 Y85.204 E0.0298
G1 X75.239 Y85.166 E0.08801
G1 X75.248 Y85.931 E0.01908
G1 X75.364 Y87.489 E0.03897
G1 X75.385 Y89.18 E0.04219
G1 X75.416 Y90.012 E0.02077
G1 X75.384 Y90.901 E0.02219
G1 X75.344 Y92.539 E0.04087
G1 X75.228 Y94.097 E0.03897
G1 X75.219 Y94.854 E0.01888
G1 X76.858 Y94.84 E0.04089
G0 F7200 X77.057 Y94.833
G0 X77.022 Y93.834
G1 F4200 E-3.5
G0 F7200 X85.269 Y94.331
G0 X86.344 Y94.271
G0 X93.67 Y94.331
G0 X94.755 Y94.331
G0 X97.281 Y93.903
G0 X97.272 Y94.041
;TYPE:FILL
G1 F4200 E3.5
G1 F3600 X104.067 Y87.246 E0.23971
G1 X104.137 Y87.176
G0 F7200 X103.935 Y87.165
G0 X103.978 Y92.814
G0 X104.12 Y92.806
G1 F3600 X97.172 Y85.858 E0.24511
G1 X97.102 Y85.788
G0 F7200 X97.109 Y86.01
G0 X96.761 Y93.867
G0 X96.741 Y94.165
;TYPE:WALL-INNER
G1 F3600 X98.325 Y94.272 E0.0396
G1 X100.013 Y94.34 E0.04214
G1 X104.391 Y94.409 E0.10922
G1 X104.257 Y92.511 E0.04746
G1 X104.255 Y90.557 E0.04874
G1 X104.196 Y88.058 E0.06236
G1 X104.221 Y87.382 E0.01687
G1 X104.323 Y85.485 E0.04739
G1 X101.37 Y85.532 E0.07367
G1 X100.036 Y85.544 E0.03328
G1 X98.372 Y85.66 E0.04161
G1 X96.719 Y85.725 E0.04127
G1 X94.838 Y85.821 E0.04698
G1 X94.868 Y86.836 E0.02533
G1 X94.9 Y87.547 E0.01775
G1 X94.98 Y89.955 E0.0601
G1 X94.877 Y92.281 E0.05808
G1 X94.932 Y94.16 E0.04689
G1 X96.741 Y94.165 E0.04513
G0 F7200 X96.714 Y94.564
;TYPE:WALL-OUTER
G1 F1800 X98.303 Y94.672 E0.03973
G1 X100.002 Y94.74 E0.04242
G1 X104.821 Y94.816 E0.12023
G1 X104.656 Y92.483 E0.05834
G1 X104.655 Y90.547 E0.04829
G1 X104.596 Y88.072 E0.06176
G1 X104.62 Y87.404 E0.01667
G1 X104.72 Y85.631 E0.0443
G1 X104.731 Y85.087 E0.01357
G1 X104.213 Y85.084 E0.01292
G1 X101.366 Y85.132 E0.07103
G1 X100.02 Y85.144 E0.03358
G1 X98.356 Y85.26 E0.04161
G1 X96.697 Y85.325 E0.04142
G1 X95.01 Y85.416 E0.04214
G1 X94.426 Y85.431 E0.01457
G1 X94.468 Y86.854 E0.03551
G1 X94.5 Y87.561 E0.01765
G1 X94.58 Y89.937 E0.0593
G1 X94.477 Y92.278 E0.05845
G1 X94.544 Y94.56 E0.05695
G1 X96.714 Y94.564 E0.05413
G0 F7200 X96.913 Y94.577
G0 X96.982 Y93.581
G1 F4200 E-3.5
;MESH:NONMESH
G0 F600 X96.982 Y93.581 Z7.25
G0 F7200 X94.8 Y89.934
G0 X93.715 Y89.938
G0 X86.271 Y89.997
G0 X85.206 Y90.005
G0 X76.047 Y87.208
G0 X75.904 Y87.218
;TIME_ELAPSED:441.478322
;LAYER:47
;TYPE:FILL
;MESH:pi 3mm_deformed_tet.stl
G1 F4200 E3.5
G1 F3600 X82.785 Y94.099 E0.24275
G1 X82.855 Y94.169
G0 F7200 X82.849 Y93.958
G0 X76.021 Y92.814
G0 X75.882 Y92.804
G1 F3600 X82.757 Y85.929 E0.24253
G1 X82.827 Y85.859
G0 F7200 X82.818 Y86.078
G0 X76.827 Y94.143
G0 X76.835 Y94.44
;TYPE:WALL-INNER
G1 F3600 X78.207 Y94.388 E0.03425
G1 X80.056 Y94.348 E0.04613
G1 X83.179 Y94.246 E0.07795
G1 X85.073 Y94.129 E0.04734
G1 X85.024 Y93.221 E0.02268
G1 X84.996 Y92.376 E0.02109
G1 X85.004 Y89.978 E0.05982
G1 X84.988 Y87.639 E0.05835
G1 X85.016 Y86.835 E0.02007
G1 X85.087 Y85.907 E0.02322
G1 X83.181 Y85.794 E0.04763
G1 X81.77 Y85.736 E0.03523
G1 X79.958 Y85.647 E0.04526
G1 X78.569 Y85.6 E0.03467
G1 X75.621 Y85.565 E0.07354
G1 X75.763 Y87.446 E0.04706
G1 X75.784 Y89.28 E0.04575
G1 X75.812 Y90.028 E0.01867
G1 X75.784 Y90.76 E0.01827
G1 X75.739 Y92.568 E0.04511
G1 X75.602 Y94.453 E0.04715
G1 X76.835 Y94.44 E0.03076
G0 F7200 X76.85 Y94.84
;TYPE:WALL-OUTER
G1 F1800 X78.215 Y94.788 E0.03407
G1 X80.069 Y94.748 E0.04626
G1 X83.271 Y94.641 E0.07992
G1 X84.717 Y94.552 E0.03614
G1 X85.496 Y94.526 E0.01944
G1 X85.424 Y93.207 E0.03295
G1 X85.396 Y92.378 E0.02069
G1 X85.404 Y89.976 E0.05992
G1 X85.388 Y87.653 E0.05795
G1 X85.416 Y86.84 E0.02029
G1 X85.52 Y85.51 E0.03328
G1 X84.796 Y85.488 E0.01807
G1 X83.253 Y85.396 E0.03856
G1 X81.79 Y85.336 E0.03653
G1 X79.972 Y85.247 E0.0454
G1 X78.607 Y85.2 E0.03407
G1 X75.819 Y85.165 E0.06955
G1 X75.231 Y85.165 E0.01467
G1 X75.237 Y85.801 E0.01587
G1 X75.364 Y87.489 E0.04223
G1 X75.384 Y89.29 E0.04493
G1 X75.412 Y90.012 E0.01802
G1 X75.384 Y90.723 E0.01775
G1 X75.34 Y92.539 E0.04531
G1 X75.216 Y94.241 E0.04257
G1 X75.208 Y94.857 E0.01537
G1 X76.85 Y94.84 E0.04096
G0 F7200 X77.049 Y94.833
G0 X77.013 Y93.835
G1 F4200 E-3.5
G0 F7200 X85.272 Y94.323
G0 X86.347 Y94.263
G0 X93.661 Y94.079
G0 X94.724 Y94.047
G0 X97.289 Y93.898
G0 X97.28 Y94.034
;TYPE:FILL
G1 F4200 E3.5
G1 F3600 X104.073 Y87.241 E0.23964
G1 X104.143 Y87.171
G0 F7200 X103.939 Y87.159
G0 X103.988 Y92.822
G0 X104.127 Y92.813
G1 F3600 X97.184 Y85.87 E0.24493
G1 X97.114 Y85.8
G0 F7200 X97.121 Y86.014
G0 X96.758 Y93.862
G0 X96.738 Y94.157
;TYPE:WALL-INNER
G1 F3600 X98.501 Y94.28 E0.04409
G1 X100.013 Y94.34 E0.03775
G1 X104.402 Y94.409 E0.1095
G1 X104.265 Y92.516 E0.04734
G1 X104.263 Y90.407 E0.05261
G1 X104.204 Y87.917 E0.06213
G1 X104.225 Y87.382 E0.01336
G1 X104.331 Y85.49 E0.04727
G1 X103.125 Y85.497 E0.03008
G1 X101.525 Y85.528 E0.03992
G1 X100.044 Y85.54 E0.03694
G1 X98.199 Y85.672 E0.04614
G1 X96.718 Y85.729 E0.03697
G1 X94.836 Y85.828 E0.04701
G1 X94.972 Y89.955 E0.103
G1 X94.869 Y92.277 E0.05798
G1 X94.926 Y94.156 E0.04689
G1 X96.738 Y94.157 E0.0452
G0 F7200 X96.71 Y94.556
;TYPE:WALL-OUTER
G1 F1800 X98.479 Y94.68 E0.04424
G1 X100.002 Y94.74 E0.03802
G1 X104.832 Y94.816 E0.1205
G1 X104.664 Y92.487 E0.05825
G1 X104.663 Y90.397 E0.05214
G1 X104.604 Y87.932 E0.06151
G1 X104.624 Y87.404 E0.01318
G1 X104.755 Y85.086 E0.05792
G1 X103.117 Y85.097 E0.04086
G1 X101.522 Y85.128 E0.03979
G1 X100.028 Y85.14 E0.03727
G1 X98.184 Y85.272 E0.04612
G1 X96.697 Y85.329 E0.03712
G1 X94.423 Y85.449 E0.0568
G1 X94.572 Y89.937 E0.11202
G1 X94.469 Y92.274 E0.05835
G1 X94.538 Y94.556 E0.05695
G1 X96.71 Y94.556 E0.05418
G0 F7200 X96.909 Y94.569
G0 X96.977 Y93.576
G1 F4200 E-3.5
;MESH:NONMESH
G0 F600 X96.977 Y93.576 Z7.4
G0 F7200 X94.792 Y89.934
G0 X93.707 Y89.939
G0 X86.271 Y89.99
G0 X85.206 Y89.997
G0 X76.045 Y87.204
G0 X75.9 Y87.214
;TIME_ELAPSED:448.890794
;LAYER:48
;TYPE:FILL
;MESH:pi 3mm_deformed_tet.stl
G1 F4200 E3.5
G1 F3600 X82.782 Y94.095 E0.24276
G1 X82.852 Y94.165
G0 F7200 X82.846 Y93.955
G0 X76.017 Y92.819
G0 X75.877 Y92.809
G1 F3600 X82.754 Y85.932 E0.2426
G1 X82.824 Y85.862
G0 F7200 X82.815 Y86.08
G0 X76.816 Y94.143
G0 X76.822 Y94.44
;TYPE:WALL-INNER
G1 F3600 X78.384 Y94.38 E0.03899
G1 X80.112 Y94.346 E0.04311
G1 X83.179 Y94.242 E0.07655
G1 X85.076 Y94.13 E0.0474
G1 X85.02 Y93.082 E0.02618
G1 X84.996 Y92.37 E0.01777
G1 X85.004 Y89.987 E0.05944
G1 X84.992 Y87.645 E0.05842
G1 X85.013 Y86.948 E0.01739
G1 X85.096 Y85.904 E0.02612
G1 X83.189 Y85.798 E0.04764
G1 X81.594 Y85.732 E0.03982
G1 X79.958 Y85.651 E0.04086
G1 X78.41 Y85.6 E0.03864
G1 X75.623 Y85.567 E0.06953
G1 X75.759 Y87.447 E0.04702
G1 X75.785 Y89.482 E0.05077
G1 X75.804 Y90.026 E0.01358
G1 X75.735 Y92.568 E0.06343
G1 X75.6 Y94.453 E0.04714
G1 X76.822 Y94.44 E0.03048
G0 F7200 X76.837 Y94.84
;TYPE:WALL-OUTER
G1 F1800 X78.392 Y94.78 E0.03882
G1 X80.126 Y94.746 E0.04326
G1 X83.272 Y94.637 E0.07852
G1 X84.906 Y94.536 E0.04084
G1 X85.497 Y94.518 E0.01475
G1 X85.42 Y93.068 E0.03622
G1 X85.396 Y92.372 E0.01737
G1 X85.404 Y89.985 E0.05954
G1 X85.392 Y87.657 E0.05807
G1 X85.412 Y86.98 E0.0169
G1 X85.528 Y85.518 E0.03658
G1 X84.984 Y85.5 E0.01358
G1 X83.206 Y85.398 E0.04443
G1 X81.614 Y85.332 E0.03975
G1 X79.972 Y85.251 E0.04101
G1 X78.447 Y85.2 E0.03806
G1 X75.219 Y85.163 E0.08053
G1 X75.225 Y85.652 E0.0122
G1 X75.36 Y87.489 E0.04595
G1 X75.385 Y89.496 E0.05007
G1 X75.404 Y90.012 E0.01288
G1 X75.336 Y92.539 E0.06306
G1 X75.2 Y94.385 E0.04617
G1 X75.195 Y94.857 E0.01177
G1 X76.837 Y94.84 E0.04096
G0 F7200 X77.036 Y94.833
G0 X77 Y93.835
G1 F4200 E-3.5
G0 F7200 X85.275 Y94.314
G0 X86.35 Y94.255
G0 X93.653 Y94.07
G0 X94.716 Y94.038
G0 X97.292 Y93.894
G0 X97.283 Y94.03
;TYPE:FILL
G1 F4200 E3.5
G1 F3600 X104.072 Y87.241 E0.2395
G1 X104.142 Y87.171
G0 F7200 X103.941 Y87.16
G0 X103.997 Y92.831
G0 X104.136 Y92.822
G1 F3600 X97.187 Y85.873 E0.24514
G1 X97.117 Y85.803
G0 F7200 X97.124 Y86.018
G0 X96.758 Y93.857
G0 X96.738 Y94.153
;TYPE:WALL-INNER
G1 F3600 X98.681 Y94.288 E0.04859
G1 X100.017 Y94.34 E0.03335
G1 X104.41 Y94.413 E0.1096
G1 X104.273 Y92.516 E0.04744
G1 X104.271 Y90.256 E0.05638
G1 X104.208 Y87.652 E0.06498
G1 X104.335 Y85.486 E0.05412
G1 X103.127 Y85.496 E0.03013
G1 X101.682 Y85.524 E0.03605
G1 X100.052 Y85.54 E0.04066
G1 X98.028 Y85.68 E0.05061
G1 X96.722 Y85.732 E0.0326
G1 X94.827 Y85.833 E0.04734
G1 X94.96 Y89.95 E0.10275
G1 X94.861 Y92.268 E0.05788
G1 X94.918 Y94.152 E0.04702
G1 X96.738 Y94.153 E0.0454
G0 F7200 X96.71 Y94.552
;TYPE:WALL-OUTER
G1 F1800 X98.659 Y94.688 E0.04874
G1 X100.006 Y94.74 E0.03363
G1 X104.84 Y94.82 E0.1206
G1 X104.672 Y92.487 E0.05835
G1 X104.671 Y90.246 E0.0559
G1 X104.608 Y87.676 E0.06413
G1 X104.759 Y85.082 E0.06482
G1 X103.119 Y85.096 E0.04091
G1 X101.678 Y85.124 E0.03595
G1 X100.036 Y85.14 E0.04096
G1 X98.012 Y85.28 E0.05061
G1 X96.701 Y85.332 E0.03273
G1 X94.415 Y85.454 E0.05711
G1 X94.56 Y89.933 E0.11179
G1 X94.461 Y92.266 E0.05825
G1 X94.53 Y94.552 E0.05705
G1 X96.71 Y94.552 E0.05438
G0 F7200 X96.909 Y94.565
G0 X96.978 Y93.572
G1 F4200 E-3.5
;MESH:NONMESH
G0 F600 X96.978 Y93.572 Z7.55
G0 F7200 X94.783 Y89.933
G0 X93.698 Y89.937
G0 X86.27 Y89.981
G0 X85.205 Y89.988
G0 X76.044 Y87.204
G0 X75.9 Y87.214
;TIME_ELAPSED:456.304499
;LAYER:49
;TYPE:FILL
;MESH:pi 3mm_deformed_tet.stl
G1 F4200 E3.5
G1 F3600 X82.777 Y94.091 E0.2426
G1 X82.847 Y94.161
G0 F7200 X82.841 Y93.952
G0 X76.013 Y92.824
G0 X75.873 Y92.813
G1 F3600 X82.746 Y85.94 E0.24246
G1 X82.816 Y85.87
G0 F7200 X82.807 Y86.082
G0 X76.806 Y94.144
G0 X76.81 Y94.44
;TYPE:WALL-INNER
G1 F3600 X78.558 Y94.376 E0.04363
G1 X80.05 Y94.344 E0.03723
G1 X83.182 Y94.238 E0.07817
G1 X85.08 Y94.125 E0.04743
G1 X85.016 Y92.938 E0.02965
G1 X85 Y92.361 E0.0144
G1 X85.004 Y89.987 E0.05922
G1 X84.992 Y87.649 E0.05832
G1 X85.008 Y87.117 E0.01328
G1 X85.104 Y85.912 E0.03015
G1 X83.238 Y85.8 E0.04663
G1 X81.413 Y85.728 E0.04556
G1 X79.967 Y85.655 E0.03612
G1 X78.278 Y85.596 E0.04216
G1 X75.619 Y85.568 E0.06633
G1 X75.759 Y87.451 E0.0471
G1 X75.784 Y89.596 E0.05351
G1 X75.8 Y90.025 E0.01071
G1 X75.731 Y92.564 E0.06336
G1 X75.596 Y94.452 E0.04722
G1 X76.81 Y94.44 E0.03028
G0 F7200 X76.824 Y94.84
;TYPE:WALL-OUTER
G1 F1800 X78.567 Y94.776 E0.04351
G1 X80.064 Y94.744 E0.03735
G1 X83.255 Y94.635 E0.07965
G1 X85.5 Y94.499 E0.0561
G1 X85.416 Y92.926 E0.03929
G1 X85.4 Y92.362 E0.01407
G1 X85.404 Y89.985 E0.05929
G1 X85.392 Y87.661 E0.05797
G1 X85.408 Y87.12 E0.0135
G1 X85.534 Y85.537 E0.03961
G1 X83.258 Y85.4 E0.05688
G1 X81.433 Y85.328 E0.04556
G1 X79.981 Y85.255 E0.03627
G1 X78.287 Y85.196 E0.04228
G1 X75.188 Y85.163 E0.07731
G1 X75.36 Y87.493 E0.05828
G1 X75.384 Y89.606 E0.05271
G1 X75.4 Y90.014 E0.01019
G1 X75.332 Y92.535 E0.06291
G1 X75.167 Y94.857 E0.05807
G1 X76.824 Y94.84 E0.04134
G0 F7200 X77.023 Y94.833
G0 X76.987 Y93.836
G1 F4200 E-3.5
G0 F7200 X85.278 Y94.306
G0 X86.353 Y94.247
G0 X93.641 Y94.07
G0 X94.705 Y94.04
G0 X97.296 Y93.89
G0 X97.287 Y94.026
;TYPE:FILL
G1 F4200 E3.5
G1 F3600 X104.082 Y87.232 E0.23969
G1 X104.152 Y87.162
G0 F7200 X103.949 Y87.151
G0 X104.005 Y92.843
G0 X104.146 Y92.833
G1 F3600 X97.192 Y85.878 E0.24534
G1 X97.122 Y85.808
G0 F7200 X97.129 Y86.022
G0 X96.753 Y93.853
G0 X96.733 Y94.149
;TYPE:WALL-INNER
G1 F3600 X98.857 Y94.292 E0.0531
G1 X100.022 Y94.34 E0.02909
G1 X104.418 Y94.416 E0.10968
G1 X104.281 Y92.511 E0.04764
G1 X104.275 Y90.114 E0.05979
G1 X104.22 Y87.623 E0.06215
G1 X104.337 Y85.486 E0.05339
G1 X103.13 Y85.496 E0.03011
G1 X101.833 Y85.524 E0.03236
G1 X100.064 Y85.536 E0.04413
G1 X97.856 Y85.692 E0.05522
G1 X96.719 Y85.737 E0.02838
G1 X94.823 Y85.84 E0.04737
G1 X94.953 Y89.928 E0.10203
G1 X94.853 Y92.265 E0.05835
G1 X94.907 Y94.144 E0.04689
G1 X96.733 Y94.149 E0.04555
G0 F7200 X96.706 Y94.548
;TYPE:WALL-OUTER
G1 F1800 X98.835 Y94.692 E0.05323
G1 X100.01 Y94.74 E0.02933
G1 X104.848 Y94.824 E0.1207
G1 X104.68 Y92.469 E0.0589
G1 X104.675 Y90.105 E0.05897
G1 X104.62 Y87.645 E0.06138
G1 X104.76 Y85.082 E0.06403
G1 X103.122 Y85.096 E0.04086
G1 X101.83 Y85.124 E0.03224
G1 X100.048 Y85.136 E0.04445
G1 X97.84 Y85.292 E0.05522
G1 X96.697 Y85.337 E0.02853
G1 X94.411 Y85.462 E0.05711
G1 X94.553 Y89.926 E0.11141
G1 X94.453 Y92.262 E0.05833
G1 X94.519 Y94.544 E0.05695
G1 X96.706 Y94.548 E0.05456
G0 F7200 X96.905 Y94.561
G0 X96.973 Y93.567
G1 F4200 E-3.5
;MESH:NONMESH
G0 F600 X96.973 Y93.567 Z7.7
G0 F7200 X94.775 Y89.933
G0 X93.69 Y89.937
G0 X86.27 Y89.978
G0 X85.205 Y89.984
G0 X76.042 Y87.204
G0 X75.9 Y87.214
;TIME_ELAPSED:463.719522
;LAYER:50
;TYPE:FILL
;MESH:pi 3mm_deformed_tet.stl
G1 F4200 E3.5
G1 F3600 X82.774 Y94.088 E0.2425
G1 X82.844 Y94.158
G0 F7200 X82.838 Y93.948
G0 X76.009 Y92.829
G0 X75.868 Y92.818
G1 F3600 X82.749 Y85.937 E0.24275
G1 X82.819 Y85.867
G0 F7200 X82.809 Y86.084
G0 X76.796 Y94.144
G0 X76.803 Y94.44
;TYPE:WALL-INNER
G1 F3600 X78.735 Y94.368 E0.04823
G1 X80.046 Y94.34 E0.03271
G1 X83.182 Y94.234 E0.07827
G1 X85.084 Y94.12 E0.04753
G1 X85 Y92.554 E0.03912
G1 X85.004 Y89.986 E0.06406
G1 X84.993 Y87.409 E0.06428
G1 X85.11 Y85.915 E0.03738
G1 X83.224 Y85.804 E0.04713
G1 X80.026 Y85.662 E0.07985
G1 X78.093 Y85.596 E0.04825
G1 X75.619 Y85.568 E0.06172
G1 X75.759 Y87.451 E0.0471
G1 X75.792 Y90.024 E0.06419
G1 X75.727 Y92.564 E0.06338
G1 X75.59 Y94.453 E0.04725
G1 X76.803 Y94.44 E0.03026
G0 F7200 X76.817 Y94.84
;TYPE:WALL-OUTER
G1 F1800 X78.743 Y94.768 E0.04808
G1 X80.06 Y94.74 E0.03286
G1 X83.254 Y94.631 E0.07972
G1 X85.505 Y94.496 E0.05625
G1 X85.4 Y92.555 E0.04849
G1 X85.404 Y89.984 E0.06413
G1 X85.392 Y87.44 E0.06346
G1 X85.54 Y85.54 E0.04754
G1 X83.242 Y85.404 E0.05742
G1 X79.998 Y85.26 E0.081
G1 X78.098 Y85.196 E0.04742
G1 X75.188 Y85.163 E0.07259
G1 X75.36 Y87.493 E0.05828
G1 X75.392 Y90.014 E0.06289
G1 X75.328 Y92.535 E0.06291
G1 X75.16 Y94.857 E0.05807
G1 X76.817 Y94.84 E0.04134
G0 F7200 X77.016 Y94.833
G0 X76.98 Y93.836
G1 F4200 E-3.5
G0 F7200 X85.281 Y94.296
G0 X86.356 Y94.237
G0 X93.637 Y94.048
G0 X94.7 Y94.016
G0 X97.3 Y93.885
G0 X97.291 Y94.023
;TYPE:FILL
G1 F4200 E3.5
G1 F3600 X104.082 Y87.232 E0.23957
G1 X104.152 Y87.162
G0 F7200 X103.95 Y87.151
G0 X104.012 Y92.845
G0 X104.15 Y92.836
G1 F3600 X97.195 Y85.882 E0.24534
G1 X97.125 Y85.812
G0 F7200 X97.132 Y86.025
G0 X96.753 Y93.848
G0 X96.733 Y94.145
;TYPE:WALL-INNER
G1 F3600 X99.033 Y94.3 E0.0575
G1 X100.026 Y94.34 E0.02479
G1 X104.425 Y94.416 E0.10975
G1 X104.285 Y92.513 E0.0476
G1 X104.283 Y89.965 E0.06356
G1 X104.228 Y87.478 E0.06205
G1 X104.34 Y85.486 E0.04977
G1 X103.131 Y85.497 E0.03016
G1 X101.989 Y85.52 E0.02849
G1 X100.072 Y85.536 E0.04782
G1 X97.683 Y85.704 E0.05974
G1 X96.719 Y85.74 E0.02406
G1 X94.818 Y85.841 E0.04749
G1 X94.944 Y89.95 E0.10255
G1 X94.845 Y92.256 E0.05758
G1 X94.902 Y94.14 E0.04702
G1 X96.733 Y94.145 E0.04567
G0 F7200 X96.706 Y94.544
;TYPE:WALL-OUTER
G1 F1800 X99.011 Y94.7 E0.05763
G1 X100.014 Y94.74 E0.02504
G1 X104.856 Y94.824 E0.1208
G1 X104.684 Y92.483 E0.05855
G1 X104.683 Y89.956 E0.06304
G1 X104.628 Y87.5 E0.06128
G1 X104.764 Y85.082 E0.06041
G1 X103.123 Y85.097 E0.04094
G1 X101.986 Y85.12 E0.02837
G1 X100.056 Y85.136 E0.04815
G1 X97.668 Y85.304 E0.05972
G1 X96.698 Y85.34 E0.02421
G1 X94.406 Y85.462 E0.05726
G1 X94.544 Y89.933 E0.11158
G1 X94.445 Y92.254 E0.05795
G1 X94.514 Y94.54 E0.05705
G1 X96.706 Y94.544 E0.05468
G0 F7200 X96.905 Y94.557
G0 X96.973 Y93.562
G1 F4200 E-3.5
;MESH:NONMESH
G0 F600 X96.973 Y93.562 Z7.85
G0 F7200 X94.767 Y89.932
G0 X93.682 Y89.936
G0 X86.27 Y89.973
G0 X85.205 Y89.979
G0 X76.04 Y87.2
G0 X75.896 Y87.21
;TIME_ELAPSED:471.136011
;LAYER:51
;TYPE:FILL
;MESH:pi 3mm_deformed_tet.stl
G1 F4200 E3.5
G1 F3600 X82.774 Y94.088 E0.24264
G1 X82.844 Y94.158
G0 F7200 X82.838 Y93.945
G0 X76.006 Y92.832
G0 X75.865 Y92.821
G1 F3600 X82.744 Y85.942 E0.24268
G1 X82.814 Y85.872
G0 F7200 X82.804 Y86.086
G0 X78.902 Y94.065
G0 X78.911 Y94.364
;TYPE:WALL-INNER
G1 F3600 X80.046 Y94.34 E0.02832
G1 X83.18 Y94.234 E0.07822
G1 X85.088 Y94.117 E0.04768
G1 X85 Y92.525 E0.03977
G1 X85.004 Y89.986 E0.06334
G1 X84.993 Y87.489 E0.06229
G1 X85.117 Y85.912 E0.03946
G1 X83.229 Y85.804 E0.04717
G1 X80.03 Y85.666 E0.07987
G1 X77.935 Y85.596 E0.05229
G1 X75.615 Y85.568 E0.05788
G1 X75.755 Y87.451 E0.0471
G1 X75.788 Y90.024 E0.06419
G1 X75.723 Y92.563 E0.06336
G1 X75.589 Y94.454 E0.04729
G1 X76.792 Y94.444 E0.03001
G1 X78.911 Y94.364 E0.0529
G0 F7200 X78.919 Y94.764
;TYPE:WALL-OUTER
G1 F1800 X80.06 Y94.74 E0.02847
G1 X83.226 Y94.632 E0.07902
G1 X85.509 Y94.492 E0.05706
G1 X85.4 Y92.491 E0.04999
G1 X85.404 Y89.984 E0.06254
G1 X85.392 Y87.52 E0.06147
G1 X85.548 Y85.536 E0.04964
G1 X83.278 Y85.406 E0.05672
G1 X80.003 Y85.264 E0.08177
G1 X77.94 Y85.196 E0.05149
G1 X75.184 Y85.163 E0.06875
G1 X75.356 Y87.493 E0.05828
G1 X75.388 Y90.014 E0.06289
G1 X75.324 Y92.535 E0.06291
G1 X75.159 Y94.858 E0.05809
G1 X76.807 Y94.844 E0.04111
G1 X78.919 Y94.764 E0.05272
G0 F7200 X79.119 Y94.76
G0 X79.099 Y93.759
G1 F4200 E-3.5
G0 F7200 X85.286 Y94.292
G0 X86.361 Y94.232
G0 X93.633 Y94.013
G0 X94.696 Y93.977
G0 X97.304 Y93.881
G0 X97.295 Y94.018
;TYPE:FILL
G1 F4200 E3.5
G1 F3600 X104.085 Y87.229 E0.23952
G1 X104.155 Y87.159
G0 F7200 X103.954 Y87.148
G0 X104.021 Y92.856
G0 X104.16 Y92.847
G1 F3600 X97.193 Y85.88 E0.24578
G1 X97.123 Y85.81
G0 F7200 X97.131 Y86.03
G0 X96.749 Y93.843
G0 X96.729 Y94.141
;TYPE:WALL-INNER
G1 F3600 X99.212 Y94.308 E0.06208
G1 X100.026 Y94.34 E0.02032
G1 X104.436 Y94.42 E0.11003
G1 X104.293 Y92.517 E0.0476
G1 X104.294 Y89.842 E0.06673
G1 X104.236 Y87.427 E0.06026
G1 X104.341 Y85.487 E0.04846
G1 X100.081 Y85.532 E0.10627
G1 X97.513 Y85.712 E0.06422
G1 X96.726 Y85.744 E0.01965
G1 X94.821 Y85.848 E0.04759
G1 X94.936 Y89.95 E0.10237
G1 X94.837 Y92.251 E0.05745
G1 X94.901 Y94.136 E0.04705
G1 X96.729 Y94.141 E0.0456
G0 F7200 X96.702 Y94.54
;TYPE:WALL-OUTER
G1 F1800 X99.191 Y94.708 E0.06223
G1 X100.014 Y94.74 E0.02055
G1 X104.868 Y94.828 E0.1211
G1 X104.692 Y92.487 E0.05856
G1 X104.694 Y89.832 E0.06623
G1 X104.636 Y87.4 E0.06068
G1 X104.764 Y85.083 E0.05789
G1 X100.065 Y85.132 E0.11722
G1 X97.497 Y85.312 E0.06422
G1 X96.704 Y85.344 E0.0198
G1 X94.41 Y85.47 E0.05731
G1 X94.536 Y89.933 E0.11137
G1 X94.437 Y92.249 E0.05783
G1 X94.514 Y94.536 E0.05708
G1 X96.702 Y94.54 E0.05458
G0 F7200 X96.901 Y94.553
G0 X96.969 Y93.557
G1 F4200 E-3.5
;MESH:NONMESH
G0 F600 X96.969 Y93.557 Z8
G0 F7200 X94.757 Y89.933
G0 X93.674 Y89.935
G0 X86.269 Y89.969
G0 X85.204 Y89.974
G0 X76.039 Y87.2
G0 X75.896 Y87.21
;TIME_ELAPSED:478.532527
;LAYER:52
;TYPE:FILL
;MESH:pi 3mm_deformed_tet.stl
G1 F4200 E3.5
G1 F3600 X82.77 Y94.083 E0.24248
G1 X82.84 Y94.153
G0 F7200 X82.834 Y93.942
G0 X76.002 Y92.835
G0 X75.861 Y92.825
G1 F3600 X82.739 Y85.947 E0.24264
G1 X82.809 Y85.877
G0 F7200 X82.8 Y86.088
G0 X79.08 Y94.058
G0 X79.091 Y94.356
;TYPE:WALL-INNER
G1 F3600 X80.043 Y94.336 E0.02375
G1 X83.183 Y94.23 E0.07837
G1 X85.092 Y94.116 E0.04771
G1 X85 Y92.401 E0.04284
G1 X85.001 Y87.509 E0.12203
G1 X85.126 Y85.919 E0.03979
G1 X83.227 Y85.808 E0.04745
G1 X79.999 Y85.668 E0.0806
G1 X77.78 Y85.592 E0.05539
G1 X75.615 Y85.565 E0.05401
G1 X75.755 Y87.451 E0.04718
G1 X75.784 Y90.041 E0.06461
G1 X75.719 Y92.562 E0.06291
G1 X75.588 Y94.454 E0.04731
G1 X76.784 Y94.444 E0.02984
G1 X79.091 Y94.356 E0.05759
G0 F7200 X79.099 Y94.756
;TYPE:WALL-OUTER
G1 F1800 X80.057 Y94.736 E0.0239
G1 X83.197 Y94.63 E0.07837
G1 X85.513 Y94.492 E0.05788
G1 X85.4 Y92.351 E0.05348
G1 X85.4 Y87.54 E0.12001
G1 X85.556 Y85.544 E0.04994
G1 X83.245 Y85.408 E0.05775
G1 X80.013 Y85.268 E0.0807
G1 X77.785 Y85.192 E0.05561
G1 X75.184 Y85.159 E0.06489
G1 X75.356 Y87.493 E0.05838
G1 X75.384 Y90.032 E0.06334
G1 X75.376 Y90.099 E0.00168
G1 X75.32 Y92.534 E0.06076
G1 X75.159 Y94.858 E0.05811
G1 X76.799 Y94.844 E0.04091
G1 X79.099 Y94.756 E0.05742
G0 F7200 X79.299 Y94.752
G0 X79.279 Y93.752
G1 F4200 E-3.5
G0 F7200 X85.29 Y94.292
G0 X86.364 Y94.234
G0 X93.632 Y94.01
G0 X94.696 Y93.973
G0 X97.31 Y93.877
G0 X97.301 Y94.012
;TYPE:FILL
G1 F4200 E3.5
G1 F3600 X104.096 Y87.217 E0.23971
G1 X104.166 Y87.147
G0 F7200 X103.966 Y87.136
G0 X104.031 Y92.869
G0 X104.173 Y92.859
G1 F3600 X97.204 Y85.89 E0.24585
G1 X97.134 Y85.82
G0 F7200 X97.143 Y86.036
G0 X96.75 Y93.838
G0 X96.73 Y94.133
;TYPE:WALL-INNER
G1 F3600 X99.388 Y94.316 E0.06646
G1 X100.029 Y94.34 E0.016
G1 X104.442 Y94.42 E0.1101
G1 X104.305 Y92.515 E0.04764
G1 X104.312 Y92.226 E0.00721
G1 X104.309 Y89.988 E0.05583
G1 X104.248 Y87.38 E0.06507
G1 X104.347 Y85.487 E0.04729
G1 X100.089 Y85.532 E0.10622
G1 X97.346 Y85.724 E0.06859
G1 X94.816 Y85.853 E0.06319
G1 X94.928 Y89.95 E0.10224
G1 X94.833 Y92.175 E0.05555
G1 X94.9 Y94.125 E0.04867
G1 X96.73 Y94.133 E0.04565
G0 F7200 X96.702 Y94.532
;TYPE:WALL-OUTER
G1 F1800 X99.367 Y94.716 E0.06664
G1 X100.018 Y94.74 E0.01625
G1 X104.872 Y94.828 E0.1211
G1 X104.704 Y92.487 E0.05855
G1 X104.712 Y92.232 E0.00636
G1 X104.709 Y89.988 E0.05598
G1 X104.648 Y87.401 E0.06455
G1 X104.769 Y85.083 E0.0579
G1 X100.073 Y85.132 E0.11715
G1 X97.326 Y85.324 E0.06869
G1 X95.051 Y85.436 E0.05682
G1 X94.406 Y85.479 E0.01613
G1 X94.528 Y89.933 E0.11115
G1 X94.433 Y92.173 E0.05593
G1 X94.514 Y94.516 E0.05848
G1 X95.19 Y94.532 E0.01687
G1 X96.702 Y94.532 E0.03772
G0 F7200 X96.901 Y94.545
G0 X96.969 Y93.552
G1 F4200 E-3.5
;MESH:NONMESH
G0 F600 X96.969 Y93.552 Z8.15
G0 F7200 X94.749 Y89.934
G0 X93.666 Y89.931
G0 X86.265 Y89.934
G0 X85.18 Y89.934
G0 X76.035 Y87.179
G0 X75.876 Y87.19
;TIME_ELAPSED:485.925114
;LAYER:53
;TYPE:FILL
;MESH:pi 3mm_deformed_tet.stl
G1 F4200 E3.5
G1 F3600 X82.766 Y94.08 E0.24306
G1 X82.836 Y94.15
G0 F7200 X82.83 Y93.938
G0 X75.983 Y92.849
G0 X75.846 Y92.84
G1 F3600 X82.744 Y85.942 E0.24335
G1 X82.814 Y85.872
G0 F7200 X82.804 Y86.091
G0 X79.257 Y94.052
G0 X79.267 Y94.348
;TYPE:WALL-INNER
G1 F3600 X80.043 Y94.332 E0.01936
G1 X83.176 Y94.226 E0.0782
G1 X85.095 Y94.109 E0.04796
G1 X85 Y92.385 E0.04307
G1 X84.997 Y87.636 E0.11846
G1 X85.133 Y85.926 E0.04279
G1 X83.199 Y85.81 E0.04833
G1 X79.972 Y85.671 E0.08057
G1 X77.622 Y85.592 E0.05865
G1 X75.604 Y85.565 E0.05034
G1 X75.737 Y87.49 E0.04813
G1 X75.756 Y89.8 E0.05763
G1 X75.703 Y92.56 E0.06886
G1 X75.578 Y94.454 E0.04735
G1 X76.773 Y94.444 E0.02981
G1 X79.267 Y94.348 E0.06226
G0 F7200 X79.275 Y94.748
;TYPE:WALL-OUTER
G1 F1800 X80.057 Y94.732 E0.01951
G1 X83.222 Y94.624 E0.079
G1 X85.517 Y94.484 E0.05736
G1 X85.4 Y92.385 E0.05244
G1 X85.396 Y87.668 E0.11767
G1 X85.564 Y85.552 E0.05295
G1 X83.265 Y85.412 E0.05746
G1 X79.986 Y85.271 E0.08187
G1 X77.628 Y85.192 E0.05885
G1 X75.175 Y85.159 E0.0612
G1 X75.337 Y87.494 E0.05839
G1 X75.356 Y89.792 E0.05733
G1 X75.304 Y92.534 E0.06841
G1 X75.15 Y94.858 E0.0581
G1 X76.788 Y94.844 E0.04086
G1 X79.275 Y94.748 E0.06208
G0 F7200 X79.475 Y94.744
G0 X79.455 Y93.746
G1 F4200 E-3.5
G0 F7200 X85.292 Y94.286
G0 X86.367 Y94.227
G0 X93.633 Y94.014
G0 X94.696 Y93.979
G0 X97.314 Y93.872
G0 X97.305 Y94.008
;TYPE:FILL
G1 F4200 E3.5
G1 F3600 X104.109 Y87.204 E0.24003
G1 X104.179 Y87.134
G0 F7200 X103.978 Y87.123
G0 X104.041 Y92.879
G0 X104.182 Y92.869
G1 F3600 X97.207 Y85.894 E0.24606
G1 X97.137 Y85.824
G0 F7200 X97.146 Y86.038
G0 X96.745 Y93.833
G0 X96.725 Y94.129
;TYPE:WALL-INNER
G1 F3600 X99.77 Y94.336 E0.07613
G1 X104.453 Y94.42 E0.11684
G1 X104.312 Y92.447 E0.04934
G1 X104.328 Y92.072 E0.00936
G1 X104.324 Y89.946 E0.05303
G1 X104.308 Y89.574 E0.00929
G1 X104.26 Y87.379 E0.05477
G1 X104.362 Y85.487 E0.04726
G1 X100.097 Y85.528 E0.1064
G1 X97.174 Y85.736 E0.0731
G1 X95.546 Y85.815 E0.04066
G1 X94.816 Y85.862 E0.01825
G1 X94.864 Y87.628 E0.04407
G1 X94.857 Y87.811 E0.00457
G1 X94.92 Y89.955 E0.05351
G1 X94.829 Y92.047 E0.05223
G1 X94.901 Y94.112 E0.05154
G1 X95.627 Y94.128 E0.01811
G1 X96.725 Y94.129 E0.02739
G0 F7200 X96.698 Y94.528
;TYPE:WALL-OUTER
G1 F1800 X99.753 Y94.736 E0.07638
G1 X104.884 Y94.828 E0.12801
G1 X104.712 Y92.487 E0.05855
G1 X104.728 Y92.08 E0.01016
G1 X104.724 Y89.937 E0.05346
G1 X104.708 Y89.565 E0.00929
G1 X104.66 Y87.401 E0.05399
G1 X104.784 Y85.083 E0.05791
G1 X100.081 Y85.128 E0.11732
G1 X97.154 Y85.336 E0.0732
G1 X95.521 Y85.416 E0.04078
G1 X94.406 Y85.488 E0.02787
G1 X94.464 Y87.612 E0.053
G1 X94.457 Y87.809 E0.00492
G1 X94.52 Y89.937 E0.05311
G1 X94.429 Y92.045 E0.05263
G1 X94.514 Y94.504 E0.06138
G1 X95.627 Y94.528 E0.02777
G1 X96.698 Y94.528 E0.02672
G0 F7200 X96.897 Y94.541
G0 X96.965 Y93.547
G1 F4200 E-3.5
G1 F600 Z8.65
;MESH:NONMESH
G0 F7200 X96.965 Y93.547 Z8.65
G0 X75.856 Y87.17
;TIME_ELAPSED:493.202822
;LAYER:54
;MESH:pi 3mm_deformed_tet.stl
G0 X75.856 Y87.17 Z8.8
;TYPE:FILL
G1 F600 Z8.3
G1 F4200 E3.5
G1 F3600 X82.762 Y94.076 E0.24363
G1 X82.832 Y94.146
G0 F7200 X82.826 Y93.936
G0 X75.963 Y92.871
G0 X75.824 Y92.862
G1 F3600 X82.744 Y85.942 E0.24412
G1 X82.814 Y85.872
G0 F7200 X82.804 Y86.094
G0 X76.758 Y94.146
G0 X76.764 Y94.444
;TYPE:WALL-INNER
G1 F3600 X79.443 Y94.344 E0.06687
G1 X80.043 Y94.331 E0.01497
G1 X83.179 Y94.222 E0.07828
G1 X85.096 Y94.105 E0.04791
G1 X85.004 Y92.381 E0.04307
G1 X85.005 Y87.648 E0.11807
G1 X85.142 Y85.928 E0.04304
G1 X83.245 Y85.812 E0.04741
G1 X80.018 Y85.68 E0.08057
G1 X77.463 Y85.592 E0.06377
G1 X75.584 Y85.569 E0.04688
G1 X75.715 Y87.45 E0.04704
G1 X75.736 Y89.611 E0.05391
G1 X75.769 Y90.007 E0.00991
G1 X75.732 Y90.416 E0.01024
G1 X75.683 Y92.564 E0.0536
G1 X75.558 Y94.454 E0.04725
G1 X76.764 Y94.444 E0.03008
G0 F7200 X76.778 Y94.844
;TYPE:WALL-OUTER
G1 F1800 X79.451 Y94.744 E0.06672
G1 X80.057 Y94.731 E0.01512
G1 X83.266 Y94.618 E0.0801
G1 X85.517 Y94.48 E0.05626
G1 X85.404 Y92.331 E0.05368
G1 X85.404 Y87.68 E0.11602
G1 X85.573 Y85.553 E0.05323
G1 X83.265 Y85.412 E0.05768
G1 X80.032 Y85.28 E0.08071
G1 X77.468 Y85.192 E0.064
G1 X75.155 Y85.163 E0.0577
G1 X75.316 Y87.49 E0.05819
G1 X75.336 Y89.63 E0.05338
G1 X75.369 Y90.007 E0.00944
G1 X75.332 Y90.392 E0.00965
G1 X75.284 Y92.538 E0.05355
G1 X75.13 Y94.858 E0.058
G1 X76.778 Y94.844 E0.04111
G0 F7200 X76.977 Y94.837
G0 X76.941 Y93.838
G1 F4200 E-3.5
G0 F7200 X85.295 Y94.28
G0 X86.369 Y94.222
G0 X93.633 Y94.011
G0 X94.696 Y93.976
G0 X97.317 Y93.867
G0 X97.308 Y94.005
;TYPE:FILL
G1 F4200 E3.5
G1 F3600 X104.121 Y87.192 E0.24035
G1 X104.191 Y87.122
G0 F7200 X103.99 Y87.111
G0 X104.051 Y92.886
G0 X104.191 Y92.877
G1 F3600 X97.207 Y85.894 E0.24636
G1 X97.137 Y85.824
G0 F7200 X97.152 Y86.038
G0 X96.746 Y93.828
G0 X96.726 Y94.125
;TYPE:WALL-INNER
G1 F3600 X99.739 Y94.332 E0.07534
G1 X104.461 Y94.419 E0.11781
G1 X104.321 Y92.52 E0.0475
G1 X104.344 Y91.919 E0.015
G1 X104.34 Y89.951 E0.04909
G1 X104.316 Y89.422 E0.01321
G1 X104.273 Y87.375 E0.05107
G1 X104.375 Y85.487 E0.04717
G1 X100.105 Y85.528 E0.10652
G1 X97.002 Y85.748 E0.0776
G1 X96.01 Y85.796 E0.02477
G1 X94.816 Y85.871 E0.02984
G1 X94.864 Y87.639 E0.04412
G1 X94.853 Y87.943 E0.00759
G1 X94.912 Y89.954 E0.05019
G1 X94.829 Y91.92 E0.04909
G1 X94.898 Y94.099 E0.05438
G1 X96.067 Y94.124 E0.02917
G1 X96.726 Y94.125 E0.01644
G0 F7200 X96.698 Y94.524
;TYPE:WALL-OUTER
G1 F1800 X99.721 Y94.732 E0.07559
G1 X104.892 Y94.827 E0.12901
G1 X104.72 Y92.491 E0.05843
G1 X104.744 Y91.927 E0.01408
G1 X104.74 Y89.941 E0.04954
G1 X104.716 Y89.413 E0.01318
G1 X104.672 Y87.397 E0.0503
G1 X104.798 Y85.083 E0.05781
G1 X100.089 Y85.128 E0.11747
G1 X96.982 Y85.348 E0.0777
G1 X95.985 Y85.396 E0.0249
G1 X94.406 Y85.496 E0.03947
G1 X94.464 Y87.624 E0.0531
G1 X94.453 Y87.941 E0.00791
G1 X94.512 Y89.937 E0.04981
G1 X94.429 Y91.918 E0.04946
G1 X94.51 Y94.491 E0.06422
G1 X96.067 Y94.524 E0.03885
G1 X96.698 Y94.524 E0.01574
G0 F7200 X96.897 Y94.537
G0 X96.965 Y93.542
G1 F4200 E-3.5
;MESH:NONMESH
G0 F600 X96.965 Y93.542 Z8.45
G0 F7200 X94.649 Y91.919
G0 X93.566 Y91.954
G0 X86.27 Y91.913
G0 X85.185 Y91.913
G0 X75.996 Y87.143
G0 X75.839 Y87.153
;TIME_ELAPSED:500.605924
;LAYER:55
;TYPE:FILL
;MESH:pi 3mm_deformed_tet.stl
G1 F4200 E3.5
G1 F3600 X82.758 Y94.072 E0.24409
G1 X82.828 Y94.142
G0 F7200 X82.822 Y93.932
G0 X75.944 Y92.89
G0 X75.805 Y92.881
G1 F3600 X82.741 Y85.945 E0.24469
G1 X82.811 Y85.875
G0 F7200 X82.801 Y86.096
G0 X75.965 Y92.585
G0 X75.667 Y92.565
;TYPE:WALL-INNER
G1 F3600 X75.538 Y94.455 E0.04726
G1 X76.756 Y94.444 E0.03038
G1 X83.178 Y94.218 E0.1603
G1 X85.099 Y94.098 E0.04801
G1 X85.004 Y92.326 E0.04427
G1 X85.004 Y90.03 E0.05727
G1 X85.016 Y89.831 E0.00497
G1 X85.013 Y87.66 E0.05416
G1 X85.152 Y85.933 E0.04322
G1 X83.231 Y85.815 E0.04801
G1 X79.831 Y85.677 E0.08488
G1 X77.302 Y85.588 E0.06313
G1 X75.568 Y85.569 E0.04326
G1 X75.699 Y87.445 E0.04691
G1 X75.716 Y89.464 E0.05037
G1 X75.761 Y90.007 E0.01359
G1 X75.712 Y90.563 E0.01392
G1 X75.667 Y92.565 E0.04995
G0 F7200 X75.268 Y92.538
;TYPE:WALL-OUTER
G1 F1800 X75.11 Y94.858 E0.05801
G1 X76.77 Y94.844 E0.04141
G1 X83.26 Y94.614 E0.162
G1 X85.521 Y94.473 E0.05651
G1 X85.404 Y92.326 E0.05364
G1 X85.404 Y90.052 E0.05673
G1 X85.416 Y89.842 E0.00525
G1 X85.412 Y87.692 E0.05363
G1 X85.582 Y85.559 E0.05338
G1 X83.247 Y85.415 E0.05836
G1 X79.845 Y85.277 E0.08493
G1 X77.307 Y85.188 E0.06335
G1 X75.138 Y85.163 E0.05411
G1 X75.3 Y87.486 E0.05809
G1 X75.316 Y89.482 E0.04979
G1 X75.361 Y90.007 E0.01314
G1 X75.312 Y90.54 E0.01335
G1 X75.268 Y92.538 E0.04985
G0 F7200 X75.255 Y92.737
G0 X76.251 Y92.803
G1 F4200 E-3.5
G0 F7200 X85.298 Y94.275
G0 X86.374 Y94.216
G0 X93.633 Y94.011
G0 X94.697 Y93.977
G0 X97.322 Y93.863
G0 X97.313 Y94
;TYPE:FILL
G1 F4200 E3.5
G1 F3600 X104.135 Y87.178 E0.24066
G1 X104.205 Y87.108
G0 F7200 X104.003 Y87.097
G0 X104.06 Y92.9
G0 X104.204 Y92.89
G1 F3600 X97.204 Y85.89 E0.24694
G1 X97.134 Y85.82
G0 F7200 X97.149 Y86.036
G0 X96.741 Y93.824
G0 X96.721 Y94.121
;TYPE:WALL-INNER
G1 F3600 X99.914 Y94.336 E0.07983
G1 X104.471 Y94.42 E0.11369
G1 X104.333 Y92.52 E0.04752
G1 X104.356 Y91.765 E0.01884
G1 X104.356 Y89.947 E0.04535
G1 X104.324 Y89.273 E0.01683
G1 X104.285 Y87.375 E0.04736
G1 X104.388 Y85.485 E0.04722
G1 X100.116 Y85.524 E0.10657
G1 X96.838 Y85.755 E0.08197
G1 X94.821 Y85.881 E0.05041
G1 X94.864 Y87.65 E0.04414
G1 X94.849 Y88.07 E0.01048
G1 X94.904 Y89.954 E0.04702
G1 X94.825 Y91.792 E0.04589
G1 X94.898 Y94.083 E0.05718
G1 X96.721 Y94.121 E0.04548
G0 F7200 X96.694 Y94.52
;TYPE:WALL-OUTER
G1 F1800 X99.897 Y94.736 E0.08008
G1 X104.902 Y94.828 E0.12487
G1 X104.732 Y92.491 E0.05845
G1 X104.756 Y91.772 E0.01795
G1 X104.756 Y89.937 E0.04577
G1 X104.724 Y89.265 E0.01678
G1 X104.684 Y87.397 E0.04661
G1 X104.792 Y85.408 E0.04969
G1 X104.782 Y85.082 E0.00814
G1 X100.1 Y85.124 E0.1168
G1 X96.813 Y85.356 E0.0822
G1 X94.409 Y85.506 E0.06008
G1 X94.464 Y87.636 E0.05315
G1 X94.449 Y88.069 E0.01081
G1 X94.504 Y89.937 E0.04662
G1 X94.425 Y91.79 E0.04627
G1 X94.51 Y94.475 E0.06701
G1 X96.694 Y94.52 E0.05449
G0 F7200 X96.893 Y94.533
G0 X96.961 Y93.537
G1 F4200 E-3.5
;MESH:NONMESH
G0 F600 X96.961 Y93.537 Z8.6
G0 F7200 X94.647 Y91.791
G0 X93.563 Y91.745
G0 X86.281 Y89.917
G0 X85.199 Y89.856
G0 X75.977 Y87.121
G0 X75.817 Y87.131
;TIME_ELAPSED:508.043963
;LAYER:56
;TYPE:FILL
;MESH:pi 3mm_deformed_tet.stl
G1 F4200 E3.5
G1 F3600 X82.758 Y94.072 E0.24486
G1 X82.828 Y94.142
G0 F7200 X82.822 Y93.929
G0 X75.926 Y92.91
G0 X75.785 Y92.901
G1 F3600 X82.727 Y85.959 E0.2449
G1 X82.797 Y85.889
G0 F7200 X82.788 Y86.099
G0 X84.709 Y92.32
G0 X85.008 Y92.32
;TYPE:WALL-INNER
G1 F3600 X85.008 Y90.027 E0.0572
G1 X85.024 Y89.706 E0.00802
G1 X85.021 Y87.672 E0.05074
G1 X85.159 Y85.938 E0.04339
G1 X83.23 Y85.819 E0.04821
G1 X80.029 Y85.688 E0.07992
G1 X77.146 Y85.588 E0.07196
G1 X75.548 Y85.569 E0.03987
G1 X75.679 Y87.445 E0.04691
G1 X75.7 Y89.313 E0.0466
G1 X75.753 Y90.008 E0.01739
G1 X75.692 Y90.714 E0.01768
G1 X75.647 Y92.565 E0.04619
G1 X75.519 Y94.455 E0.04725
G1 X76.744 Y94.444 E0.03056
G1 X83.175 Y94.218 E0.16052
G1 X85.103 Y94.095 E0.04819
G1 X85.008 Y92.32 E0.04434
G0 F7200 X85.408 Y92.32
;TYPE:WALL-OUTER
G1 F1800 X85.408 Y90.046 E0.05673
G1 X85.424 Y89.715 E0.00827
G1 X85.42 Y87.704 E0.05016
G1 X85.563 Y85.896 E0.04524
G1 X85.548 Y85.561 E0.00836
G1 X83.247 Y85.419 E0.05751
G1 X80.043 Y85.288 E0.07999
G1 X77.151 Y85.188 E0.07218
G1 X75.156 Y85.163 E0.04977
G1 X75.141 Y85.485 E0.00804
G1 X75.28 Y87.485 E0.05001
G1 X75.3 Y89.331 E0.04605
G1 X75.353 Y90.008 E0.01694
G1 X75.292 Y90.692 E0.01713
G1 X75.248 Y92.538 E0.04606
G1 X75.112 Y94.55 E0.0503
G1 X75.127 Y94.858 E0.00769
G1 X76.758 Y94.844 E0.04069
G1 X83.253 Y94.614 E0.16212
G1 X85.495 Y94.471 E0.05604
G1 X85.507 Y94.135 E0.00839
G1 X85.408 Y92.32 E0.04534
G0 F7200 X85.408 Y92.12
G0 X84.409 Y92.12
G1 F4200 E-3.5
G1 F600 Z9.1
G0 F7200 X84.409 Y92.12 Z9.1
G0 X97.316 Y93.997
;TYPE:FILL
G1 F600 Z8.6
G1 F4200 E3.5
G1 F3600 X104.148 Y87.166 E0.241
G1 X104.218 Y87.096
G0 F7200 X104.015 Y87.085
G0 X104.07 Y92.908
G0 X104.212 Y92.898
G1 F3600 X97.208 Y85.894 E0.24709
G1 X97.138 Y85.824
G0 F7200 X97.153 Y86.039
G0 X96.617 Y93.811
G0 X96.597 Y94.109
;TYPE:WALL-INNER
G1 F3600 X100.054 Y94.344 E0.08643
G1 X104.475 Y94.42 E0.1103
G1 X104.34 Y92.457 E0.04908
G1 X104.372 Y91.612 E0.02109
G1 X104.372 Y89.951 E0.04143
G1 X104.332 Y89.129 E0.02053
G1 X104.297 Y87.375 E0.04376
G1 X104.4 Y85.489 E0.04712
G1 X100.121 Y85.524 E0.10674
G1 X96.639 Y85.775 E0.08708
G1 X94.819 Y85.891 E0.04549
G1 X94.868 Y87.666 E0.04429
G1 X94.845 Y88.204 E0.01343
G1 X94.896 Y89.953 E0.04365
G1 X94.825 Y91.664 E0.04272
G1 X94.899 Y94.069 E0.06002
G1 X96.597 Y94.109 E0.04237
G0 F7200 X96.57 Y94.508
;TYPE:WALL-OUTER
G1 F1800 X100.037 Y94.744 E0.08668
G1 X104.891 Y94.828 E0.1211
G1 X104.872 Y94.312 E0.01288
G1 X104.74 Y92.495 E0.04544
G1 X104.772 Y91.62 E0.02184
G1 X104.772 Y89.941 E0.04188
G1 X104.732 Y89.121 E0.02048
G1 X104.696 Y87.397 E0.04301
G1 X104.796 Y85.577 E0.04547
G1 X104.781 Y85.086 E0.01225
G1 X100.105 Y85.124 E0.11665
G1 X96.613 Y85.376 E0.08733
G1 X94.43 Y85.516 E0.05457
G1 X94.424 Y86.08 E0.01407
G1 X94.468 Y87.649 E0.03915
G1 X94.445 Y88.202 E0.01381
G1 X94.496 Y89.937 E0.0433
G1 X94.425 Y91.662 E0.04307
G1 X94.511 Y94.46 E0.06983
G1 X96.57 Y94.508 E0.05138
G0 F7200 X96.769 Y94.521
G0 X96.837 Y93.525
G1 F4200 E-3.5
;MESH:NONMESH
G0 F600 X96.837 Y93.525 Z8.75
G0 F7200 X94.645 Y91.664
G0 X93.561 Y91.618
G0 X86.289 Y89.784
G0 X85.207 Y89.726
G0 X75.958 Y87.105
G0 X75.801 Y87.115
;TIME_ELAPSED:515.335218
;LAYER:57
;TYPE:FILL
;MESH:pi 3mm_deformed_tet.stl
G1 F4200 E3.5
G1 F3600 X82.755 Y94.069 E0.24532
G1 X82.825 Y94.139
G0 F7200 X82.819 Y93.929
G0 X75.907 Y92.926
G0 X75.769 Y92.917
G1 F3600 X82.727 Y85.959 E0.24546
G1 X82.797 Y85.889
G0 F7200 X82.788 Y86.102
G0 X76.048 Y90.036
G0 X75.747 Y90.007
;TYPE:WALL-INNER
G1 F3600 X75.668 Y90.862 E0.02142
G1 X75.631 Y92.568 E0.04257
G1 X75.506 Y94.452 E0.0471
G1 X76.734 Y94.444 E0.03063
G1 X83.176 Y94.214 E0.1608
G1 X85.106 Y94.091 E0.04824
G1 X85.012 Y92.341 E0.04372
G1 X85.008 Y90.02 E0.0579
G1 X85.032 Y89.577 E0.01107
G1 X85.029 Y87.683 E0.04725
G1 X85.17 Y85.942 E0.04357
G1 X83.227 Y85.819 E0.04857
G1 X80.078 Y85.692 E0.07862
G1 X76.986 Y85.584 E0.07718
G1 X75.533 Y85.571 E0.03625
G1 X75.663 Y87.442 E0.04678
G1 X75.68 Y89.161 E0.04288
G1 X75.747 Y90.007 E0.02117
G0 F7200 X75.344 Y90.023
;TYPE:WALL-OUTER
G1 F1800 X75.268 Y90.84 E0.02047
G1 X75.232 Y92.542 E0.04247
G1 X75.109 Y94.395 E0.04632
G1 X75.128 Y94.854 E0.01146
G1 X76.748 Y94.844 E0.04041
G1 X83.255 Y94.61 E0.16242
G1 X85.486 Y94.467 E0.05577
G1 X85.503 Y94.01 E0.01141
G1 X85.412 Y92.308 E0.04252
G1 X85.408 Y90.041 E0.05655
G1 X85.432 Y89.587 E0.01134
G1 X85.428 Y87.715 E0.0467
G1 X85.563 Y86.036 E0.04202
G1 X85.54 Y85.565 E0.01176
G1 X83.243 Y85.419 E0.05741
G1 X80.092 Y85.292 E0.07867
G1 X76.99 Y85.184 E0.07743
G1 X75.157 Y85.167 E0.04573
G1 X75.137 Y85.645 E0.01193
G1 X75.264 Y87.482 E0.04593
G1 X75.28 Y89.179 E0.04233
G1 X75.344 Y90.023 E0.02111
G0 F7200 X75.326 Y90.222
G0 X76.323 Y90.316
G1 F4200 E-3.5
G0 F7200 X85.193 Y92.318
G0 X86.276 Y92.29
G0 X93.574 Y92.067
G0 X94.657 Y92.034
G0 X97.32 Y93.865
G0 X97.311 Y94.003
;TYPE:FILL
G1 F4200 E3.5
G1 F3600 X104.158 Y87.155 E0.24156
G1 X104.228 Y87.085
G0 F7200 X104.027 Y87.074
G0 X104.079 Y92.917
G0 X104.22 Y92.907
G1 F3600 X97.209 Y85.895 E0.24735
G1 X97.139 Y85.825
G0 F7200 X97.153 Y86.037
G0 X96.42 Y93.795
G0 X96.391 Y94.09
;TYPE:WALL-INNER
G1 F3600 X96.749 Y94.125 E0.00897
G1 X100.053 Y94.34 E0.08259
G1 X104.49 Y94.42 E0.1107
G1 X104.348 Y92.46 E0.04902
G1 X104.388 Y91.457 E0.02504
G1 X104.384 Y89.95 E0.03759
G1 X104.344 Y88.978 E0.02427
G1 X104.308 Y87.372 E0.04007
G1 X104.408 Y85.49 E0.04701
G1 X100.116 Y85.528 E0.10707
G1 X96.993 Y85.748 E0.0781
G1 X96.403 Y85.799 E0.01477
G1 X94.82 Y85.9 E0.03957
G1 X94.868 Y87.677 E0.04434
G1 X94.841 Y88.332 E0.01635
G1 X94.888 Y89.954 E0.04048
G1 X94.821 Y91.536 E0.0395
G1 X94.899 Y94.056 E0.06289
G1 X96.391 Y94.09 E0.03723
G0 F7200 X96.352 Y94.488
;TYPE:WALL-OUTER
G1 F1800 X96.717 Y94.524 E0.00915
G1 X100.037 Y94.74 E0.08299
G1 X104.896 Y94.828 E0.12123
G1 X104.873 Y94.176 E0.01627
G1 X104.748 Y92.499 E0.04195
G1 X104.788 Y91.464 E0.02584
G1 X104.784 Y89.941 E0.03799
G1 X104.744 Y88.969 E0.02427
G1 X104.708 Y87.393 E0.03932
G1 X104.796 Y85.729 E0.04157
G1 X104.78 Y85.086 E0.01604
G1 X100.1 Y85.128 E0.11675
G1 X96.959 Y85.35 E0.07855
G1 X96.377 Y85.4 E0.01457
G1 X94.438 Y85.524 E0.04847
G1 X94.428 Y86.22 E0.01736
G1 X94.468 Y87.661 E0.03596
G1 X94.441 Y88.33 E0.0167
G1 X94.488 Y89.937 E0.0401
G1 X94.421 Y91.534 E0.03987
G1 X94.511 Y94.448 E0.07272
G1 X96.352 Y94.488 E0.04593
G0 F7200 X96.55 Y94.507
G0 X96.646 Y93.516
G1 F4200 E-3.5
;MESH:NONMESH
G0 F600 X96.646 Y93.516 Z8.9
G0 F7200 X94.642 Y91.536
G0 X93.558 Y91.49
G0 X86.273 Y90.061
G0 X85.19 Y90.039
G0 X75.938 Y87.084
G0 X75.78 Y87.094
;TIME_ELAPSED:522.822454
;LAYER:58
;TYPE:FILL
;MESH:pi 3mm_deformed_tet.stl
G1 F4200 E3.5
G1 F3600 X82.751 Y94.065 E0.24592
G1 X82.821 Y94.135
G0 F7200 X82.815 Y93.926
G0 X75.887 Y92.948
G0 X75.747 Y92.939
G1 F3600 X82.727 Y85.959 E0.24624
G1 X82.797 Y85.889
G0 F7200 X82.788 Y86.1
G0 X76.041 Y89.969
G0 X75.741 Y89.993
;TYPE:WALL-INNER
G1 F3600 X75.648 Y91.012 E0.02552
G1 X75.611 Y92.568 E0.03883
G1 X75.488 Y94.449 E0.04702
G1 X76.728 Y94.444 E0.03093
G1 X83.225 Y94.206 E0.16218
G1 X85.11 Y94.083 E0.04712
G1 X85.012 Y92.292 E0.04474
G1 X85.008 Y90.011 E0.0569
G1 X85.04 Y89.444 E0.01417
G1 X85.037 Y87.692 E0.0437
G1 X85.159 Y86.169 E0.03811
G1 X85.149 Y85.947 E0.00554
G1 X83.219 Y85.819 E0.04825
G1 X80.055 Y85.689 E0.07899
G1 X79.808 Y85.687 E0.00616
G1 X76.828 Y85.584 E0.07438
G1 X75.54 Y85.571 E0.03213
G1 X75.53 Y85.799 E0.00569
G1 X75.643 Y87.442 E0.04108
G1 X75.66 Y89.008 E0.03907
G1 X75.741 Y89.993 E0.02465
G0 F7200 X75.341 Y90
;TYPE:WALL-OUTER
G1 F1800 X75.248 Y90.988 E0.02475
G1 X75.212 Y92.542 E0.03878
G1 X75.101 Y94.266 E0.04309
G1 X75.128 Y94.851 E0.01461
G1 X76.742 Y94.844 E0.04026
G1 X83.251 Y94.606 E0.16248
G1 X85.478 Y94.46 E0.05567
G1 X85.499 Y93.87 E0.01473
G1 X85.412 Y92.292 E0.03942
G1 X85.408 Y90.033 E0.05635
G1 X85.44 Y89.454 E0.01447
G1 X85.436 Y87.724 E0.04316
G1 X85.559 Y86.176 E0.03874
G1 X85.532 Y85.572 E0.01508
G1 X83.265 Y85.42 E0.05668
G1 X80.063 Y85.289 E0.07994
G1 X76.832 Y85.184 E0.08064
G1 X75.156 Y85.167 E0.04181
G1 X75.129 Y85.805 E0.01593
G1 X75.244 Y87.481 E0.04191
G1 X75.26 Y89.026 E0.03854
G1 X75.341 Y90 E0.02438
G0 F7200 X75.323 Y90.199
G0 X76.319 Y90.293
G1 F4200 E-3.5
G0 F7200 X85.196 Y92.305
G0 X86.279 Y92.277
G0 X93.575 Y92.061
G0 X94.639 Y92.029
G0 X97.327 Y93.859
G0 X97.318 Y93.995
;TYPE:FILL
G1 F4200 E3.5
G1 F3600 X104.172 Y87.141 E0.24179
G1 X104.242 Y87.071
G0 F7200 X104.039 Y87.06
G0 X104.089 Y92.924
G0 X104.228 Y92.915
G1 F3600 X97.207 Y85.893 E0.2477
G1 X97.137 Y85.823
G0 F7200 X97.145 Y86.039
G0 X96.192 Y93.776
G0 X96.163 Y94.07
;TYPE:WALL-INNER
G1 F3600 X96.758 Y94.129 E0.01492
G1 X97.169 Y94.145 E0.01026
G1 X100.058 Y94.34 E0.07223
G1 X104.498 Y94.417 E0.11077
G1 X104.357 Y92.529 E0.04723
G1 X104.404 Y91.304 E0.03058
G1 X104.4 Y89.954 E0.03368
G1 X104.352 Y88.83 E0.02806
G1 X104.32 Y87.372 E0.03638
G1 X104.4 Y85.866 E0.03762
G1 X104.39 Y85.493 E0.00931
G1 X100.112 Y85.528 E0.10672
G1 X97.164 Y85.736 E0.07372
G1 X96.788 Y85.751 E0.00939
G1 X96.176 Y85.823 E0.01537
G1 X94.82 Y85.912 E0.0339
G1 X94.868 Y87.643 E0.0432
G1 X94.837 Y88.464 E0.02049
G1 X94.88 Y89.955 E0.03721
G1 X94.817 Y91.409 E0.0363
G1 X94.895 Y94.043 E0.06573
G1 X96.163 Y94.07 E0.03164
G0 F7200 X96.124 Y94.468
;TYPE:WALL-OUTER
G1 F1800 X96.73 Y94.528 E0.01519
G1 X97.142 Y94.544 E0.01029
G1 X100.041 Y94.74 E0.07248
G1 X104.9 Y94.824 E0.12123
G1 X104.869 Y94.018 E0.02012
G1 X104.756 Y92.499 E0.038
G1 X104.804 Y91.312 E0.02963
G1 X104.8 Y89.945 E0.0341
G1 X104.752 Y88.821 E0.02806
G1 X104.72 Y87.393 E0.03563
G1 X104.8 Y85.885 E0.03767
G1 X104.78 Y85.09 E0.01984
G1 X100.096 Y85.128 E0.11685
G1 X97.148 Y85.336 E0.07372
G1 X96.756 Y85.352 E0.00979
G1 X96.15 Y85.424 E0.01522
G1 X94.445 Y85.536 E0.04262
G1 X94.432 Y86.36 E0.02056
G1 X94.468 Y87.668 E0.03264
G1 X94.437 Y88.462 E0.01982
G1 X94.48 Y89.937 E0.03681
G1 X94.417 Y91.406 E0.03668
G1 X94.507 Y94.435 E0.07559
G1 X96.124 Y94.468 E0.04034
G0 F7200 X96.323 Y94.487
G0 X96.419 Y93.496
G1 F4200 E-3.5
;MESH:NONMESH
G0 F600 X96.419 Y93.496 Z9.05
G0 F7200 X94.64 Y91.408
G0 X93.556 Y91.362
G0 X86.275 Y90.054
G0 X85.192 Y90.031
G0 X75.919 Y87.064
G0 X75.76 Y87.074
;TIME_ELAPSED:530.297996
;LAYER:59
;TYPE:FILL
;MESH:pi 3mm_deformed_tet.stl
G1 F4200 E3.5
G1 F3600 X82.753 Y94.066 E0.24668
G1 X82.823 Y94.136
G0 F7200 X82.817 Y93.927
G0 X75.869 Y92.965
G0 X75.73 Y92.956
G1 F3600 X82.727 Y85.959 E0.24684
G1 X82.797 Y85.889
G0 F7200 X82.788 Y86.099
G0 X76.034 Y90.034
G0 X75.733 Y90.005
;TYPE:WALL-INNER
G1 F3600 X75.628 Y91.163 E0.029
G1 X75.595 Y92.573 E0.03518
G1 X75.493 Y94.079 E0.03765
G1 X75.51 Y94.449 E0.00924
G1 X76.728 Y94.444 E0.03038
G1 X83.178 Y94.213 E0.161
G1 X83.412 Y94.189 E0.00587
G1 X85.083 Y94.08 E0.04177
G1 X85.095 Y93.735 E0.00861
G1 X85.016 Y92.307 E0.03568
G1 X85.012 Y90.005 E0.05742
G1 X85.048 Y89.317 E0.01719
G1 X85.045 Y87.705 E0.04021
G1 X85.155 Y86.309 E0.03493
G1 X85.139 Y85.949 E0.00899
G1 X83.225 Y85.819 E0.04785
G1 X80.055 Y85.685 E0.07915
G1 X79.708 Y85.684 E0.00866
G1 X76.671 Y85.584 E0.0758
G1 X75.538 Y85.571 E0.02826
G1 X75.521 Y85.956 E0.00961
G1 X75.629 Y87.474 E0.03796
G1 X75.64 Y88.86 E0.03457
G1 X75.733 Y90.005 E0.02866
G0 F7200 X75.333 Y90.005
;TYPE:WALL-OUTER
G1 F1800 X75.228 Y91.14 E0.02843
G1 X75.196 Y92.546 E0.03508
G1 X75.093 Y94.075 E0.03823
G1 X75.128 Y94.851 E0.01938
G1 X76.742 Y94.844 E0.04026
G1 X83.206 Y94.612 E0.16135
G1 X83.438 Y94.588 E0.00582
G1 X85.47 Y94.456 E0.0508
G1 X85.495 Y93.731 E0.0181
G1 X85.416 Y92.281 E0.03622
G1 X85.412 Y90.025 E0.05628
G1 X85.448 Y89.327 E0.01743
G1 X85.444 Y87.736 E0.03969
G1 X85.555 Y86.316 E0.03553
G1 X85.523 Y85.573 E0.01855
G1 X83.251 Y85.42 E0.0568
G1 X80.063 Y85.285 E0.0796
G1 X79.721 Y85.284 E0.00853
G1 X76.676 Y85.184 E0.076
G1 X75.156 Y85.167 E0.03792
G1 X75.121 Y85.961 E0.01983
G1 X75.229 Y87.478 E0.03794
G1 X75.24 Y88.878 E0.03492
G1 X75.333 Y90.005 E0.02821
G0 F7200 X75.315 Y90.204
G0 X76.311 Y90.298
G1 F4200 E-3.5
G1 F600 Z9.55
G0 F7200 X76.311 Y90.298 Z9.55
G0 X97.316 Y93.997
;TYPE:FILL
G1 F600 Z9.05
G1 F4200 E3.5
G1 F3600 X104.184 Y87.129 E0.24229
G1 X104.254 Y87.059
G0 F7200 X104.051 Y87.048
G0 X104.098 Y92.937
G0 X104.24 Y92.927
G1 F3600 X97.204 Y85.89 E0.24823
G1 X97.134 Y85.82
G0 F7200 X97.142 Y86.036
G0 X95.966 Y93.758
G0 X95.937 Y94.054
;TYPE:WALL-INNER
G1 F3600 X96.769 Y94.132 E0.02085
G1 X97.345 Y94.157 E0.01438
G1 X100.058 Y94.34 E0.06783
G1 X104.487 Y94.417 E0.1105
G1 X104.465 Y93.878 E0.01346
G1 X104.368 Y92.466 E0.03531
G1 X104.416 Y91.153 E0.03277
G1 X104.416 Y89.954 E0.02991
G1 X104.36 Y88.682 E0.03176
G1 X104.332 Y87.368 E0.03279
G1 X104.403 Y86.036 E0.03327
G1 X104.388 Y85.494 E0.01353
G1 X100.108 Y85.532 E0.10677
G1 X97.342 Y85.724 E0.06916
G1 X96.796 Y85.747 E0.01363
G1 X95.944 Y85.847 E0.0214
G1 X94.844 Y85.919 E0.0275
G1 X94.836 Y86.491 E0.01427
G1 X94.868 Y87.655 E0.02905
G1 X94.833 Y88.591 E0.02336
G1 X94.872 Y89.953 E0.03399
G1 X94.817 Y91.28 E0.03313
G1 X94.896 Y94.029 E0.0686
G1 X95.937 Y94.054 E0.02598
G0 F7200 X95.899 Y94.452
;TYPE:WALL-OUTER
G1 F1800 X96.742 Y94.532 E0.02112
G1 X97.318 Y94.556 E0.01438
G1 X100.041 Y94.74 E0.06808
G1 X104.903 Y94.824 E0.1213
G1 X104.865 Y93.862 E0.02402
G1 X104.768 Y92.503 E0.03399
G1 X104.816 Y91.16 E0.03352
G1 X104.816 Y89.945 E0.03031
G1 X104.76 Y88.673 E0.03176
G1 X104.732 Y87.389 E0.03204
G1 X104.803 Y86.041 E0.03367
G1 X104.777 Y85.09 E0.02373
G1 X100.092 Y85.132 E0.11687
G1 X97.325 Y85.324 E0.06919
G1 X96.764 Y85.348 E0.01401
G1 X95.918 Y85.448 E0.02125
G1 X94.45 Y85.544 E0.0367
G1 X94.436 Y86.502 E0.0239
G1 X94.468 Y87.68 E0.0294
G1 X94.433 Y88.589 E0.02269
G1 X94.472 Y89.937 E0.03364
G1 X94.417 Y91.278 E0.03348
G1 X94.507 Y94.42 E0.07841
G1 X95.899 Y94.452 E0.03473
G0 F7200 X96.098 Y94.47
G0 X96.194 Y93.478
G1 F4200 E-3.5
;MESH:NONMESH
G0 F600 X96.194 Y93.478 Z9.2
G0 F7200 X94.637 Y91.281
G0 X93.554 Y91.236
G0 X86.277 Y90.046
G0 X85.194 Y90.024
G0 X75.899 Y87.045
G0 X75.741 Y87.055
;TIME_ELAPSED:537.677301
;LAYER:60
;TYPE:FILL
;MESH:pi 3mm_deformed_tet.stl
G1 F4200 E3.5
G1 F3600 X82.753 Y94.066 E0.24735
G1 X82.823 Y94.136
G0 F7200 X82.817 Y93.93
G0 X75.85 Y92.982
G0 X75.713 Y92.973
G1 F3600 X82.731 Y85.955 E0.24758
G1 X82.801 Y85.885
G0 F7200 X82.792 Y86.097
G0 X76.027 Y90.034
G0 X75.725 Y90.005
;TYPE:WALL-INNER
G1 F3600 X75.608 Y91.31 E0.03268
G1 X75.579 Y92.572 E0.03149
G1 X75.49 Y93.947 E0.03437
G1 X75.512 Y94.447 E0.01248
G1 X77.001 Y94.435 E0.03714
G1 X83.169 Y94.212 E0.15396
G1 X83.645 Y94.169 E0.01192
G1 X85.074 Y94.076 E0.03572
G1 X85.091 Y93.594 E0.01203
G1 X85.02 Y92.271 E0.03305
G1 X85.012 Y89.996 E0.05675
G1 X85.056 Y89.184 E0.02029
G1 X85.053 Y87.716 E0.03662
G1 X85.154 Y86.445 E0.03181
G1 X85.132 Y85.953 E0.01229
G1 X83.789 Y85.868 E0.03357
G1 X83.212 Y85.815 E0.01445
G1 X80.055 Y85.685 E0.07882
G1 X79.56 Y85.684 E0.01235
G1 X76.509 Y85.584 E0.07615
G1 X75.536 Y85.572 E0.02427
G1 X75.514 Y86.114 E0.01353
G1 X75.607 Y87.433 E0.03298
G1 X75.62 Y88.708 E0.03181
G1 X75.725 Y90.005 E0.03246
G0 F7200 X75.325 Y90.005
;TYPE:WALL-OUTER
G1 F1800 X75.208 Y91.288 E0.03214
G1 X75.18 Y92.546 E0.03139
G1 X75.089 Y93.915 E0.03423
G1 X75.128 Y94.85 E0.02334
G1 X77.015 Y94.835 E0.04707
G1 X83.195 Y94.612 E0.15426
G1 X83.671 Y94.568 E0.01192
G1 X85.462 Y94.452 E0.04477
G1 X85.491 Y93.59 E0.02151
G1 X85.42 Y92.269 E0.033
G1 X85.412 Y90.017 E0.05618
G1 X85.456 Y89.194 E0.02056
G1 X85.452 Y87.748 E0.03607
G1 X85.555 Y86.452 E0.03243
G1 X85.516 Y85.577 E0.02185
G1 X83.81 Y85.468 E0.04264
G1 X83.238 Y85.416 E0.01433
G1 X80.063 Y85.285 E0.07927
G1 X79.573 Y85.284 E0.01222
G1 X76.514 Y85.184 E0.07635
G1 X75.152 Y85.167 E0.03398
G1 X75.113 Y86.12 E0.02379
G1 X75.208 Y87.474 E0.03386
G1 X75.22 Y88.726 E0.03123
G1 X75.325 Y90.005 E0.03201
G0 F7200 X75.307 Y90.204
G0 X76.304 Y90.298
G1 F4200 E-3.5
G0 F7200 X85.202 Y92.278
G0 X86.285 Y92.249
G0 X93.576 Y92.038
G0 X94.639 Y92.007
G0 X97.317 Y93.864
G0 X97.312 Y94.001
;TYPE:FILL
G1 F4200 E3.5
G1 F3600 X104.194 Y87.12 E0.24276
G1 X104.264 Y87.05
G0 F7200 X104.063 Y87.039
G0 X104.108 Y92.946
G0 X104.25 Y92.936
G1 F3600 X97.204 Y85.89 E0.24857
G1 X97.134 Y85.82
G0 F7200 X97.142 Y86.032
G0 X104.08 Y92.454
G0 X104.376 Y92.465
;TYPE:WALL-INNER
G1 F3600 X104.432 Y90.996 E0.03667
G1 X104.432 Y89.954 E0.02599
G1 X104.368 Y88.535 E0.03543
G1 X104.34 Y87.416 E0.02792
G1 X104.407 Y86.191 E0.0306
G1 X104.388 Y85.494 E0.01739
G1 X100.105 Y85.532 E0.10684
G1 X97.519 Y85.716 E0.06467
G1 X96.808 Y85.747 E0.01775
G1 X95.657 Y85.879 E0.0289
G1 X94.852 Y85.929 E0.02012
G1 X94.841 Y86.631 E0.01751
G1 X94.868 Y87.668 E0.02588
G1 X94.829 Y88.723 E0.02634
G1 X94.864 Y89.958 E0.03082
G1 X94.813 Y91.153 E0.02984
G1 X94.896 Y94.015 E0.07142
G1 X95.712 Y94.035 E0.02036
G1 X96.781 Y94.141 E0.0268
G1 X97.525 Y94.169 E0.01857
G1 X100.058 Y94.34 E0.06333
G1 X104.492 Y94.417 E0.11062
G1 X104.465 Y93.725 E0.01728
G1 X104.376 Y92.465 E0.03151
G0 F7200 X104.08 Y92.454
G0 X95.74 Y93.739
G0 X95.672 Y94.433
;TYPE:WALL-OUTER
G1 F1800 X96.754 Y94.54 E0.02712
G1 X97.498 Y94.568 E0.01857
G1 X100.041 Y94.74 E0.06358
G1 X104.908 Y94.824 E0.12143
G1 X104.865 Y93.71 E0.02781
G1 X104.776 Y92.503 E0.03019
G1 X104.832 Y91.004 E0.03742
G1 X104.832 Y89.945 E0.02642
G1 X104.768 Y88.525 E0.03546
G1 X104.74 Y87.388 E0.02837
G1 X104.807 Y86.197 E0.02976
G1 X104.777 Y85.09 E0.02762
G1 X100.089 Y85.132 E0.11695
G1 X97.501 Y85.316 E0.06472
G1 X96.776 Y85.348 E0.0181
G1 X95.633 Y85.48 E0.0287
G1 X94.458 Y85.553 E0.02937
G1 X94.441 Y86.641 E0.02714
G1 X94.468 Y87.692 E0.02623
G1 X94.429 Y88.721 E0.02569
G1 X94.464 Y89.941 E0.03045
G1 X94.413 Y91.15 E0.03019
G1 X94.507 Y94.407 E0.08128
G1 X95.672 Y94.433 E0.02907
G0 F7200 X95.871 Y94.452
G0 X95.968 Y93.459
G1 F4200 E-3.5
;MESH:NONMESH
G0 F600 X95.968 Y93.459 Z9.35
G0 F7200 X94.634 Y91.152
G0 X93.551 Y91.106
G0 X86.278 Y90.039
G0 X85.195 Y90.016
G0 X75.88 Y87.025
G0 X75.721 Y87.035
;TIME_ELAPSED:545.381609
;LAYER:61
;TYPE:FILL
;MESH:pi 3mm_deformed_tet.stl
G1 F4200 E3.5
G1 F3600 X82.757 Y94.071 E0.24821
G1 X82.827 Y94.141
G0 F7200 X82.821 Y93.931
G0 X75.831 Y93.003
G0 X75.692 Y92.994
G1 F3600 X82.734 Y85.952 E0.24843
G1 X82.804 Y85.882
G0 F7200 X82.795 Y86.095
G0 X76.019 Y90.033
G0 X75.717 Y90.005
;TYPE:WALL-INNER
G1 F3600 X75.584 Y91.459 E0.03642
G1 X75.559 Y92.572 E0.02777
G1 X75.481 Y93.763 E0.02977
G1 X75.511 Y94.446 E0.01705
G1 X77.184 Y94.432 E0.04173
G1 X83.16 Y94.216 E0.14917
G1 X83.877 Y94.149 E0.01796
G1 X85.064 Y94.071 E0.02967
G1 X85.087 Y93.453 E0.01543
G1 X85.024 Y92.284 E0.0292
G1 X85.016 Y89.989 E0.05725
G1 X85.064 Y89.057 E0.02328
G1 X85.061 Y87.729 E0.03313
G1 X85.151 Y86.585 E0.02863
G1 X85.123 Y85.957 E0.01568
G1 X84.008 Y85.886 E0.02787
G1 X83.199 Y85.811 E0.02027
G1 X80.057 Y85.681 E0.07844
G1 X79.411 Y85.684 E0.01611
G1 X76.349 Y85.58 E0.07643
G1 X75.538 Y85.571 E0.02023
G1 X75.51 Y86.275 E0.01758
G1 X75.587 Y87.435 E0.029
G1 X75.6 Y88.556 E0.02797
G1 X75.717 Y90.005 E0.03626
G0 F7200 X75.317 Y90.005
;TYPE:WALL-OUTER
G1 F1800 X75.184 Y91.436 E0.03585
G1 X75.16 Y92.546 E0.0277
G1 X75.081 Y93.759 E0.03032
G1 X75.128 Y94.847 E0.02717
G1 X77.198 Y94.832 E0.05164
G1 X83.186 Y94.616 E0.14947
G1 X83.903 Y94.548 E0.01797
G1 X85.45 Y94.447 E0.03867
G1 X85.487 Y93.45 E0.02489
G1 X85.424 Y92.253 E0.0299
G1 X85.416 Y90.009 E0.05598
G1 X85.464 Y89.067 E0.02353
G1 X85.46 Y87.76 E0.0326
G1 X85.551 Y86.592 E0.02922
G1 X85.507 Y85.581 E0.02524
G1 X84.045 Y85.488 E0.03654
G1 X83.226 Y85.412 E0.02052
G1 X80.064 Y85.281 E0.07894
G1 X79.425 Y85.284 E0.01594
G1 X76.354 Y85.18 E0.07665
G1 X75.153 Y85.167 E0.02996
G1 X75.109 Y86.281 E0.02781
G1 X75.188 Y87.473 E0.0298
G1 X75.2 Y88.574 E0.02747
G1 X75.317 Y90.005 E0.03582
G0 F7200 X75.299 Y90.204
G0 X76.296 Y90.298
G1 F4200 E-3.5
G0 F7200 X85.205 Y92.265
G0 X86.288 Y92.235
G0 X93.577 Y92.031
G0 X94.64 Y92.001
G0 X97.312 Y93.868
G0 X97.307 Y94.006
;TYPE:FILL
G1 F4200 E3.5
G1 F3600 X104.206 Y87.108 E0.24336
G1 X104.276 Y87.038
G0 F7200 X104.075 Y87.027
G0 X104.117 Y92.953
G0 X104.257 Y92.944
G1 F3600 X97.2 Y85.887 E0.24895
G1 X97.13 Y85.817
G0 F7200 X97.138 Y86.028
G0 X104.089 Y92.457
G0 X104.384 Y92.468
;TYPE:WALL-INNER
G1 F3600 X104.448 Y90.845 E0.04052
G1 X104.444 Y89.959 E0.0221
G1 X104.376 Y88.387 E0.03925
G1 X104.352 Y87.367 E0.02545
G1 X104.407 Y86.343 E0.02558
G1 X104.386 Y85.498 E0.02109
G1 X100.1 Y85.536 E0.10692
G1 X97.695 Y85.704 E0.06014
G1 X96.821 Y85.743 E0.02182
G1 X95.51 Y85.897 E0.03293
G1 X94.856 Y85.939 E0.01635
G1 X94.844 Y86.769 E0.02071
G1 X94.868 Y87.719 E0.02371
G1 X94.825 Y88.851 E0.02826
G1 X94.856 Y89.957 E0.0276
G1 X94.813 Y91.024 E0.02664
G1 X94.897 Y94.002 E0.07432
G1 X95.486 Y94.018 E0.0147
G1 X96.793 Y94.145 E0.03276
G1 X97.701 Y94.181 E0.02267
G1 X100.058 Y94.34 E0.05893
G1 X104.495 Y94.416 E0.1107
G1 X104.461 Y93.572 E0.02107
G1 X104.384 Y92.468 E0.02761
G0 F7200 X104.784 Y92.507
;TYPE:WALL-OUTER
G1 F1800 X104.848 Y90.852 E0.04131
G1 X104.844 Y89.949 E0.02253
G1 X104.776 Y88.377 E0.03925
G1 X104.752 Y87.389 E0.02465
G1 X104.807 Y86.349 E0.02598
G1 X104.776 Y85.094 E0.03132
G1 X100.084 Y85.136 E0.11705
G1 X97.677 Y85.304 E0.06019
G1 X96.789 Y85.344 E0.02217
G1 X95.453 Y85.5 E0.03355
G1 X94.462 Y85.564 E0.02477
G1 X94.444 Y86.779 E0.03031
G1 X94.468 Y87.704 E0.02308
G1 X94.425 Y88.849 E0.02858
G1 X94.456 Y89.941 E0.02725
G1 X94.413 Y91.022 E0.02699
G1 X94.507 Y94.392 E0.0841
G1 X95.448 Y94.416 E0.02348
G1 X96.766 Y94.544 E0.03303
G1 X97.674 Y94.58 E0.02267
G1 X100.041 Y94.74 E0.05918
G1 X104.911 Y94.824 E0.1215
G1 X104.861 Y93.556 E0.03165
G1 X104.784 Y92.507 E0.02624
G0 F7200 X104.791 Y92.308
G0 X103.795 Y92.269
G1 F4200 E-3.5
;MESH:NONMESH
G0 F600 X103.795 Y92.269 Z9.5
G0 F7200 X94.678 Y89.939
G0 X93.593 Y89.941
G0 X86.327 Y89.131
G0 X85.246 Y89.075
G0 X75.86 Y87.005
G0 X75.701 Y87.015
;TIME_ELAPSED:552.918418
;LAYER:62
;TYPE:FILL
;MESH:pi 3mm_deformed_tet.stl
G1 F4200 E3.5
G1 F3600 X82.76 Y94.073 E0.24901
G1 X82.83 Y94.143
G0 F7200 X82.824 Y93.933
G0 X75.812 Y93.021
G0 X75.674 Y93.012
G1 F3600 X82.734 Y85.952 E0.24906
G1 X82.804 Y85.882
G0 F7200 X82.795 Y86.093
G0 X76.012 Y90.032
G0 X75.711 Y90.004
;TYPE:WALL-INNER
G1 F3600 X75.564 Y91.606 E0.04013
G1 X75.543 Y92.577 E0.02423
G1 X75.473 Y93.604 E0.02568
G1 X75.51 Y94.446 E0.02102
G1 X77.372 Y94.424 E0.04645
G1 X83.148 Y94.22 E0.14417
G1 X84.109 Y94.129 E0.02408
G1 X85.055 Y94.068 E0.02365
G1 X85.083 Y93.311 E0.0189
G1 X85.024 Y92.243 E0.02668
G1 X85.016 Y89.98 E0.05645
G1 X85.072 Y88.925 E0.02635
G1 X85.068 Y87.791 E0.02829
G1 X85.151 Y86.725 E0.02667
G1 X85.116 Y85.961 E0.01908
G1 X84.246 Y85.906 E0.02175
G1 X83.188 Y85.811 E0.0265
G1 X80.056 Y85.677 E0.0782
G1 X79.264 Y85.68 E0.01976
G1 X76.187 Y85.58 E0.0768
G1 X75.536 Y85.574 E0.01624
G1 X75.501 Y86.435 E0.0215
G1 X75.573 Y87.467 E0.02581
G1 X75.58 Y88.405 E0.0234
G1 X75.711 Y90.004 E0.04002
G0 F7200 X75.308 Y90.023
;TYPE:WALL-OUTER
G1 F1800 X75.164 Y91.584 E0.0391
G1 X75.144 Y92.55 E0.0241
G1 X75.073 Y93.599 E0.02623
G1 X75.128 Y94.847 E0.03116
G1 X76.176 Y94.844 E0.02614
G1 X77.386 Y94.824 E0.03019
G1 X83.174 Y94.62 E0.14447
G1 X84.135 Y94.528 E0.02408
G1 X85.442 Y94.444 E0.03267
G1 X85.483 Y93.307 E0.02838
G1 X85.424 Y92.241 E0.02663
G1 X85.416 Y90.001 E0.05588
G1 X85.472 Y88.935 E0.02663
G1 X85.468 Y87.772 E0.02901
G1 X85.551 Y86.732 E0.02603
G1 X85.5 Y85.585 E0.02864
G1 X84.282 Y85.508 E0.03044
G1 X83.214 Y85.412 E0.02675
G1 X80.064 Y85.277 E0.07865
G1 X79.277 Y85.28 E0.01963
G1 X76.191 Y85.18 E0.07702
G1 X75.152 Y85.17 E0.02592
G1 X75.101 Y86.441 E0.03173
G1 X75.173 Y87.47 E0.02573
G1 X75.18 Y88.423 E0.02377
G1 X75.308 Y90.023 E0.04004
G0 F7200 X75.29 Y90.222
G0 X76.288 Y90.315
G1 F4200 E-3.5
G0 F7200 X85.208 Y92.252
G0 X86.291 Y92.222
G0 X93.578 Y92.022
G0 X94.641 Y91.992
G0 X97.309 Y93.872
G0 X97.304 Y94.009
;TYPE:FILL
G1 F4200 E3.5
G1 F3600 X104.218 Y87.095 E0.24391
G1 X104.288 Y87.025
G0 F7200 X104.087 Y87.014
G0 X104.127 Y92.961
G0 X104.266 Y92.952
G1 F3600 X97.197 Y85.884 E0.24936
G1 X97.127 Y85.814
G0 F7200 X97.135 Y86.026
G0 X97.896 Y93.895
G0 X97.876 Y94.193
;TYPE:WALL-INNER
G1 F3600 X100.058 Y94.336 E0.05455
G1 X104.498 Y94.416 E0.11077
G1 X104.456 Y93.389 E0.02564
G1 X104.392 Y92.471 E0.02296
G1 X104.464 Y90.693 E0.04439
G1 X104.46 Y89.959 E0.01831
G1 X104.384 Y88.239 E0.04295
G1 X104.364 Y87.363 E0.02186
G1 X104.411 Y86.499 E0.02158
G1 X104.386 Y85.498 E0.02498
G1 X100.097 Y85.536 E0.10699
G1 X97.869 Y85.696 E0.05572
G1 X96.832 Y85.739 E0.02589
G1 X94.864 Y85.967 E0.04942
G1 X94.848 Y86.914 E0.02363
G1 X94.868 Y87.731 E0.02039
G1 X94.821 Y88.983 E0.03125
G1 X94.848 Y89.958 E0.02433
G1 X94.809 Y90.897 E0.02344
G1 X94.893 Y93.988 E0.07713
G1 X95.258 Y93.998 E0.00911
G1 X96.81 Y94.149 E0.0389
G1 X97.876 Y94.193 E0.02661
G0 F7200 X97.85 Y94.592
;TYPE:WALL-OUTER
G1 F1800 X100.041 Y94.736 E0.05477
G1 X104.915 Y94.824 E0.1216
G1 X104.858 Y93.402 E0.0355
G1 X104.792 Y92.511 E0.02229
G1 X104.864 Y90.7 E0.04521
G1 X104.86 Y89.949 E0.01873
G1 X104.784 Y88.229 E0.04295
G1 X104.764 Y87.385 E0.02106
G1 X104.811 Y86.505 E0.02198
G1 X104.776 Y85.094 E0.03521
G1 X100.081 Y85.136 E0.11712
G1 X97.853 Y85.296 E0.05572
G1 X96.8 Y85.34 E0.02629
G1 X95.217 Y85.524 E0.03975
G1 X94.47 Y85.572 E0.01867
G1 X94.448 Y86.924 E0.03373
G1 X94.468 Y87.716 E0.01976
G1 X94.421 Y88.981 E0.03158
G1 X94.448 Y89.941 E0.02396
G1 X94.409 Y90.894 E0.02379
G1 X94.503 Y94.38 E0.08699
G1 X95.22 Y94.396 E0.01789
G1 X96.782 Y94.548 E0.03915
G1 X97.85 Y94.592 E0.02666
G0 F7200 X98.049 Y94.605
G0 X98.116 Y93.608
G1 F4200 E-3.5
;MESH:NONMESH
G0 F600 X98.116 Y93.608 Z9.65
G0 F7200 X94.63 Y90.896
G0 X93.547 Y90.851
G0 X86.281 Y90.022
G0 X85.198 Y90.002
G0 X75.841 Y86.985
G0 X75.681 Y86.995
;TIME_ELAPSED:560.427269
;LAYER:63
;TYPE:FILL
;MESH:pi 3mm_deformed_tet.stl
G1 F4200 E3.5
G1 F3600 X82.759 Y94.073 E0.2497
G1 X82.829 Y94.143
G0 F7200 X82.823 Y93.935
G0 X75.794 Y93.042
G0 X75.653 Y93.033
G1 F3600 X82.736 Y85.95 E0.24987
G1 X82.806 Y85.88
G0 F7200 X82.797 Y86.091
G0 X76.005 Y90.029
G0 X75.704 Y90.001
;TYPE:WALL-INNER
G1 F3600 X75.544 Y91.76 E0.04406
G1 X75.523 Y92.576 E0.02036
G1 X75.465 Y93.443 E0.02168
G1 X75.51 Y94.441 E0.02492
G1 X77.571 Y94.419 E0.05141
G1 X83.136 Y94.221 E0.13891
G1 X84.337 Y94.104 E0.0301
G1 X85.047 Y94.059 E0.01775
G1 X85.079 Y93.17 E0.02219
G1 X85.028 Y92.262 E0.02269
G1 X85.016 Y89.971 E0.05715
G1 X85.08 Y88.793 E0.02943
G1 X85.077 Y87.753 E0.02594
G1 X85.146 Y86.865 E0.02222
G1 X85.107 Y85.966 E0.02245
G1 X84.481 Y85.926 E0.01565
G1 X83.176 Y85.807 E0.03269
G1 X80.06 Y85.677 E0.0778
G1 X79.116 Y85.68 E0.02355
G1 X75.536 Y85.564 E0.08935
G1 X75.493 Y86.595 E0.02574
G1 X75.553 Y87.466 E0.02178
G1 X75.56 Y88.255 E0.01968
G1 X75.704 Y90.001 E0.0437
G0 F7200 X75.304 Y90.019
;TYPE:WALL-OUTER
G1 F1800 X75.144 Y91.736 E0.04302
G1 X75.124 Y92.55 E0.02031
G1 X75.065 Y93.439 E0.02222
G1 X75.128 Y94.843 E0.03506
G1 X77.585 Y94.819 E0.06129
G1 X83.162 Y94.62 E0.13921
G1 X84.363 Y94.504 E0.0301
G1 X85.434 Y94.435 E0.02677
G1 X85.479 Y93.166 E0.03168
G1 X85.428 Y92.23 E0.02338
G1 X85.416 Y89.993 E0.0558
G1 X85.48 Y88.803 E0.02973
G1 X85.476 Y87.784 E0.02542
G1 X85.547 Y86.872 E0.02282
G1 X85.491 Y85.589 E0.03204
G1 X84.517 Y85.528 E0.02434
G1 X83.202 Y85.408 E0.03294
G1 X80.068 Y85.277 E0.07825
G1 X79.129 Y85.28 E0.02342
G1 X76.03 Y85.18 E0.07735
G1 X75.152 Y85.171 E0.0219
G1 X75.093 Y86.601 E0.0357
G1 X75.153 Y87.47 E0.02173
G1 X75.16 Y88.274 E0.02006
G1 X75.304 Y90.019 E0.04368
G0 F7200 X75.286 Y90.218
G0 X76.281 Y90.311
G1 F4200 E-3.5
G0 F7200 X85.211 Y92.238
G0 X86.294 Y92.208
G0 X93.577 Y92.01
G0 X94.641 Y91.981
G0 X97.307 Y93.876
G0 X97.302 Y94.011
;TYPE:FILL
G1 F4200 E3.5
G1 F3600 X104.231 Y87.082 E0.24444
G1 X104.301 Y87.012
G0 F7200 X104.099 Y87.001
G0 X104.136 Y92.973
G0 X104.277 Y92.963
G1 F3600 X97.194 Y85.88 E0.24987
G1 X97.124 Y85.81
G0 F7200 X97.132 Y86.023
G0 X98.073 Y93.906
G0 X98.053 Y94.201
;TYPE:WALL-INNER
G1 F3600 X100.058 Y94.336 E0.05013
G1 X104.5 Y94.417 E0.11082
G1 X104.457 Y93.245 E0.02926
G1 X104.404 Y92.473 E0.0193
G1 X104.476 Y90.536 E0.04835
G1 X104.476 Y89.958 E0.01442
G1 X104.392 Y88.091 E0.04662
G1 X104.376 Y87.363 E0.01816
G1 X104.415 Y86.654 E0.01771
G1 X104.386 Y85.498 E0.02885
G1 X100.097 Y85.54 E0.10699
G1 X98.046 Y85.684 E0.05129
G1 X96.84 Y85.735 E0.03011
G1 X94.869 Y85.965 E0.0495
G1 X94.852 Y87.051 E0.02709
G1 X94.868 Y87.739 E0.01717
G1 X94.817 Y89.111 E0.03425
G1 X94.84 Y89.958 E0.02114
G1 X94.805 Y90.769 E0.02025
G1 X94.893 Y93.966 E0.07978
G1 X96.821 Y94.153 E0.04832
G1 X98.053 Y94.201 E0.03076
G0 F7200 X98.026 Y94.6
;TYPE:WALL-OUTER
G1 F1800 X100.041 Y94.736 E0.05038
G1 X104.916 Y94.824 E0.12163
G1 X104.856 Y93.223 E0.03997
G1 X104.804 Y92.511 E0.01781
G1 X104.876 Y90.544 E0.0491
G1 X104.876 Y89.949 E0.01484
G1 X104.792 Y88.081 E0.04664
G1 X104.776 Y87.385 E0.01737
G1 X104.815 Y86.66 E0.01811
G1 X104.776 Y85.094 E0.03908
G1 X100.081 Y85.14 E0.11712
G1 X98.029 Y85.284 E0.05131
G1 X96.808 Y85.336 E0.03049
G1 X94.985 Y85.548 E0.04578
G1 X94.474 Y85.58 E0.01277
G1 X94.452 Y87.06 E0.03692
G1 X94.468 Y87.724 E0.01657
G1 X94.417 Y89.109 E0.03457
G1 X94.44 Y89.941 E0.02076
G1 X94.405 Y90.766 E0.0206
G1 X94.503 Y94.367 E0.08986
G1 X94.992 Y94.377 E0.0122
G1 X96.794 Y94.552 E0.04516
G1 X98.026 Y94.6 E0.03076
G0 F7200 X98.225 Y94.613
G0 X98.291 Y93.619
G1 F4200 E-3.5
;MESH:NONMESH
G0 F600 X98.291 Y93.619 Z9.8
G0 F7200 X94.626 Y90.768
G0 X93.544 Y90.723
G0 X86.283 Y90.014
G0 X85.2 Y89.994
G0 X75.822 Y86.966
G0 X75.663 Y86.976
;TIME_ELAPSED:567.939122
;LAYER:64
;TYPE:FILL
;MESH:pi 3mm_deformed_tet.stl
G1 F4200 E3.5
G1 F3600 X82.762 Y94.076 E0.25045
G1 X82.832 Y94.146
G0 F7200 X82.826 Y93.936
G0 X75.775 Y93.059
G0 X75.636 Y93.05
G1 F3600 X82.741 Y85.945 E0.25065
G1 X82.811 Y85.875
G0 F7200 X82.802 Y86.089
G0 X75.998 Y90.029
G0 X75.697 Y90.001
;TYPE:WALL-INNER
G1 F3600 X75.524 Y91.907 E0.04774
G1 X75.507 Y92.579 E0.01677
G1 X75.461 Y93.283 E0.0176
G1 X75.511 Y94.437 E0.02881
G1 X77.762 Y94.411 E0.05616
G1 X83.124 Y94.224 E0.13384
G1 X85.04 Y94.04 E0.04801
G1 X85.075 Y93.03 E0.02521
G1 X85.032 Y92.241 E0.01971
G1 X85.02 Y89.964 E0.0568
G1 X85.088 Y88.665 E0.03245
G1 X85.084 Y87.815 E0.0212
G1 X85.146 Y87.001 E0.02036
G1 X85.101 Y85.981 E0.02547
G1 X83.163 Y85.803 E0.04855
G1 X80.061 Y85.673 E0.07745
G1 X78.968 Y85.68 E0.02727
G1 X75.536 Y85.576 E0.08565
G1 X75.486 Y86.754 E0.02941
G1 X75.535 Y87.423 E0.01673
G1 X75.544 Y88.104 E0.01699
G1 X75.697 Y90.001 E0.04747
G0 F7200 X75.297 Y90.001
;TYPE:WALL-OUTER
G1 F1800 X75.124 Y91.884 E0.04717
G1 X75.108 Y92.553 E0.01669
G1 X75.061 Y93.279 E0.01815
G1 X75.128 Y94.841 E0.039
G1 X77.776 Y94.811 E0.06606
G1 X83.15 Y94.624 E0.13414
G1 X84.595 Y94.484 E0.03621
G1 X85.426 Y94.431 E0.02077
G1 X85.475 Y93.026 E0.03507
G1 X85.432 Y92.21 E0.02038
G1 X85.42 Y89.985 E0.0555
G1 X85.488 Y88.675 E0.03272
G1 X85.484 Y87.796 E0.02193
G1 X85.547 Y87.008 E0.01972
G1 X85.484 Y85.593 E0.03533
G1 X84.753 Y85.548 E0.01827
G1 X83.19 Y85.404 E0.03915
G1 X80.068 Y85.273 E0.07795
G1 X78.981 Y85.28 E0.02712
G1 X75.869 Y85.18 E0.07767
G1 X75.152 Y85.171 E0.01789
G1 X75.085 Y86.76 E0.03967
G1 X75.136 Y87.465 E0.01763
G1 X75.144 Y88.122 E0.01639
G1 X75.297 Y90.001 E0.04703
G0 F7200 X75.279 Y90.2
G0 X76.275 Y90.294
G1 F4200 E-3.5
G1 F600 Z10.3
G0 F7200 X76.275 Y90.296 Z10.3
G0 X97.295 Y94.018
;TYPE:FILL
G1 F600 Z9.8
G1 F4200 E3.5
G1 F3600 X104.245 Y87.069 E0.24516
G1 X104.315 Y86.999
G0 F7200 X104.111 Y86.988
G0 X104.146 Y92.981
G0 X104.286 Y92.972
G1 F3600 X97.19 Y85.877 E0.25031
G1 X97.12 Y85.807
G0 F7200 X97.128 Y86.019
G0 X98.249 Y93.918
G0 X98.229 Y94.213
;TYPE:WALL-INNER
G1 F3600 X100.058 Y94.336 E0.04573
G1 X104.504 Y94.416 E0.11092
G1 X104.454 Y93.11 E0.0326
G1 X104.412 Y92.477 E0.01582
G1 X104.499 Y90.163 E0.05776
G1 X104.4 Y87.942 E0.05546
G1 X104.389 Y87.362 E0.01447
G1 X104.419 Y86.811 E0.01377
G1 X104.383 Y85.502 E0.03267
G1 X100.092 Y85.54 E0.10704
G1 X98.218 Y85.672 E0.04686
G1 X96.853 Y85.731 E0.03408
G1 X94.876 Y85.963 E0.04965
G1 X94.856 Y87.191 E0.03064
G1 X94.868 Y87.751 E0.01397
G1 X94.813 Y89.243 E0.03724
G1 X94.832 Y89.956 E0.01779
G1 X94.805 Y90.64 E0.01708
G1 X94.894 Y93.971 E0.08312
G1 X96.833 Y94.161 E0.0486
G1 X98.229 Y94.213 E0.03485
G0 F7200 X98.202 Y94.612
;TYPE:WALL-OUTER
G1 F1800 X100.041 Y94.736 E0.04598
G1 X104.92 Y94.824 E0.12173
G1 X104.854 Y93.094 E0.04319
G1 X104.812 Y92.515 E0.01448
G1 X104.899 Y90.161 E0.05876
G1 X104.8 Y87.933 E0.05563
G1 X104.788 Y87.384 E0.0137
G1 X104.819 Y86.817 E0.01416
G1 X104.773 Y85.098 E0.0429
G1 X100.076 Y85.14 E0.11717
G1 X98.201 Y85.272 E0.04689
G1 X96.821 Y85.332 E0.03446
G1 X94.482 Y85.607 E0.05875
G1 X94.456 Y87.199 E0.03972
G1 X94.468 Y87.736 E0.0134
G1 X94.413 Y89.241 E0.03757
G1 X94.432 Y89.94 E0.01744
G1 X94.405 Y90.638 E0.01742
G1 X94.503 Y94.334 E0.09223
G1 X96.806 Y94.56 E0.05772
G1 X98.202 Y94.612 E0.03485
G0 F7200 X98.401 Y94.625
G0 X98.467 Y93.631
G1 F4200 E-3.5
;MESH:NONMESH
G0 F600 X98.467 Y93.631 Z9.95
G0 F7200 X94.624 Y90.64
G0 X93.542 Y90.595
G0 X86.284 Y90.004
G0 X85.201 Y89.987
G0 X75.802 Y86.947
G0 X75.644 Y86.958
;TIME_ELAPSED:575.355315
;LAYER:65
;TYPE:FILL
;MESH:pi 3mm_deformed_tet.stl
G1 F4200 E3.5
G1 F3600 X82.762 Y94.076 E0.25111
G1 X82.832 Y94.146
G0 F7200 X82.826 Y93.938
G0 X75.756 Y93.078
G0 X75.617 Y93.069
G1 F3600 X82.74 Y85.946 E0.25128
G1 X82.81 Y85.876
G0 F7200 X82.801 Y86.088
G0 X75.991 Y90.029
G0 X75.689 Y90.001
;TYPE:WALL-INNER
G1 F3600 X75.5 Y92.055 E0.05145
G1 X75.487 Y92.578 E0.01305
G1 X75.453 Y93.122 E0.0136
G1 X75.51 Y94.433 E0.03273
G1 X77.954 Y94.407 E0.06097
G1 X83.117 Y94.224 E0.12887
G1 X85.028 Y94.044 E0.04788
G1 X85.071 Y92.889 E0.02883
G1 X85.036 Y92.228 E0.01651
G1 X85.02 Y89.956 E0.05668
G1 X85.096 Y88.533 E0.03555
G1 X85.093 Y87.777 E0.01886
G1 X85.143 Y87.145 E0.01581
G1 X85.092 Y85.975 E0.02921
G1 X83.152 Y85.803 E0.04858
G1 X80.06 Y85.673 E0.0772
G1 X78.821 Y85.676 E0.03091
G1 X75.537 Y85.579 E0.08196
G1 X75.481 Y86.916 E0.03338
G1 X75.516 Y87.454 E0.01345
G1 X75.524 Y87.951 E0.0124
G1 X75.689 Y90.001 E0.0513
G0 F7200 X75.289 Y90.001
;TYPE:WALL-OUTER
G1 F1800 X75.1 Y92.032 E0.05088
G1 X75.088 Y92.553 E0.013
G1 X75.053 Y93.118 E0.01412
G1 X75.128 Y94.837 E0.04292
G1 X77.968 Y94.807 E0.07085
G1 X83.143 Y94.624 E0.12917
G1 X84.827 Y94.464 E0.0422
G1 X85.414 Y94.427 E0.01467
G1 X85.471 Y92.886 E0.03847
G1 X85.436 Y92.198 E0.01718
G1 X85.42 Y89.977 E0.0554
G1 X85.496 Y88.543 E0.03582
G1 X85.492 Y87.808 E0.01833
G1 X85.543 Y87.152 E0.01641
G1 X85.477 Y85.611 E0.03848
G1 X83.178 Y85.404 E0.05758
G1 X80.068 Y85.273 E0.07765
G1 X78.833 Y85.276 E0.03081
G1 X75.707 Y85.181 E0.07801
G1 X75.153 Y85.172 E0.01382
G1 X75.081 Y86.921 E0.04367
G1 X75.116 Y87.46 E0.01347
G1 X75.124 Y87.97 E0.01272
G1 X75.289 Y90.001 E0.05083
G0 F7200 X75.271 Y90.2
G0 X76.268 Y90.294
G1 F4200 E-3.5
G0 F7200 X85.217 Y92.211
G0 X86.3 Y92.182
G0 X93.579 Y91.99
G0 X94.642 Y91.961
G0 X97.297 Y93.885
G0 X97.292 Y94.022
;TYPE:FILL
G1 F4200 E3.5
G1 F3600 X104.254 Y87.059 E0.24562
G1 X104.324 Y86.989
G0 F7200 X104.123 Y86.978
G0 X104.154 Y92.982
G0 X104.292 Y92.978
G1 F3600 X97.188 Y85.875 E0.2506
G1 X97.118 Y85.805
G0 F7200 X97.126 Y86.016
G0 X98.425 Y93.929
G0 X98.405 Y94.225
;TYPE:WALL-INNER
G1 F3600 X100.062 Y94.336 E0.04143
G1 X104.507 Y94.416 E0.1109
G1 X104.45 Y92.955 E0.03647
G1 X104.42 Y92.477 E0.01195
G1 X104.511 Y90.094 E0.05949
G1 X104.396 Y87.455 E0.06589
G1 X104.419 Y86.965 E0.01224
G1 X104.382 Y85.503 E0.03648
G1 X100.089 Y85.544 E0.10709
G1 X98.384 Y85.664 E0.04264
G1 X96.864 Y85.727 E0.03795
G1 X94.883 Y85.959 E0.04975
G1 X94.86 Y87.33 E0.0342
G1 X94.868 Y87.763 E0.0108
G1 X94.809 Y89.371 E0.04014
G1 X94.824 Y89.958 E0.01465
G1 X94.801 Y90.513 E0.01386
G1 X94.894 Y93.974 E0.08637
G1 X96.845 Y94.165 E0.0489
G1 X98.405 Y94.225 E0.03894
G0 F7200 X98.378 Y94.624
;TYPE:WALL-OUTER
G1 F1800 X100.045 Y94.736 E0.04168
G1 X104.923 Y94.824 E0.1217
G1 X104.85 Y92.939 E0.04706
G1 X104.82 Y92.514 E0.01063
G1 X104.911 Y90.093 E0.06043
G1 X104.796 Y87.474 E0.06539
G1 X104.819 Y86.969 E0.01261
G1 X104.772 Y85.099 E0.04666
G1 X100.073 Y85.144 E0.11722
G1 X98.368 Y85.264 E0.04264
G1 X96.832 Y85.328 E0.03835
G1 X94.489 Y85.603 E0.05885
G1 X94.46 Y87.337 E0.04326
G1 X94.468 Y87.748 E0.01025
G1 X94.409 Y89.369 E0.04046
G1 X94.424 Y89.941 E0.01427
G1 X94.401 Y90.51 E0.01421
G1 X94.504 Y94.338 E0.09552
G1 X96.818 Y94.564 E0.058
G1 X98.378 Y94.624 E0.03894
G0 F7200 X98.577 Y94.637
G0 X98.643 Y93.642
G1 F4200 E-3.5
;MESH:NONMESH
G0 F600 X98.643 Y93.642 Z10.1
G0 F7200 X94.623 Y90.511
G0 X93.539 Y90.467
G0 X86.286 Y89.999
G0 X85.203 Y89.979
G0 X75.784 Y86.943
G0 X75.639 Y86.953
;TIME_ELAPSED:582.871513
;LAYER:66
;TYPE:FILL
;MESH:pi 3mm_deformed_tet.stl
G1 F4200 E3.5
G1 F3600 X82.765 Y94.079 E0.25139
G1 X82.835 Y94.149
G0 F7200 X82.829 Y93.94
G0 X75.753 Y93.069
G0 X75.612 Y93.074
G1 F3600 X82.744 Y85.942 E0.2516
G1 X82.814 Y85.872
G0 F7200 X82.805 Y86.085
G0 X75.983 Y90.029
G0 X75.681 Y90.001
;TYPE:WALL-INNER
G1 F3600 X75.479 Y92.21 E0.05533
G1 X75.445 Y92.957 E0.01865
G1 X75.51 Y94.433 E0.03685
G1 X78.147 Y94.403 E0.06578
G1 X83.104 Y94.229 E0.12373
G1 X85.019 Y94.045 E0.04799
G1 X85.067 Y92.75 E0.03233
G1 X85.036 Y92.214 E0.01339
G1 X85.02 Y89.953 E0.0564
G1 X85.1 Y88.404 E0.03869
G1 X85.101 Y87.787 E0.01539
G1 X85.142 Y87.281 E0.01266
G1 X85.084 Y85.975 E0.03261
G1 X83.14 Y85.799 E0.04869
G1 X80.06 Y85.669 E0.0769
G1 X78.672 Y85.676 E0.03462
G1 X75.537 Y85.577 E0.07824
G1 X75.473 Y87.079 E0.0375
G1 X75.501 Y87.748 E0.0167
G1 X75.681 Y90.001 E0.05638
G0 F7200 X75.281 Y90.001
;TYPE:WALL-OUTER
G1 F1800 X75.08 Y92.182 E0.05464
G1 X75.045 Y92.957 E0.01935
G1 X75.128 Y94.837 E0.04694
G1 X78.161 Y94.803 E0.07566
G1 X83.13 Y94.628 E0.12403
G1 X85.406 Y94.411 E0.05703
G1 X85.467 Y92.746 E0.04156
G1 X85.436 Y92.182 E0.01409
G1 X85.42 Y89.973 E0.05511
G1 X85.5 Y88.414 E0.03894
G1 X85.5 Y87.819 E0.01484
G1 X85.543 Y87.288 E0.01329
G1 X85.468 Y85.608 E0.04195
G1 X83.166 Y85.4 E0.05766
G1 X80.068 Y85.269 E0.07735
G1 X78.685 Y85.276 E0.0345
G1 X75.153 Y85.165 E0.08815
G1 X75.073 Y87.079 E0.04779
G1 X75.107 Y87.855 E0.01938
G1 X75.281 Y90.001 E0.05371
G0 F7200 X75.263 Y90.2
G0 X76.26 Y90.292
G1 F4200 E-3.5
G0 F7200 X85.22 Y92.197
G0 X86.303 Y92.168
G0 X93.589 Y92.139
G0 X94.672 Y92.112
G0 X97.293 Y93.889
G0 X97.288 Y94.025
;TYPE:FILL
G1 F4200 E3.5
G1 F3600 X104.261 Y87.053 E0.24597
G1 X104.331 Y86.983
G0 F7200 X104.121 Y86.987
G0 X104.157 Y92.98
G0 X104.29 Y92.976
G1 F3600 X97.184 Y85.87 E0.25068
G1 X97.114 Y85.8
G0 F7200 X97.122 Y86.013
G0 X103.153 Y94.086
G0 X103.146 Y94.384
;TYPE:WALL-INNER
G1 F3600 X104.511 Y94.414 E0.03406
G1 X104.449 Y92.781 E0.04076
G1 X104.428 Y92.48 E0.00753
G1 X104.523 Y90.085 E0.05979
G1 X104.412 Y87.417 E0.06661
G1 X104.423 Y87.121 E0.00739
G1 X104.382 Y85.508 E0.04025
G1 X101.578 Y85.54 E0.06995
G1 X100.083 Y85.544 E0.03729
G1 X98.57 Y85.652 E0.03784
G1 X96.877 Y85.723 E0.04227
G1 X94.889 Y85.961 E0.04994
G1 X94.865 Y87.475 E0.03777
G1 X94.872 Y87.776 E0.00751
G1 X94.804 Y89.51 E0.04329
G1 X94.801 Y90.368 E0.0214
G1 X94.896 Y93.975 E0.09001
G1 X96.858 Y94.169 E0.04918
G1 X98.585 Y94.237 E0.04311
G1 X100.061 Y94.336 E0.0369
G1 X103.146 Y94.384 E0.07696
G0 F7200 X103.153 Y94.086
G0 X98.604 Y93.94
G0 X98.558 Y94.636
;TYPE:WALL-OUTER
G1 F1800 X100.045 Y94.736 E0.03718
G1 X103.137 Y94.784 E0.07714
G1 X104.927 Y94.823 E0.04466
G1 X104.85 Y92.8 E0.0505
G1 X104.828 Y92.521 E0.00698
G1 X104.923 Y90.085 E0.06081
G1 X104.812 Y87.382 E0.06748
G1 X104.823 Y87.125 E0.00642
G1 X104.772 Y85.103 E0.05046
G1 X101.577 Y85.14 E0.0797
G1 X100.068 Y85.144 E0.03764
G1 X98.553 Y85.252 E0.03789
G1 X96.845 Y85.324 E0.04264
G1 X94.495 Y85.605 E0.05904
G1 X94.465 Y87.485 E0.0469
G1 X94.472 Y87.76 E0.00686
G1 X94.404 Y89.501 E0.04346
G1 X94.402 Y90.446 E0.02357
G1 X94.452 Y92.115 E0.04165
G1 X94.504 Y94.338 E0.05547
G1 X96.83 Y94.568 E0.05831
G1 X98.558 Y94.636 E0.04314
G0 F7200 X98.757 Y94.649
G0 X98.823 Y93.653
G1 F4200 E-3.5
G1 F600 Z10.6
;MESH:NONMESH
G0 F7200 X98.823 Y93.653 Z10.6
G0 X75.639 Y86.953
;TIME_ELAPSED:590.465066
;LAYER:67
;MESH:pi 3mm_deformed_tet.stl
G0 X75.639 Y86.953 Z10.75
;TYPE:FILL
G1 F600 Z10.25
G1 F4200 E3.5
G1 F3600 X82.768 Y94.082 E0.25149
G1 X82.838 Y94.152
G0 F7200 X82.832 Y93.942
G0 X75.752 Y93.068
G0 X75.613 Y93.073
G1 F3600 X82.743 Y85.943 E0.25153
G1 X82.813 Y85.873
G0 F7200 X82.804 Y86.084
G0 X75.976 Y89.973
G0 X75.673 Y89.997
;TYPE:WALL-INNER
G1 F3600 X75.434 Y92.643 E0.06627
G1 X75.511 Y94.429 E0.04459
G1 X78.334 Y94.395 E0.07043
G1 X83.093 Y94.233 E0.11878
G1 X85.011 Y94.048 E0.04807
G1 X85.063 Y92.606 E0.03599
G1 X85.04 Y92.173 E0.01082
G1 X85.024 Y89.946 E0.05555
G1 X85.108 Y88.251 E0.04233
G1 X85.139 Y87.434 E0.02039
G1 X85.075 Y85.972 E0.0365
G1 X83.128 Y85.799 E0.04876
G1 X80.06 Y85.669 E0.0766
G1 X78.521 Y85.676 E0.03839
G1 X75.535 Y85.583 E0.07452
G1 X75.462 Y87.368 E0.04456
G1 X75.673 Y89.997 E0.06579
G0 F7200 X75.273 Y89.999
;TYPE:WALL-OUTER
G1 F1800 X75.033 Y92.633 E0.06598
G1 X75.128 Y94.833 E0.05493
G1 X78.348 Y94.795 E0.08033
G1 X83.119 Y94.632 E0.11908
G1 X85.398 Y94.413 E0.05711
G1 X85.463 Y92.602 E0.0452
G1 X85.44 Y92.17 E0.01079
G1 X85.424 Y89.966 E0.05498
G1 X85.508 Y88.266 E0.04246
G1 X85.539 Y87.433 E0.02079
G1 X85.459 Y85.604 E0.04567
G1 X83.154 Y85.4 E0.05772
G1 X80.068 Y85.269 E0.07705
G1 X78.533 Y85.276 E0.03829
G1 X75.152 Y85.171 E0.08438
G1 X75.061 Y87.376 E0.05505
G1 X75.273 Y89.999 E0.06564
G0 F7200 X75.255 Y90.198
G0 X76.254 Y90.29
G1 F4200 E-3.5
G0 F7200 X85.223 Y92.184
G0 X86.306 Y92.155
G0 X93.508 Y93.573
G0 X94.423 Y94.13
G0 X97.289 Y93.893
G0 X97.284 Y94.029
;TYPE:FILL
G1 F4200 E3.5
G1 F3600 X104.262 Y87.051 E0.24617
G1 X104.332 Y86.981
G0 F7200 X104.12 Y86.985
G0 X104.16 Y92.992
G0 X104.3 Y92.987
G1 F3600 X97.181 Y85.867 E0.25116
G1 X97.111 Y85.797
G0 F7200 X97.119 Y86.01
G0 X103.146 Y94.084
G0 X103.139 Y94.38
;TYPE:WALL-INNER
G1 F3600 X104.514 Y94.412 E0.03431
G1 X104.44 Y92.493 E0.04791
G1 X104.527 Y90.246 E0.05609
G1 X104.568 Y89.959 E0.00723
G1 X104.529 Y89.756 E0.00516
G1 X104.424 Y87.419 E0.05836
G1 X104.427 Y87.228 E0.00477
G1 X104.383 Y85.508 E0.04292
G1 X101.723 Y85.54 E0.06636
G1 X100.082 Y85.548 E0.04094
G1 X98.746 Y85.64 E0.03341
G1 X96.884 Y85.719 E0.04649
G1 X94.711 Y85.973 E0.05457
G1 X94.796 Y86.109 E0.004
G1 X94.884 Y86.433 E0.00838
G1 X94.872 Y87.788 E0.0338
G1 X94.8 Y89.642 E0.04628
G1 X94.797 Y90.241 E0.01494
G1 X94.884 Y93.531 E0.0821
G1 X94.803 Y93.851 E0.00823
G1 X94.735 Y93.967 E0.00335
G1 X96.873 Y94.173 E0.05358
G1 X98.759 Y94.249 E0.04708
G1 X100.06 Y94.332 E0.03252
G1 X103.139 Y94.38 E0.07682
G0 F7200 X103.146 Y94.084
G0 X95.186 Y93.524
G0 X94.484 Y93.542
;TYPE:WALL-OUTER
G1 F1800 X94.457 Y93.649 E0.00275
G1 X94.31 Y93.903 E0.00732
G1 X94.118 Y94.233 E0.00952
G1 X94.053 Y94.283 E0.00205
G1 X94.289 Y94.326 E0.00598
G1 X94.505 Y94.347 E0.00541
G1 X96.846 Y94.572 E0.05867
G1 X98.733 Y94.648 E0.04711
G1 X100.044 Y94.732 E0.03277
G1 X103.129 Y94.78 E0.07696
G1 X104.931 Y94.822 E0.04496
G1 X104.84 Y92.508 E0.05777
G1 X104.925 Y90.284 E0.05552
G1 X104.973 Y89.949 E0.00844
G1 X104.925 Y89.7 E0.00633
G1 X104.824 Y87.384 E0.05783
G1 X104.827 Y87.218 E0.00414
G1 X104.773 Y85.103 E0.05278
G1 X101.721 Y85.14 E0.07614
G1 X100.068 Y85.148 E0.04123
G1 X98.729 Y85.24 E0.03348
G1 X96.852 Y85.32 E0.04686
G1 X94.496 Y85.589 E0.05915
G1 X94.271 Y85.615 E0.00565
G1 X94.007 Y85.663 E0.00669
G1 X94.087 Y85.719 E0.00244
G1 X94.31 Y86.083 E0.01065
G1 X94.455 Y86.319 E0.00691
G1 X94.484 Y86.427 E0.00279
G1 X94.472 Y87.772 E0.03355
G1 X94.4 Y89.633 E0.04646
G1 X94.397 Y90.245 E0.01527
G1 X94.484 Y93.542 E0.08227
G0 F7200 X94.457 Y93.649
G0 X94.412 Y93.726
G0 X95.439 Y93.436
G1 F4200 E-3.5
;MESH:NONMESH
G0 F600 X95.439 Y93.436 Z10.4
G0 F7200 X94.617 Y90.251
G0 X93.533 Y90.247
G0 X86.298 Y89.82
G0 X85.217 Y89.765
G0 X75.776 Y86.956
G0 X75.636 Y86.95
;TIME_ELAPSED:598.227725
;LAYER:68
;TYPE:FILL
;MESH:pi 3mm_deformed_tet.stl
G1 F4200 E3.5
G1 F3600 X82.769 Y94.083 E0.25164
G1 X82.839 Y94.153
G0 F7200 X82.833 Y93.944
G0 X75.753 Y93.069
G0 X75.612 Y93.074
G1 F3600 X82.746 Y85.94 E0.25167
G1 X82.816 Y85.87
G0 F7200 X82.807 Y86.081
G0 X75.91 Y90.655
G0 X75.61 Y90.627
;TYPE:WALL-INNER
G1 F3600 X75.43 Y92.591 E0.0492
G1 X75.51 Y94.428 E0.04587
G1 X78.529 Y94.391 E0.07531
G1 X83.081 Y94.232 E0.11362
G1 X85.003 Y94.052 E0.04815
G1 X85.059 Y92.465 E0.03961
G1 X85.044 Y92.184 E0.00702
G1 X85.024 Y89.937 E0.05605
G1 X85.116 Y88.134 E0.04503
G1 X85.135 Y87.575 E0.01395
G1 X85.067 Y85.97 E0.04007
G1 X83.116 Y85.795 E0.04886
G1 X80.064 Y85.665 E0.0762
G1 X78.376 Y85.672 E0.04211
G1 X75.532 Y85.588 E0.07097
G1 X75.458 Y87.392 E0.04504
G1 X75.608 Y89.32 E0.04824
G1 X75.581 Y89.998 E0.01693
G1 X75.61 Y90.627 E0.01571
G0 F7200 X75.212 Y90.591
;TYPE:WALL-OUTER
G1 F1800 X75.029 Y92.581 E0.04985
G1 X75.128 Y94.833 E0.05623
G1 X78.543 Y94.791 E0.08519
G1 X83.107 Y94.632 E0.11392
G1 X85.39 Y94.417 E0.0572
G1 X85.459 Y92.462 E0.0488
G1 X85.444 Y92.154 E0.00769
G1 X85.424 Y89.957 E0.05481
G1 X85.516 Y88.151 E0.04511
G1 X85.535 Y87.573 E0.01443
G1 X85.456 Y85.705 E0.04664
G1 X85.518 Y85.608 E0.00287
G1 X83.142 Y85.396 E0.05951
G1 X80.072 Y85.265 E0.07665
G1 X78.389 Y85.272 E0.04198
G1 X75.148 Y85.178 E0.08088
G1 X75.057 Y87.4 E0.05547
G1 X75.208 Y89.28 E0.04705
G1 X75.181 Y90.002 E0.01802
G1 X75.212 Y90.591 E0.01471
G0 F7200 X75.194 Y90.79
G0 X76.191 Y90.882
G1 F4200 E-3.5
G1 F600 Z10.9
G0 F7200 X76.191 Y90.882 Z10.9
G0 X97.282 Y94.032
;TYPE:FILL
G1 F600 Z10.4
G1 F4200 E3.5
G1 F3600 X104.321 Y86.993 E0.24832
G1 X104.391 Y86.923
G0 F7200 X104.171 Y86.977
G0 X104.314 Y93.113
G0 X104.451 Y93.137
G1 F3600 X97.178 Y85.865 E0.25656
G1 X97.108 Y85.795
G0 F7200 X97.116 Y86.006
G0 X95.044 Y93.063
G0 X94.783 Y92.91
;TYPE:WALL-INNER
G1 F3600 X94.483 Y93.426 E0.01489
G1 X94.194 Y93.922 E0.01432
G1 X94.295 Y93.931 E0.00253
G1 X96.884 Y94.176 E0.06487
G1 X98.964 Y94.258 E0.05193
G1 X100.061 Y94.332 E0.02743
G1 X103.135 Y94.38 E0.07669
G1 X104.519 Y94.413 E0.03453
G1 X104.494 Y93.804 E0.0152
G1 X104.743 Y92.395 E0.03569
G1 X104.88 Y91.506 E0.02244
G1 X105.101 Y90.067 E0.03632
G1 X105.046 Y89.572 E0.01242
G1 X104.885 Y88.763 E0.02058
G1 X104.647 Y87.567 E0.03042
G1 X104.599 Y87.448 E0.0032
G1 X104.412 Y86.702 E0.01918
G1 X104.381 Y85.512 E0.02969
G1 X100.08 Y85.548 E0.10729
G1 X98.921 Y85.632 E0.02899
G1 X96.896 Y85.715 E0.05056
G1 X95.01 Y85.938 E0.04737
G1 X94.264 Y86.006 E0.01869
G1 X94.165 Y86.015 E0.00248
G1 X94.485 Y86.533 E0.01519
G1 X94.799 Y87.041 E0.0149
G1 X94.888 Y87.38 E0.00874
G1 X94.789 Y89.932 E0.06371
G1 X94.864 Y92.59 E0.06633
G1 X94.783 Y92.91 E0.00823
G0 F7200 X95.044 Y93.063
G0 X95.136 Y87.134
G0 X94.459 Y87.251
;TYPE:WALL-OUTER
G1 F1800 X94.488 Y87.364 E0.00291
G1 X94.389 Y89.93 E0.06406
G1 X94.464 Y92.602 E0.06668
G1 X94.437 Y92.709 E0.00275
G1 X94.286 Y92.968 E0.00748
G1 X93.769 Y93.857 E0.02565
G1 X93.654 Y93.948 E0.00366
G1 X93.08 Y94.118 E0.01493
G1 X94.081 Y94.3 E0.02538
G1 X94.24 Y94.329 E0.00403
G1 X96.858 Y94.576 E0.0656
G1 X98.937 Y94.657 E0.0519
G1 X100.045 Y94.732 E0.0277
G1 X103.125 Y94.78 E0.07684
G1 X104.935 Y94.823 E0.04516
G1 X104.899 Y93.813 E0.02521
G1 X105.139 Y92.456 E0.03438
G1 X105.217 Y91.951 E0.01275
G1 X105.453 Y90.412 E0.03884
G1 X105.491 Y89.955 E0.01144
G1 X105.442 Y89.511 E0.01114
G1 X105.204 Y88.316 E0.03039
G1 X105.031 Y87.451 E0.022
G1 X104.978 Y87.32 E0.00353
G1 X104.809 Y86.65 E0.01724
G1 X104.772 Y85.107 E0.0385
G1 X103.054 Y85.128 E0.04286
G1 X100.064 Y85.148 E0.07459
G1 X98.905 Y85.232 E0.02899
G1 X96.864 Y85.316 E0.05096
G1 X94.974 Y85.54 E0.04748
G1 X94.231 Y85.607 E0.01861
G1 X94.04 Y85.642 E0.00484
G1 X92.916 Y85.845 E0.02849
G1 X93.61 Y85.992 E0.0177
G1 X93.738 Y86.083 E0.00392
G1 X94.302 Y86.996 E0.02677
G1 X94.459 Y87.251 E0.00747
G0 F7200 X94.488 Y87.364
G0 X94.485 Y87.446
G0 X95.484 Y87.485
G1 F4200 E-3.5
;MESH:NONMESH
G0 F600 X95.484 Y87.485 Z10.55
G0 F7200 X93.868 Y85.89
G0 X93.156 Y86.778
G0 X86.344 Y86.217
G0 X85.28 Y86.263
G0 X75.781 Y86.853
G0 X75.528 Y86.842
;TIME_ELAPSED:606.005135
;LAYER:69
;TYPE:FILL
;MESH:pi 3mm_deformed_tet.stl
G1 F4200 E3.5
G1 F3600 X82.773 Y94.086 E0.25557
G1 X82.843 Y94.156
G0 F7200 X82.837 Y93.947
G0 X75.703 Y93.077
G0 X75.57 Y93.116
G1 F3600 X82.749 Y85.937 E0.25326
G1 X82.819 Y85.867
G0 F7200 X82.81 Y86.079
G0 X84.794 Y86.739
G0 X85.092 Y86.727
;TYPE:WALL-INNER
G1 F3600 X85.455 Y86.147 E0.01707
G1 X85.476 Y86.138 E0.00057
G1 X85.732 Y86.03 E0.00693
G1 X85.47 Y86.006 E0.00656
G1 X83.104 Y85.791 E0.05926
G1 X80.065 Y85.661 E0.07588
G1 X78.226 Y85.672 E0.04587
G1 X75.532 Y85.594 E0.06723
G1 X75.501 Y86.407 E0.0203
G1 X75.129 Y87.564 E0.03032
G1 X75.109 Y88.013 E0.01121
G1 X75.021 Y90.002 E0.04966
G1 X75.12 Y91.604 E0.04004
G1 X75.169 Y92.387 E0.01957
G1 X75.227 Y92.534 E0.00394
G1 X75.465 Y93.322 E0.02053
G1 X75.511 Y94.424 E0.02751
G1 X78.722 Y94.383 E0.08011
G1 X83.069 Y94.237 E0.1085
G1 X85.205 Y94.036 E0.05352
G1 X85.008 Y93.699 E0.00974
G1 X85.055 Y92.324 E0.03432
G1 X85.028 Y89.931 E0.0597
G1 X85.135 Y87.71 E0.05547
G1 X85.092 Y86.727 E0.02454
G0 F7200 X84.794 Y86.739
G0 X84.71 Y93.689
G0 X85.408 Y93.713
;TYPE:WALL-OUTER
G1 F1800 X85.455 Y92.322 E0.03472
G1 X85.428 Y89.95 E0.05917
G1 X85.535 Y87.711 E0.05592
G1 X85.492 Y86.709 E0.02502
G1 X85.501 Y86.695 E0.00042
G1 X85.613 Y86.515 E0.00529
G1 X87.116 Y85.874 E0.04076
G1 X85.677 Y85.623 E0.03644
G1 X85.452 Y85.603 E0.00563
G1 X83.13 Y85.392 E0.05816
G1 X80.072 Y85.261 E0.07635
G1 X78.238 Y85.272 E0.04575
G1 X75.148 Y85.182 E0.07711
G1 X75.103 Y86.338 E0.02886
G1 X74.986 Y86.699 E0.00947
G1 X74.731 Y87.492
G1 X74.725 Y87.625
G1 F1500 X74.621 Y90.006 E0.04756
G1 F1800 X74.744 Y91.992 E0.04964
G1 X74.774 Y92.478 E0.01215
G1 X74.844 Y92.65 E0.00463
G1 X75.06 Y93.366 E0.01866
G1 X75.128 Y94.829 E0.03653
G1 X78.735 Y94.783 E0.08998
G1 X83.095 Y94.636 E0.10882
G1 X85.392 Y94.42 E0.05755
G1 X85.602 Y94.4 E0.00526
G1 X86.248 Y94.276 E0.01641
G1 X85.515 Y93.898 E0.02057
G1 X85.416 Y93.727 E0.00493
G1 X85.408 Y93.713 E0.0004
G0 F7200 X85.414 Y93.514
G0 X84.417 Y93.48
G1 F4200 E-3.5
G0 F7200 X86.281 Y93.328
G0 X92.631 Y92.872
G0 X92.934 Y93.897
G0 X97.28 Y93.902
G0 X97.275 Y94.039
;TYPE:FILL
G1 F4200 E3.5
G1 F3600 X104.212 Y87.101 E0.24474
G0 F7200 X104.42 Y86.894
G1 F3600 X104.717 Y86.597 E0.01048
G0 F7200 X104.583 Y86.63
G0 X104.137 Y92.971
G0 X104.276 Y92.962
G1 F3600 X97.174 Y85.86 E0.25054
G1 X97.104 Y85.79
G0 F7200 X97.112 Y86.003
G0 X94.805 Y92.463
G0 X94.53 Y92.371
;TYPE:WALL-INNER
G1 F3600 X94.463 Y92.486 E0.00332
G1 X93.763 Y93.684 E0.03461
G1 X93.596 Y93.814 E0.00528
G1 X93.778 Y93.847 E0.00461
G1 X94.266 Y93.934 E0.01237
G1 X96.896 Y94.185 E0.0659
G1 X99.12 Y94.269 E0.05552
G1 X100.061 Y94.332 E0.02353
G1 X103.127 Y94.376 E0.07649
G1 X104.92 Y94.419 E0.04474
G1 X104.937 Y94.419 E0.00042
G1 F1500 X105.286 Y92.41 E0.04069
G1 F3600 X105.535 Y90.81 E0.04039
G1 X105.601 Y89.961 E0.02124
G1 X105.514 Y89.139 E0.02062
G1 X105.198 Y87.561 E0.04014
G1 X104.989 Y87.03 E0.01423
G1 X104.802 Y86.282 E0.01923
G1 X104.609 Y85.507 E0.01992
G1 X102.007 Y85.544 E0.06491
G1 X100.075 Y85.552 E0.04819
G1 X99.08 Y85.62 E0.02488
G1 X96.908 Y85.711 E0.05423
G1 X95.35 Y85.894 E0.03913
G1 X94.23 Y86.001 E0.02807
G1 X93.744 Y86.09 E0.01232
G1 X93.564 Y86.123 E0.00456
G1 X93.73 Y86.239 E0.00505
G1 X94.485 Y87.454 E0.03568
G1 X94.572 Y87.594 E0.00411
G1 X94.83 Y88.922 E0.03375
G1 X94.793 Y89.998 E0.02686
G1 X94.822 Y91.013 E0.02533
G1 X94.602 Y92.18 E0.02962
G1 X94.53 Y92.371 E0.00509
G0 F7200 X94.805 Y92.463
G0 X95.14 Y93.769
G0 X94.196 Y94.329
;TYPE:WALL-OUTER
G1 F1800 X96.87 Y94.584 E0.06701
G1 X99.094 Y94.668 E0.05552
G1 X100.045 Y94.732 E0.02378
G1 X103.117 Y94.776 E0.07664
G1 X104.935 Y94.819 E0.04536
G1 X105.272 Y94.827 E0.00841
G1 F1500 X105.681 Y92.472 E0.0477
G1 F1800 X105.933 Y90.856 E0.0408
G1 X106.003 Y89.955 E0.02254
G1 X105.91 Y89.079 E0.02197
G1 X105.583 Y87.446 E0.04154
G1 X105.377 Y86.933 E0.01379
G1 X105.102 Y85.83 E0.02836
G1 X104.92 Y85.103 E0.01869
G1 X102.005 Y85.144 E0.07272
G1 X100.06 Y85.152 E0.04852
G1 X99.064 Y85.22 E0.0249
G1 X96.876 Y85.312 E0.05463
G1 X95.312 Y85.496 E0.03928
G1 X94.192 Y85.603 E0.02807
G1 X92.924 Y85.832 E0.03214
G1 X92.216 Y85.96 E0.01795
G1 X91.733 Y86 E0.01209
G1 X91.946 Y86.08 E0.00568
G1 X93.262 Y86.36 E0.03356
G1 X93.39 Y86.45 E0.0039
G1 X94.194 Y87.743 E0.03798
G1 X94.232 Y87.937 E0.00493
G1 X94.425 Y88.929 E0.02521
G1 X94.393 Y89.997 E0.02665
G1 X94.417 Y91.002 E0.02508
G1 X94.226 Y92.014 E0.02569
G1 X94.203 Y92.138 E0.00315
G1 X93.417 Y93.482 E0.03884
G1 X93.302 Y93.572 E0.00364
G1 X92.052 Y93.944 E0.03253
G1 X93.078 Y94.128 E0.026
G1 X94.196 Y94.329 E0.02834
G0 F7200 X94.395 Y94.347
G0 X94.888 Y93.592
;TYPE:SKIN
G1 F1651.4 X94.31 Y93.535 E0.01579
G1 X94.788 Y92.714 E0.02583
G1 X94.88 Y92.739 E0.00259
G1 X94.888 Y93.592 E0.02319
G0 F7200 X95.14 Y93.741
G0 X95.187 Y86.341
G0 X94.883 Y86.336
G1 F1655.2 X94.872 Y87.209 E0.02368
G1 X94.811 Y87.227 E0.00173
G1 X94.286 Y86.39 E0.0268
G1 X94.883 Y86.336 E0.01626
G0 F7200 X95.187 Y86.341
G0 X104.18 Y90.552
G0 X104.535 Y90.559
G1 F1267.6 X104.547 Y89.973 E0.02076
G1 X104.503 Y89.257 E0.02541
G1 F1403.5 X104.406 Y88.098 E0.03721
G1 F1535.2 X104.383 Y87.076 E0.0299
G1 X104.553 Y87.043 E0.00506
G1 F1466.4 X104.823 Y87.743 E0.02297
G1 F1345.8 X105.054 Y89.191 E0.04892
G1 F1267.6 X105.128 Y89.969 E0.02768
G1 X105.08 Y90.76 E0.02807
G1 F1434.3 X104.85 Y92.547 E0.05641
G1 F1607.1 X104.712 Y93.338 E0.02243
G1 X104.466 Y93.325 E0.00688
G1 X104.405 Y92.512 E0.02278
G1 F1515.8 X104.47 Y91.536 E0.02898
G1 F1358.5 X104.535 Y90.559 E0.03236
G0 F7200 X103.878 Y90.545
G1 F4200 E-3.5
;MESH:NONMESH
G0 F600 X103.878 Y90.545 Z10.7
G0 F7200 X94.4 Y87.662
G0 X93.375 Y88.063
G0 X86.4 Y87.768
G0 X85.316 Y87.716
G0 X75.663 Y86.977
;TIME_ELAPSED:615.695608
;LAYER:70
;TYPE:FILL
;MESH:pi 3mm_deformed_tet.stl
G1 F4200 E3.5
G1 F3600 X82.775 Y94.089 E0.2509
G1 X82.845 Y94.159
G0 F7200 X82.839 Y93.949
G0 X75.781 Y93.051
G0 X75.643 Y93.043
G1 F3600 X82.749 Y85.937 E0.25068
G1 X82.819 Y85.867
G0 F7200 X82.81 Y86.077
G0 X75.7 Y93.268
G0 X75.447 Y93.239
G1 F3600 X75.183 Y93.503 E0.00931
G1 F4200 E-3.5
G0 F7200 X75.317 Y93.464
G0 X84.96 Y93.897
G0 X87.118 Y93.915
G0 X87.742 Y93.044
G0 X91.416 Y92.771
G0 X91.812 Y93.765
G0 X97.275 Y93.906
G0 X97.27 Y94.043
G1 F4200 E3.5
G1 F3600 X104.245 Y87.068 E0.24606
G1 X104.315 Y86.998
G0 F7200 X104.111 Y86.987
G0 X104.146 Y92.98
G0 X104.285 Y92.971
G1 F3600 X97.171 Y85.857 E0.25097
G1 X97.101 Y85.787
G0 F7200 X97.109 Y86
G0 X94.824 Y90.146
G0 X94.535 Y90.026
;TYPE:WALL-INNER
G1 F3600 X94.404 Y90.379 E0.00939
G1 X94.399 Y90.393 E0.00037
G1 X94.074 Y92.108 E0.04354
G1 X94.003 Y92.298 E0.00506
G1 X93.416 Y93.31 E0.02918
G1 X93.066 Y93.584 E0.01109
G1 X92.752 Y93.676 E0.00816
G1 X92.884 Y93.7 E0.00335
G1 X94.206 Y93.936 E0.0335
G1 X96.908 Y94.189 E0.0677
G1 X99.307 Y94.282 E0.05989
G1 X100.061 Y94.332 E0.01885
G1 X103.118 Y94.376 E0.07627
G1 X105.346 Y94.423 E0.05559
G1 X105.453 Y94.425 E0.00267
G1 X105.548 Y94.049 E0.00967
G1 X105.835 Y92.416 E0.04136
G1 X106.023 Y91.207 E0.03052
G1 X106.117 Y89.962 E0.03115
G1 X105.982 Y88.708 E0.03146
G1 X105.75 Y87.553 E0.02939
G1 X105.419 Y86.733 E0.02206
G1 X105.105 Y85.503 E0.03167
G1 X105.021 Y85.504 E0.0021
G1 X102.151 Y85.544 E0.0716
G1 X100.071 Y85.552 E0.05189
G1 X99.274 Y85.608 E0.01993
G1 X96.921 Y85.707 E0.05875
G1 X95.685 Y85.854 E0.03105
G1 X94.202 Y85.995 E0.03716
G1 X92.767 Y86.255 E0.03638
G1 X92.692 Y86.269 E0.0019
G1 X92.997 Y86.332 E0.00777
G1 X93.383 Y86.604 E0.01178
G1 X93.979 Y87.568 E0.02827
G1 X94.057 Y87.768 E0.00536
G1 X94.39 Y89.461 E0.04304
G1 X94.409 Y89.506 E0.00122
G1 X94.535 Y89.813 E0.00828
G1 X94.535 Y90.026 E0.00531
G1 F4200 E-3.5
G0 F7200 X94.824 Y90.146
G0 X93.884 Y92.146
G0 X92.855 Y91.764
G0 X87.356 Y92.766
G0 X86.724 Y93.648
G0 X84.946 Y92.897
G0 X85.286 Y93.105
G1 F4200 E3.5
G1 F3600 X85.097 Y92.839 E0.00814
G1 X85.056 Y92.627 E0.00539
G1 X85.028 Y89.934 E0.06718
G1 X85.14 Y87.67 E0.05654
G1 X85.216 Y87.405 E0.00688
G1 X85.502 Y87.148 E0.00959
G1 X85.512 Y87.144 E0.00027
G1 X85.835 Y87.005 E0.00877
G1 X86.99 Y86.254 E0.03437
G1 X86.449 Y86.16 E0.0137
G1 X85.665 Y86.024 E0.01985
G1 X83.092 Y85.791 E0.06445
G1 X80.064 Y85.661 E0.0756
G1 X78.077 Y85.668 E0.04957
G1 X75.209 Y85.582 E0.07157
G1 X75.122 Y85.851 E0.00705
G1 X74.575 Y87.551 E0.04455
G1 X74.531 Y88.335 E0.01959
G1 X74.461 Y90.006 E0.04172
G1 X74.571 Y91.782 E0.04439
G1 X74.633 Y92.418 E0.01594
G1 X74.839 Y92.915 E0.01342
G1 X75.082 Y93.727 E0.02114
G1 X75.293 Y94.429 E0.01829
G1 X78.914 Y94.379 E0.09033
G1 X83.061 Y94.241 E0.1035
G1 X84.972 Y94.057 E0.04789
G1 X85.589 Y94.012 E0.01543
G1 X85.695 Y93.992 E0.00269
G1 X86.639 Y93.81 E0.02398
G1 X85.426 Y93.178 E0.03412
G1 X85.286 Y93.105 E0.00394
G0 F7200 X84.732 Y93.085
G0 X84.733 Y89.918
G0 X85.428 Y89.954
;TYPE:WALL-OUTER
G1 F1800 X85.538 Y87.725 E0.05567
G1 X85.543 Y87.62 E0.00262
G1 X85.66 Y87.516 E0.0039
G1 X86.025 Y87.359 E0.00991
G1 F1500 X87.971 Y86.092 E0.04634
G1 F1800 X88.306 Y86.024 E0.00853
G1 X87.801 Y85.988 E0.01263
G1 X87.113 Y85.869 E0.01742
G1 X85.717 Y85.627 E0.03534
G1 X83.118 Y85.392 E0.0651
G1 X80.072 Y85.261 E0.07605
G1 X78.089 Y85.268 E0.04947
G1 X75.754 Y85.197 E0.05827
G1 X74.921 Y85.173
G1 X74.846 Y85.407
G1 F1500 X74.179 Y87.477 E0.0434
G1 F1800 X74.131 Y88.318 E0.02101
G1 X74.061 Y90.01 E0.04224
G1 X74.168 Y91.764 E0.04384
G1 X74.241 Y92.518 E0.0189
G1 X74.449 Y93.01 E0.01332
G1 X74.8 Y94.177 E0.0304
G1 X74.997 Y94.833 E0.01709
G1 X78.927 Y94.779 E0.09804
G1 X83.087 Y94.64 E0.10383
G1 X85.001 Y94.456 E0.04797
G1 X85.641 Y94.409 E0.01601
G1 X86.25 Y94.292 E0.01547
G1 X87.629 Y94.027 E0.03503
G1 X86.835 Y93.46 E0.02434
G1 X85.526 Y92.773 E0.03688
G1 X85.457 Y92.676 E0.00297
G1 X85.454 Y92.382 E0.00733
G1 X85.428 Y89.954 E0.06057
G0 F7200 X85.437 Y89.755
G1 F4200 E-3.5
G0 F7200 X84.743 Y89.719
G0 X85.227 Y92.886
G0 X86.724 Y93.648
G0 X88.023 Y94.118
G1 F4200 E3.5
G1 F2117.6 X88.07 Y94.117 E0.001
G1 F4200 E-3.5
G0 F7200 X88.246 Y93.408
G0 X91.416 Y92.771
G0 X92.361 Y94.012
G1 F4200 E3.5
G1 F1800 X94.152 Y94.333 E0.04539
G1 X96.882 Y94.588 E0.0684
G1 X99.281 Y94.681 E0.05989
G1 X100.045 Y94.732 E0.0191
G1 X103.109 Y94.776 E0.07644
G1 X105.276 Y94.824 E0.05407
G1 X105.761 Y94.835 E0.0121
G1 X105.94 Y94.133 E0.01807
G1 X106.23 Y92.478 E0.04191
G1 X106.421 Y91.253 E0.03093
G1 X106.519 Y89.956 E0.03245
G1 X106.378 Y88.647 E0.03284
G1 X106.135 Y87.438 E0.03076
G1 X105.79 Y86.583 E0.023
G1 X105.416 Y85.099 E0.03818
G1 X104.922 Y85.106 E0.01232
G1 X102.149 Y85.144 E0.06918
G1 X100.056 Y85.152 E0.05221
G1 X99.257 Y85.208 E0.01998
G1 X96.889 Y85.308 E0.05912
G1 X95.647 Y85.456 E0.0312
G1 X94.148 Y85.599 E0.03756
G1 X92.503 Y85.896 E0.0417
G1 X91.783 Y85.948 E0.01801
G1 X91.746 Y85.952 E0.00093
G1 X90.753 Y86.06 E0.02492
G1 X91.91 Y86.511 E0.03098
G1 X92.914 Y86.724 E0.0256
G1 X93.043 Y86.814 E0.00392
G1 X93.658 Y87.808 E0.02916
G1 X94.008 Y89.588 E0.04525
G1 X94.141 Y89.884 E0.00809
G1 X94.013 Y90.278 E0.01033
G1 X93.675 Y92.066 E0.04539
G1 X93.07 Y93.109 E0.03008
G1 X92.953 Y93.2 E0.0037
G1 X91.868 Y93.521 E0.02823
G1 X90.926 Y93.896 E0.02529
G1 X92.052 Y93.987 E0.02818
G1 X92.361 Y94.012 E0.00773
G0 F7200 X92.557 Y94.047
G0 X92.61 Y93.754
G0 X95.118 Y93.847
G0 X95.163 Y92.467
G0 X94.329 Y92.489
;TYPE:SKIN
G1 F1800 X94.45 Y92.173 E0.00844
G1 X94.553 Y91.606 E0.01438
G1 X94.859 Y91.658 E0.00774
G1 X94.903 Y93.616 E0.04885
G1 X94.252 Y93.557 E0.01631
G1 X93.761 Y93.468 E0.01245
G1 X94.329 Y92.489 E0.02823
G0 F7200 X94.513 Y93.13
G1 F1531.9 X94.484 Y93.18 E0.00169
G1 X94.426 Y93.18 E0.0017
G1 X94.397 Y93.13 E0.00169
G1 X94.426 Y93.08 E0.00169
G1 X94.484 Y93.08 E0.0017
G1 X94.513 Y93.13 E0.00169
G0 F7200 X95.177 Y93.115
G0 X95.18 Y86.805
G0 X94.52 Y86.795
G1 F1519 X94.491 Y86.846 E0.00173
G1 X94.432 Y86.846 E0.00174
G1 X94.402 Y86.795 E0.00175
G1 X94.431 Y86.744 E0.00173
G1 X94.49 Y86.744 E0.00174
G1 X94.52 Y86.795 E0.00175
G0 F7200 X94.306 Y87.375
G1 F1800 X93.743 Y86.463 E0.02674
G1 X94.234 Y86.373 E0.01245
G1 X94.902 Y86.309 E0.01674
G1 X94.899 Y87.135 E0.0206
G1 X94.913 Y87.18 E0.00118
G1 X94.866 Y88.394 E0.03031
G1 X94.57 Y88.418 E0.00741
G1 X94.429 Y87.697 E0.01833
G1 X94.306 Y87.375 E0.0086
G1 F4200 E-3.5
G0 F7200 X95.185 Y87.408
G0 X95.114 Y86.083
G0 X94.225 Y86.154
G0 X93.307 Y86.346
G0 X92.462 Y87.511
G0 X88.324 Y86.897
G0 X85.347 Y86.792
G1 F4200 E3.5
G1 F1718.4 X85.095 Y87.003 E0.00859
G1 X85.067 Y86.359 E0.01684
G1 X85.588 Y86.407 E0.01367
G1 X85.792 Y86.441 E0.0054
G1 X85.943 Y86.467 E0.004
G1 X85.649 Y86.658 E0.00916
G1 X85.494 Y86.727 E0.00443
G1 X85.347 Y86.792 E0.0042
G0 F7200 X85.48 Y87.049
G0 X84.707 Y93.774
G0 X85.177 Y93.557
G1 F1168.8 X85.139 Y93.624 E0.00296
G1 X85.062 Y93.624 E0.00296
G1 X85.023 Y93.557 E0.00298
G1 X85.061 Y93.49 E0.00296
G1 X85.138 Y93.49 E0.00296
G1 X85.177 Y93.557 E0.00298
G0 F7200 X84.756 Y93.776
G0 X75.822 Y91.924
G0 X75.496 Y91.897
G1 F1506.3 X75.495 Y92.559 E0.01973
G1 F1541.8 X75.465 Y93.06 E0.01462
G1 X75.321 Y93.084 E0.00425
G1 X75.232 Y92.792 E0.00889
G1 X75.037 Y92.315 E0.01501
G1 F1475.4 X74.998 Y91.7 E0.01875
G1 F1330.9 X74.979 Y90.853 E0.02858
G1 F1188.1 X74.959 Y90.006 E0.03202
G1 F1222.4 X74.977 Y88.356 E0.06061
G1 F1379.3 X75.003 Y87.631 E0.02362
G1 F1422.9 X75.325 Y86.628 E0.03324
G1 X75.447 Y86.643 E0.00388
G1 X75.503 Y87.437 E0.02512
G1 F1400.8 X75.503 Y88.113 E0.02167
G1 F1304.3 X75.551 Y89.059 E0.03261
G1 F1180.3 X75.6 Y90.006 E0.03607
G1 F1196 X75.548 Y90.951 E0.03553
G1 F1366.2 X75.496 Y91.897 E0.03114
G1 F4200 E-3.5
G0 F7200 X75.822 Y91.924
G0 X85.234 Y90.372
G0 X86.299 Y90.361
G0 X92.855 Y91.764
G0 X93.909 Y92.014
G0 X94.389 Y91.371
G0 X104.203 Y90.171
G0 X104.48 Y90.176
G1 F4200 E3.5
G1 F1800 X104.38 Y87.95 E0.05558
G1 X104.369 Y87.398 E0.01377
G1 X104.396 Y86.86 E0.01344
G1 X104.37 Y85.891 E0.02418
G1 X104.808 Y85.886 E0.01093
G1 X105.046 Y86.823 E0.02412
G1 X105.387 Y87.67 E0.02278
G1 X105.602 Y88.759 E0.02769
G1 X105.735 Y89.972 E0.03044
G1 X105.641 Y91.165 E0.02985
G1 X105.459 Y92.35 E0.02991
G1 X105.164 Y94.033 E0.04262
G1 X104.469 Y94.023 E0.01734
G1 X104.436 Y93.104 E0.02294
G1 X104.393 Y92.52 E0.01461
G1 X104.48 Y90.176 E0.05851
G0 F7200 X104.203 Y90.171
G0 X103.813 Y92.526
G0 X104.27 Y94.228
G0 X105.34 Y94.25
G0 X105.019 Y93.705
G1 F1800 X104.645 Y93.331 E0.01319
G0 F7200 X105.103 Y93.224
G1 F1800 X104.609 Y92.73 E0.01743
G0 F7200 X104.606 Y92.161
G1 F1800 X105.187 Y92.742 E0.0205
G0 F7200 X105.271 Y92.26
G1 F1800 X104.626 Y91.616 E0.02274
G0 F7200 X105.024 Y91.448
G1 F1800 X105.346 Y91.77 E0.01136
G0 F7200 X105.024 Y91.447
G1 F1800 X104.647 Y91.07 E0.0133
G0 F7200 X104.667 Y90.525
G1 F1800 X105.43 Y91.288 E0.02692
G0 F7200 X105.472 Y90.764
G1 F1800 X104.669 Y89.962 E0.02831
G0 F7200 X104.643 Y89.37
G1 F1800 X105.514 Y90.24 E0.03071
G0 F7200 X105.499 Y89.66
G1 F1800 X104.617 Y88.778 E0.03111
G0 F7200 X105.053 Y88.649
G1 F1800 X105.429 Y89.024 E0.01325
G0 F7200 X105.053 Y88.648
G1 F1800 X104.591 Y88.186 E0.0163
G0 F7200 X104.573 Y87.603
G1 F1800 X105.316 Y88.346 E0.02621
G0 F7200 X105.147 Y87.611
G1 F1800 X104.586 Y87.05 E0.01979
G0 F7200 X104.812 Y86.71
G1 F1800 X104.586 Y86.484 E0.00797
G0 F7200 X103.807 Y86.503
G1 F4200 E-3.5
;MESH:NONMESH
G0 F600 X103.807 Y86.503 Z10.85
G0 F7200 X95.114 Y86.083
G0 X91.979 Y86.302
G0 X91.584 Y87.313
G0 X88.324 Y86.897
G0 X87.509 Y86.15
G0 X84.837 Y86.133
G0 X75.802 Y86.948
G0 X75.644 Y86.958
;TIME_ELAPSED:631.862374
;LAYER:71
;TYPE:FILL
;MESH:pi 3mm_deformed_tet.stl
G1 F4200 E3.5
G1 F3600 X82.775 Y94.089 E0.25157
G1 X82.845 Y94.159
G0 F7200 X82.839 Y93.951
G0 X75.756 Y93.077
G0 X75.618 Y93.068
G1 F3600 X82.752 Y85.934 E0.25167
G1 X82.822 Y85.864
G1 F4200 E-3.5
G0 F7200 X82.813 Y86.075
G0 X88.875 Y86.234
G0 X90.698 Y86.244
G0 X97.173 Y85.994
G0 X97.168 Y85.855
G1 F4200 E3.5
G1 F3600 X104.293 Y92.98 E0.25135
G1 X104.363 Y93.05
G0 F7200 X104.157 Y93.057
G0 X104.118 Y87.048
G0 X104.257 Y87.056
G1 F3600 X97.267 Y94.046 E0.24659
G1 X97.197 Y94.116
G0 F7200 X97.205 Y93.907
G0 X95.136 Y93.48
G0 X92.76 Y93.685
;TYPE:WALL-INNER
G1 F3600 X94.162 Y93.94 E0.03555
G1 X96.92 Y94.192 E0.06909
G1 X99.484 Y94.294 E0.06401
G1 X100.06 Y94.332 E0.0144
G1 X103.115 Y94.372 E0.07621
G1 X104.445 Y94.403 E0.03319
G1 X105.367 Y94.412 E0.023
G1 X105.867 Y94.431 E0.01248
G1 X105.956 Y94.434 E0.00222
G1 X106.196 Y93.478 E0.02459
G1 X106.383 Y92.421 E0.02678
G1 X106.503 Y91.651 E0.01944
G1 X106.629 Y89.966 E0.04215
G1 X106.446 Y88.275 E0.04243
G1 X106.302 Y87.544 E0.01859
G1 X105.823 Y86.357 E0.03193
G1 X105.6 Y85.501 E0.02207
G1 X105.518 Y85.502 E0.00205
G1 X103.037 Y85.536 E0.06189
G1 X100.067 Y85.557 E0.07409
G1 X99.442 Y85.6 E0.01563
G1 X96.932 Y85.703 E0.06266
G1 X96.022 Y85.81 E0.02286
G1 X94.163 Y85.987 E0.04658
G1 X92.817 Y86.231 E0.03412
G1 X91.754 Y86.31 E0.02659
G1 X91.472 Y86.341 E0.00708
G1 X91.434 Y86.345 E0.00095
G1 X91.997 Y86.562 E0.01505
G1 X92.773 Y86.726 E0.01978
G1 X93.039 Y86.972 E0.00904
G1 X93.447 Y87.632 E0.01936
G1 X93.525 Y87.831 E0.00533
G1 X93.751 Y88.974 E0.02906
G1 X93.983 Y89.466 E0.01357
G1 X94.062 Y89.634 E0.00463
G1 X94.095 Y89.703 E0.00191
G1 X94.12 Y89.899 E0.00493
G1 X94.093 Y90.072 E0.00437
G1 X93.771 Y90.86 E0.02123
G1 X93.55 Y92.035 E0.02982
G1 X93.48 Y92.227 E0.0051
G1 X93.067 Y92.935 E0.02045
G1 X92.729 Y93.204 E0.01078
G1 X91.981 Y93.426 E0.01946
G1 X91.575 Y93.586 E0.01089
G1 X91.686 Y93.595 E0.00278
G1 X92.76 Y93.685 E0.02688
G1 F4200 E-3.5
G0 F7200 X95.186 Y93.48
G0 X90.725 Y93.717
G0 X89.916 Y92.889
G0 X88.529 Y93.085
G0 X87.733 Y93.828
G0 X85.222 Y92.091
G0 X85.399 Y92.14
G1 F4200 E3.5
G1 F3600 X85.447 Y91.603 E0.01345
G1 X85.551 Y90.444 E0.02903
G1 X85.432 Y90.157 E0.00775
G1 X85.389 Y90.053 E0.00281
G1 X85.456 Y88.142 E0.0477
G1 X85.492 Y87.957 E0.0047
G1 X85.536 Y87.887 E0.00206
G1 X85.623 Y87.748 E0.00409
G1 X85.915 Y87.465 E0.01014
G1 F1500 X87.613 Y86.358 E0.04045
G1 F3600 X87.578 Y86.352 E0.00089
G1 X85.709 Y86.028 E0.04732
G1 X83.079 Y85.787 E0.06588
G1 X80.064 Y85.657 E0.07528
G1 X77.929 Y85.668 E0.05326
G1 X74.794 Y85.574 E0.07824
G1 X74.663 Y85.57 E0.00327
G1 F1500 X74.027 Y87.542 E0.04135
G1 F3600 X73.948 Y88.835 E0.03231
G1 X73.901 Y90.005 E0.02921
G1 X73.97 Y91.142 E0.02841
G1 X74.093 Y92.435 E0.0324
G1 X74.426 Y93.227 E0.02143
G1 X74.792 Y94.43 E0.03137
G1 X74.877 Y94.429 E0.00212
G1 X79.111 Y94.375 E0.10563
G1 X83.049 Y94.24 E0.09829
G1 X84.655 Y94.089 E0.04024
G1 X85.632 Y94.016 E0.02444
G1 X87.194 Y93.713 E0.03969
G1 X87.247 Y93.703 E0.00135
G1 X85.658 Y92.564 E0.04877
G1 X85.502 Y92.399 E0.00566
G1 X85.455 Y92.28 E0.00319
G1 X85.399 Y92.14 E0.00376
G1 F4200 E-3.5
G0 F7200 X85.083 Y92.071
G0 X87.733 Y93.828
G0 X88.529 Y93.085
G0 X89.916 Y92.889
G0 X90.725 Y93.717
G0 X95.12 Y93.854
G0 X92.688 Y94.079
;TYPE:WALL-OUTER
G1 F4200 E3.5
G1 F1800 X94.108 Y94.337 E0.036
G1 X96.894 Y94.592 E0.06979
G1 X99.458 Y94.693 E0.06401
G1 X100.044 Y94.732 E0.01465
G1 X103.105 Y94.772 E0.07636
G1 X104.441 Y94.803 E0.03334
G1 X105.352 Y94.812 E0.02273
G1 X105.767 Y94.827 E0.01036
G1 X106.265 Y94.846 E0.01243
G1 X106.588 Y93.562 E0.03303
G1 X106.778 Y92.483 E0.02733
G1 X106.901 Y91.697 E0.01985
G1 X107.031 Y89.96 E0.04345
G1 X106.842 Y88.215 E0.04378
G1 X106.687 Y87.43 E0.01996
G1 X106.186 Y86.182 E0.03355
G1 X105.909 Y85.093 E0.02803
G1 X105.419 Y85.106 E0.01223
G1 X105.167 Y85.112 E0.00629
G1 X100.052 Y85.157 E0.1276
G1 X99.426 Y85.2 E0.01565
G1 X96.9 Y85.304 E0.06306
G1 X95.984 Y85.412 E0.02301
G1 X94.108 Y85.591 E0.04701
G1 X92.787 Y85.832 E0.0335
G1 X91.712 Y85.912 E0.02689
G1 X90.764 Y86.015 E0.02379
G1 X89.942 Y86.104 E0.02062
G1 X88.305 Y85.988 E0.04094
G1 X87.485 Y85.93 E0.02051
G1 X85.761 Y85.631 E0.04365
G1 X83.106 Y85.388 E0.06651
G1 X80.072 Y85.257 E0.07575
G1 X77.941 Y85.268 E0.05316
G1 X74.92 Y85.177 E0.07539
G1 X74.373 Y85.161 E0.01365
G1 X73.967 Y86.443 E0.03354
G1 X73.631 Y87.466 E0.02686
G1 X73.548 Y88.815 E0.03371
G1 X73.501 Y90.009 E0.02981
G1 X73.576 Y91.232 E0.03057
G1 X73.701 Y92.534 E0.03263
G1 X74.057 Y93.382 E0.02294
G1 X74.496 Y94.834 E0.03784
G1 X74.998 Y94.828 E0.01252
G1 X79.125 Y94.775 E0.10296
G1 X83.075 Y94.64 E0.09859
G1 X84.685 Y94.488 E0.04034
G1 X85.685 Y94.413 E0.02502
G1 X87.556 Y94.052 E0.04753
G1 F1694.1 X87.631 Y94.043 E0.002
G1 X88.271 Y93.965 E0.01709
G1 F1640.1 X88.137 Y93.902 E0.00405
G1 F1739.1 X87.865 Y93.653 E0.00952
G1 F1500 X85.847 Y92.207 E0.04954
G1 F1800 X85.805 Y92.096 E0.00296
G1 X85.959 Y90.375 E0.0431
G1 X85.791 Y89.992 E0.01043
G1 X85.802 Y89.688 E0.00759
G1 X85.848 Y88.406 E0.032
G1 X85.858 Y88.112 E0.00734
G1 X86.134 Y87.8 E0.01039
G1 F1500 X88.026 Y86.565 E0.04509
G1 F1800 X89.45 Y86.35 E0.03592
G1 X89.937 Y86.109 E0.01355
G1 X90.076 Y86.139 E0.00355
G1 X90.631 Y86.459 E0.01598
G1 X91.882 Y86.947 E0.0335
G1 X92.659 Y87.118 E0.01985
G1 X93.126 Y87.872 E0.02212
G1 X93.368 Y89.1 E0.03122
G1 X93.713 Y89.839 E0.02034
G1 X93.711 Y89.952 E0.00282
G1 X93.385 Y90.746 E0.02141
G1 X93.15 Y91.997 E0.03175
G1 X92.721 Y92.733 E0.02125
G1 X92.609 Y92.823 E0.00358
G1 X91.854 Y93.046 E0.01964
G1 X90.318 Y93.658 E0.04125
G1 F1914.9 X89.859 Y93.901 E0.01218
G1 X90.366 Y93.891 E0.01189
G1 F1800 X90.933 Y93.937 E0.01419
G1 X92.688 Y94.079 E0.04392
G0 F7200 X92.884 Y94.114
G1 F4200 E-3.5
G0 F7200 X95.187 Y93.52
G0 X90.725 Y93.717
G0 X89.916 Y92.889
G0 X88.529 Y93.085
G0 X88.271 Y93.965
G1 F4200 E3.5
G1 F1822.8 X89.084 Y93.935 E0.02004
G1 X89.61 Y93.916 E0.01297
G1 X89.771 Y93.91 E0.00397
G1 F4200 E-3.5
G0 F7200 X90.725 Y93.717
G0 X94.276 Y87.562
;TYPE:SKIN
G1 F4200 E3.5
G1 F1636.4 X94.116 Y87.191 E0.01109
G1 X93.898 Y86.844 E0.01124
G1 X94.477 Y86.759 E0.01606
G1 X94.491 Y87.209 E0.01235
G1 X94.445 Y88.371 E0.03191
G1 X94.276 Y87.562 E0.02268
G0 F7200 X93.623 Y87.816
G0 X92.428 Y86.455
G0 X94.186 Y86.147
G0 X95.115 Y86.071
G0 X95.123 Y89.92
G0 X94.481 Y89.935
G1 F1884.8 X94.443 Y89.561 E0.00896
G1 F1827.4 X94.112 Y88.848 E0.01931
G1 F1800 X93.887 Y87.722 E0.02864
G1 X93.761 Y87.416 E0.00825
G1 X93.329 Y86.733 E0.02016
G1 X93.14 Y86.558 E0.00643
G1 X94.212 Y86.363 E0.02718
G1 X94.902 Y86.297 E0.01729
G1 X94.899 Y87.137 E0.02095
G1 X94.914 Y87.179 E0.00111
G1 F1818.2 X94.833 Y89.436 E0.05577
G1 F1875 X94.856 Y89.948 E0.01227
G1 F1870.1 X94.827 Y90.438 E0.01179
G1 F1813.6 X94.906 Y93.624 E0.0789
G1 F1800 X94.207 Y93.561 E0.01751
G1 X93.116 Y93.363 E0.02766
G1 X93.378 Y93.155 E0.00834
G1 X93.809 Y92.417 E0.02132
G1 X93.916 Y92.133 E0.00757
G1 X94.133 Y90.977 E0.02934
G1 F1827.4 X94.455 Y90.166 E0.02144
G1 F1884.8 X94.481 Y89.935 E0.00554
G0 F7200 X95.123 Y89.92
G0 X95.12 Y93.854
G0 X94.184 Y93.781
G0 X92.555 Y93.454
G0 X93.65 Y92.052
G0 X94.336 Y92.18
G1 F1640.1 X94.437 Y91.614 E0.01574
G1 X94.475 Y93.163 E0.04242
G1 X93.9 Y93.079 E0.01591
G1 X94.202 Y92.563 E0.01637
G1 X94.336 Y92.18 E0.01111
G1 F4200 E-3.5
G0 F7200 X93.65 Y92.052
G0 X92.826 Y92.987
G0 X92.11 Y92.072
G0 X88.529 Y93.085
G0 X87.733 Y93.828
G0 X85.222 Y92.091
G0 X84.744 Y92.743
G0 X85.389 Y92.944
G1 F4200 E3.5
G1 F1260.9 X86.099 Y93.451 E0.03107
G1 X85.574 Y93.553 E0.01904
G1 X85.076 Y93.589 E0.01778
G1 X85.109 Y92.641 E0.03378
G1 X85.389 Y92.944 E0.01469
G0 F7200 X84.744 Y92.743
G0 X85.625 Y87.981
G0 X85.535 Y86.805
G1 F1722.5 X85.509 Y86.85 E0.00135
G1 X85.457 Y86.85 E0.00136
G1 X85.431 Y86.805 E0.00135
G1 X85.457 Y86.76 E0.00135
G1 X85.509 Y86.76 E0.00136
G1 X85.535 Y86.805 E0.00135
G0 F7200 X85.678 Y87.166
G1 F1800 X85.354 Y87.474 E0.01115
G1 X85.119 Y87.799 E0.01
G1 X85.058 Y86.348 E0.03623
G1 X85.661 Y86.403 E0.0151
G1 X86.598 Y86.564 E0.02372
G1 X85.678 Y87.166 E0.02743
G0 F7200 X85.87 Y87.374
G0 X85.24 Y88.093
G0 X75.756 Y93.116
G0 X75.472 Y93.102
G1 F1800 X75.514 Y94.038 E0.02337
G1 X75.072 Y94.045 E0.01103
G1 X74.784 Y93.101 E0.02462
G1 X74.465 Y92.342 E0.02054
G1 X74.353 Y91.178 E0.02917
G1 X74.281 Y90.006 E0.02929
G1 X74.324 Y88.89 E0.02786
G1 X74.402 Y87.614 E0.03189
G1 X74.937 Y85.958 E0.04341
G1 X75.539 Y85.978 E0.01503
G1 X75.5 Y86.914 E0.02337
G1 X75.535 Y87.428 E0.01285
G1 X75.544 Y87.944 E0.01287
G1 X75.711 Y90.002 E0.05151
G1 X75.52 Y92.053 E0.05138
G1 X75.508 Y92.557 E0.01258
G1 X75.472 Y93.102 E0.01362
G0 F7200 X75.105 Y93.469
G1 F1800 X75.28 Y93.294 E0.00617
G0 F7200 X74.972 Y93.037
G1 F1800 X75.297 Y92.712 E0.01147
G0 F7200 X74.807 Y92.636
G1 F1800 X75.318 Y92.125 E0.01803
G0 F7200 X75.37 Y91.507
G1 F1800 X74.655 Y92.222 E0.02522
G0 F7200 X74.605 Y91.707
G1 F1800 X75.428 Y90.884 E0.02903
G0 F7200 X75.486 Y90.26
G1 F1800 X74.555 Y91.191 E0.03284
G0 F7200 X74.521 Y90.659
G1 F1800 X75.484 Y89.696 E0.03397
G0 F7200 X75.443 Y89.172
G1 F1800 X74.489 Y90.126 E0.03365
G0 F7200 X74.499 Y89.549
G1 F1800 X75.4 Y88.649 E0.03177
G0 F7200 X75.358 Y88.125
G1 F1800 X74.522 Y88.961 E0.02949
G0 F7200 X74.557 Y88.36
G1 F1800 X75.338 Y87.579 E0.02755
G0 F7200 X75.31 Y87.042
G1 F1800 X74.594 Y87.758 E0.02526
G1 X74.524 Y87.828
G0 F7200 X74.823 Y86.963
G1 F1800 X75.317 Y86.469 E0.01743
G1 F4200 E-3.5
G0 F7200 X75.797 Y86.49
G0 X84.85 Y86.123
G0 X87.95 Y86.359
G0 X90.729 Y86.262
G0 X95.115 Y86.071
G0 X104.215 Y90.101
G0 X104.493 Y90.104
G1 F4200 E3.5
G1 F1800 X104.373 Y87.474 E0.06567
G1 X104.4 Y86.992 E0.01204
G1 X104.373 Y85.898 E0.0273
G1 X105.305 Y85.886 E0.02325
G1 X105.442 Y86.422 E0.0138
G1 X105.935 Y87.657 E0.03317
G1 X106.066 Y88.327 E0.01703
G1 X106.247 Y89.976 E0.04138
G1 X106.12 Y91.609 E0.04086
G1 X106.007 Y92.349 E0.01867
G1 X105.812 Y93.43 E0.0274
G1 X105.663 Y94.034 E0.01552
G1 X104.473 Y94.021 E0.02969
G1 X104.432 Y92.948 E0.02679
G1 X104.401 Y92.524 E0.0106
G1 X104.493 Y90.104 E0.06041
G0 F7200 X104.215 Y90.102
G0 X104.196 Y91.474
G0 X104.249 Y94.151
G0 X105.291 Y93.83
G1 F1800 X105.577 Y93.544 E0.01009
G0 F7200 X105.715 Y92.841
G1 F1800 X104.731 Y93.825 E0.03471
G0 F7200 X104.648 Y93.342
G1 F1800 X105.833 Y92.157 E0.0418
G0 F7200 X105.927 Y91.497
G1 F1800 X104.623 Y92.801 E0.046
G0 F7200 X104.612 Y92.246
G1 F1800 X105.976 Y90.883 E0.0481
G0 F7200 X106.024 Y90.269
G1 F1800 X104.635 Y91.658 E0.049
G0 F7200 X104.657 Y91.07
G1 F1800 X106.017 Y89.711 E0.04796
G0 F7200 X105.961 Y89.201
G1 F1800 X104.679 Y90.482 E0.04521
G0 F7200 X104.684 Y89.911
G1 F1800 X105.904 Y88.692 E0.04302
G0 F7200 X105.836 Y88.195
G1 F1800 X104.66 Y89.371 E0.04149
G0 F7200 X104.635 Y88.83
G1 F1800 X105.742 Y87.722 E0.03907
G0 F7200 X105.582 Y87.316
G1 F1800 X104.61 Y88.289 E0.03431
G0 F7200 X104.585 Y87.748
G1 F1800 X105.42 Y86.913 E0.02946
G0 F7200 X105.26 Y86.507
G1 F1800 X104.579 Y87.188 E0.02402
G0 F7200 X104.59 Y86.611
G1 F1800 X105.114 Y86.088 E0.01847
G1 F4200 E-3.5
;MESH:NONMESH
G0 F600 X105.114 Y86.088 Z11
G0 F7200 X105.613 Y85.961
G0 X90.729 Y86.262
G0 X88.875 Y86.234
G0 X84.836 Y86.137
G0 X75.785 Y86.942
G0 X75.639 Y86.952
;TIME_ELAPSED:651.015163
;LAYER:72
;TYPE:FILL
;MESH:pi 3mm_deformed_tet.stl
G1 F4200 E3.5
G1 F3600 X82.778 Y94.092 E0.25187
G1 X82.848 Y94.162
G0 F7200 X82.842 Y93.953
G0 X75.754 Y93.067
G0 X75.614 Y93.072
G1 F3600 X82.756 Y85.93 E0.25195
G1 X82.826 Y85.86
G1 F4200 E-3.5
G0 F7200 X82.817 Y86.074
G0 X89.634 Y86.29
G0 X97.169 Y85.991
G0 X97.164 Y85.85
G1 F4200 E3.5
G1 F3600 X104.296 Y92.982 E0.2516
G1 X104.366 Y93.052
G0 F7200 X104.16 Y93.059
G0 X104.121 Y87.054
G0 X104.261 Y87.052
G1 F3600 X97.263 Y94.05 E0.24687
G1 X97.193 Y94.12
G0 F7200 X97.201 Y93.912
G0 X95.517 Y93.87
G0 X91.458 Y93.513
G0 X90.726 Y93.556
;TYPE:WALL-INNER
G1 F3600 X93.064 Y93.753 E0.05853
G1 X94.117 Y93.944 E0.0267
G1 X96.931 Y94.197 E0.07048
G1 X99.675 Y94.307 E0.0685
G1 X100.063 Y94.332 E0.0097
G1 X103.106 Y94.372 E0.07591
G1 X104.161 Y94.396 E0.02632
G1 X105.441 Y94.408 E0.03193
G1 X106.37 Y94.44 E0.02319
G1 X106.456 Y94.443 E0.00215
G1 X106.844 Y92.907 E0.03952
G1 X106.975 Y92.145 E0.01929
G1 F1500 X107.145 Y89.966 E0.04362
G1 X106.891 Y87.633 E0.04683
G1 F3600 X106.224 Y85.986 E0.04433
G1 X106.094 Y85.493 E0.01272
G1 X106.014 Y85.495 E0.002
G1 X105.263 Y85.516 E0.01874
G1 X102.439 Y85.548 E0.07045
G1 X100.063 Y85.557 E0.05927
G1 X99.619 Y85.588 E0.0111
G1 X96.941 Y85.699 E0.06686
G1 X96.358 Y85.77 E0.01465
G1 X94.123 Y85.983 E0.056
G1 X93.1 Y86.167 E0.02593
G1 X91.678 Y86.27 E0.03556
G1 X90.693 Y86.378 E0.02472
G1 X91.277 Y86.712 E0.01678
G1 X91.356 Y86.757 E0.00227
G1 X91.967 Y86.994 E0.01635
G1 X92.303 Y87.064 E0.00856
G1 X92.639 Y87.264 E0.00975
G1 X92.963 Y87.771 E0.01501
G1 X93.107 Y88.486 E0.01819
G1 X93.344 Y88.981 E0.01369
G1 X93.678 Y89.678 E0.01928
G1 X93.682 Y89.71 E0.0008
G1 X93.7 Y89.871 E0.00404
G1 X93.655 Y90.09 E0.00558
G1 X93.142 Y91.329 E0.03345
G1 X93.009 Y92.032 E0.01785
G1 X92.659 Y92.659 E0.01791
G1 X92.368 Y92.831 E0.00843
G1 X91.952 Y92.957 E0.01084
G1 X91.155 Y93.275 E0.02141
G1 X90.957 Y93.405 E0.00591
G1 X90.726 Y93.556 E0.00688
G1 F4200 E-3.5
G0 F7200 X91.458 Y93.513
G0 X90.15 Y93.707
G0 X89.611 Y92.781
G0 X87.41 Y90.945
G0 X86.332 Y90.849
G0 X85.77 Y89.637
G0 X85.82 Y90.16
G1 F4200 E3.5
G1 F3600 X85.792 Y89.98 E0.00454
G1 X85.844 Y88.486 E0.03729
G1 X85.88 Y88.302 E0.00468
G1 X86.009 Y88.093 E0.00613
G1 X86.467 Y87.613 E0.01655
G1 X87.797 Y86.752 E0.03952
G1 X88.032 Y86.663 E0.00627
G1 X88.901 Y86.529 E0.02193
G1 X89.136 Y86.415 E0.00652
G1 X89.065 Y86.41 E0.00178
G1 X87.185 Y86.275 E0.04702
G1 X85.749 Y86.028 E0.03635
G1 X83.068 Y85.783 E0.06716
G1 X80.068 Y85.657 E0.0749
G1 X77.767 Y85.668 E0.0574
G1 X74.723 Y85.58 E0.07596
G1 X74.247 Y85.56 E0.01188
G1 X74.118 Y85.555 E0.00322
G1 X73.923 Y86.173 E0.01617
G1 X73.475 Y87.526 E0.03555
G1 X73.368 Y89.35 E0.04558
G1 X73.341 Y90.009 E0.01645
G1 X73.383 Y90.672 E0.01657
G1 X73.553 Y92.447 E0.04448
G1 X74.038 Y93.599 E0.03118
G1 X74.292 Y94.434 E0.02177
G1 X74.378 Y94.433 E0.00215
G1 X79.295 Y94.367 E0.12267
G1 X83.037 Y94.244 E0.09339
G1 X84.334 Y94.121 E0.0325
G1 X85.676 Y94.02 E0.03357
G1 X87.198 Y93.726 E0.03867
G1 X87.883 Y93.668 E0.01715
G1 X87.907 Y93.666 E0.0006
G1 X87.674 Y93.47 E0.0076
G1 X86.234 Y92.438 E0.04419
G1 X86.096 Y92.233 E0.00616
G1 X86.043 Y92.027 E0.00531
G1 X86.144 Y90.878 E0.02877
G1 X85.956 Y90.462 E0.01139
G1 X85.82 Y90.16 E0.00826
G1 F4200 E-3.5
G0 F7200 X85.561 Y89.284
G0 X86.332 Y90.849
G0 X87.41 Y90.945
G0 X89.611 Y92.781
G0 X90.092 Y93.858
;TYPE:WALL-OUTER
G1 F4200 E3.5
G1 F1600 X91.189 Y93.994 E0.03102
G1 F1800 X92.974 Y94.144 E0.04468
G1 X94.063 Y94.341 E0.02761
G1 X96.905 Y94.596 E0.07118
G1 X99.649 Y94.706 E0.0685
G1 X100.048 Y94.732 E0.00997
G1 X103.097 Y94.772 E0.07606
G1 X104.157 Y94.796 E0.02645
G1 X105.427 Y94.808 E0.03168
G1 X106.269 Y94.837 E0.02102
G1 X106.765 Y94.854 E0.01238
G1 X107.236 Y92.99 E0.04796
G1 X107.373 Y92.195 E0.02012
G1 F1500 X107.547 Y89.96 E0.04474
G1 X107.31 Y87.783 E0.0437
G1 F1800 X107.239 Y87.426 E0.00908
G1 X106.594 Y85.836 E0.0428
G1 X106.404 Y85.085 E0.01932
G1 X105.915 Y85.098 E0.0122
G1 X105.259 Y85.116 E0.01637
G1 X102.437 Y85.148 E0.0704
G1 X100.048 Y85.157 E0.05959
G1 X99.603 Y85.188 E0.01113
G1 X96.909 Y85.3 E0.06726
G1 X96.32 Y85.372 E0.0148
G1 X94.068 Y85.587 E0.05643
G1 X93.071 Y85.768 E0.02528
G1 X91.635 Y85.872 E0.03591
G1 X90.322 Y86.016 E0.03295
G1 F1782.2 X89.646 Y86.051 E0.01705
G1 F1786.6 X87.213 Y85.876 E0.0613
G1 F1800 X85.801 Y85.631 E0.03575
G1 X83.094 Y85.384 E0.06781
G1 X80.076 Y85.257 E0.07535
G1 X77.779 Y85.268 E0.0573
G1 X74.739 Y85.18 E0.07586
G1 X74.372 Y85.165 E0.00916
G1 X73.829 Y85.143 E0.01356
G1 X73.543 Y86.047 E0.02365
G1 X73.079 Y87.45 E0.03686
G1 X72.968 Y89.33 E0.04698
G1 X72.941 Y90.013 E0.01705
G1 X72.984 Y90.704 E0.01727
G1 X73.161 Y92.546 E0.04616
G1 X73.669 Y93.754 E0.03269
G1 X74 Y94.851 E0.02858
G1 X74.499 Y94.835 E0.01245
G1 X74.737 Y94.828 E0.00594
G1 X79.308 Y94.767 E0.11403
G1 X83.063 Y94.644 E0.09372
G1 X84.364 Y94.52 E0.0326
G1 X85.729 Y94.417 E0.03415
G1 X87.296 Y94.116 E0.0398
G1 F1818.2 X88.556 Y94.009 E0.03123
G1 F1925.1 X88.686 Y94 E0.00304
G1 X89.179 Y93.966 E0.01153
G1 F1406.2 X89.544 Y93.774 E0.01317
G1 X89.165 Y93.61 E0.01319
G1 F1925.1 X88.54 Y93.617 E0.01458
G1 F1827.4 X88.416 Y93.571 E0.00325
G1 F1809 X87.92 Y93.154 E0.01608
G1 F1800 X86.505 Y92.137 E0.04347
G1 X86.448 Y92.014 E0.00338
G1 X86.552 Y90.808 E0.0302
G1 X86.19 Y90.015 E0.02175
G1 X86.232 Y88.853 E0.02901
G1 X86.247 Y88.422 E0.01076
G1 X86.743 Y87.912 E0.01775
G1 X88.051 Y87.064 E0.03889
G1 X89.023 Y86.915 E0.02453
G1 F1756.1 X89.67 Y86.594 E0.01847
G1 X89.942 Y86.459 E0.00776
G1 F1747.6 X90.089 Y86.488 E0.00385
G1 F1786.6 X90.76 Y86.875 E0.01947
G1 X91.183 Y87.119 E0.01227
G1 F1800 X91.853 Y87.379 E0.01793
G1 X92.221 Y87.456 E0.00938
G1 X92.333 Y87.522 E0.00324
G1 X92.601 Y87.974 E0.01311
G1 X92.724 Y88.612 E0.01621
G1 X93.294 Y89.81 E0.03309
G1 X93.297 Y89.899 E0.00222
G1 X92.757 Y91.214 E0.03546
G1 X92.62 Y91.923 E0.01801
G1 X92.338 Y92.398 E0.01378
G1 X91.834 Y92.574 E0.01332
G1 X90.969 Y92.919 E0.02323
G1 F1600 X90.455 Y93.289 E0.01777
G1 X90.026 Y93.599 E0.01485
G1 F1228.7 X90.02 Y93.606 E0.00034
G1 X89.861 Y93.774 E0.00845
G1 X90.04 Y93.839 E0.00696
G1 X90.092 Y93.858 E0.00202
G0 F7200 X90.29 Y93.882
G0 X89.544 Y93.774
G1 F1076.2 X89.861 Y93.774 E0.01323
G0 F7200 X90.227 Y93.687
G0 X92.488 Y92.627
G0 X93.712 Y90.215
G0 X94.164 Y89.923
;TYPE:SKIN
G1 F1232.9 X94.139 Y89.568 E0.01296
G1 F1316.3 X94.07 Y89.499 E0.00333
G1 F1600 X93.468 Y88.359 E0.03618
G1 F1800 X93.311 Y87.613 E0.01902
G1 X92.913 Y86.999 E0.01825
G1 X92.44 Y86.712 E0.0138
G1 X92.073 Y86.625 E0.00941
G1 X93.123 Y86.548 E0.02626
G1 X94.172 Y86.359 E0.02659
G1 X94.902 Y86.289 E0.01829
G1 X94.898 Y87.129 E0.02095
G1 X94.914 Y87.17 E0.0011
G1 X94.878 Y88.155 E0.02459
G1 F1600 X94.784 Y89.351 E0.03367
G1 F1316.3 X94.73 Y89.539 E0.00667
G1 F1232.9 X94.734 Y89.976 E0.01592
G1 F1478.4 X94.824 Y90.389 E0.01284
G1 F1800 X94.906 Y93.632 E0.08092
G1 X94.163 Y93.565 E0.01861
G1 X93.11 Y93.376 E0.02669
G1 X92.146 Y93.291 E0.02414
G1 X92.519 Y93.176 E0.00974
G1 X92.952 Y92.909 E0.01269
G1 X93.371 Y92.167 E0.02126
G1 X93.505 Y91.446 E0.01829
G1 X94.005 Y90.237 E0.03264
G1 F1478.4 X94.164 Y89.923 E0.01069
G0 F7200 X93.712 Y90.215
G0 X92.764 Y87.163
G0 X91.428 Y86.613
G0 X95.114 Y86.063
G0 X94.454 Y86.534
G1 F1800 X94.7 Y86.78 E0.00868
G0 F7200 X94.708 Y87.354
G1 F1800 X93.956 Y86.602 E0.02653
G0 F7200 X93.476 Y86.688
G1 F1800 X94.688 Y87.9 E0.04276
G0 F7200 X94.645 Y88.422
G1 F1800 X92.996 Y86.773 E0.05817
G1 X92.926 Y86.703
G0 F7200 X92.897 Y86.283
G0 X91.288 Y86.504
G0 X93.017 Y87.67
G0 X93.584 Y87.927
G1 F1800 X94.584 Y88.927 E0.03528
G0 F7200 X94.498 Y89.407
G1 F1800 X94.037 Y88.946 E0.01626
G0 F7200 X93.55 Y89.179
G0 X93.74 Y90.147
G0 X94.225 Y90.265
G1 F1800 X94.631 Y90.672 E0.01434
G0 F7200 X94.646 Y91.252
G1 F1800 X94.048 Y90.654 E0.0211
G0 F7200 X93.883 Y91.054
G1 F1800 X94.661 Y91.833 E0.02746
G0 F7200 X94.676 Y92.413
G1 F1800 X93.718 Y91.455 E0.0338
G0 F7200 X93.62 Y91.922
G1 F1800 X94.691 Y92.994 E0.0378
G0 F7200 X94.529 Y93.397
G1 F1800 X93.491 Y92.359 E0.03662
G0 F7200 X93.287 Y92.721
G1 F1800 X93.876 Y93.311 E0.0208
G0 F7200 X93.187 Y93.187
G1 F1800 X93.067 Y93.067 E0.00423
G1 F4200 E-3.5
G0 F7200 X95.186 Y93.478
G0 X90.15 Y93.707
G0 X88.35 Y93.806
G0 X84.775 Y93.913
G0 X85.377 Y93.28
G1 F4200 E3.5
G1 F2057.1 X85.399 Y92.655 E0.01365
G1 X85.418 Y92.569 E0.00192
G1 X85.669 Y92.952 E0.00999
G1 X85.979 Y93.187 E0.00849
G1 X85.377 Y93.28 E0.0133
G0 F7200 X85.72 Y92.355
G1 F1739.1 X85.966 Y92.71 E0.01115
G1 F1800 X86.915 Y93.392 E0.02915
G1 X85.629 Y93.641 E0.03268
G1 X84.989 Y93.688 E0.01601
G1 X85.026 Y92.623 E0.02658
G1 F1551.7 X85.078 Y92.135 E0.0142
G1 F1313.9 X85.093 Y91.009 E0.03848
G1 F1422.9 X85.024 Y90.399 E0.01937
G1 F1690.1 X85.002 Y89.613 E0.02089
G1 F1764.7 X85.42 Y89.579 E0.01067
G1 F1690.1 X85.446 Y90.307 E0.01935
G1 F1519 X85.668 Y90.978 E0.02089
G1 F1395.3 X85.6 Y92.087 E0.03575
G1 F1506.3 X85.72 Y92.355 E0.00875
G0 F7200 X85.948 Y91.952
G0 X86.012 Y88.326
G0 X86.4 Y87.538
G0 X85.976 Y86.996
G1 F1809 X85.502 Y87.49 E0.01699
G1 X85.473 Y86.773 E0.01781
G1 X86.147 Y86.887 E0.01697
G1 X85.976 Y86.996 E0.00503
G0 F7200 X85.735 Y87.826
G1 F1800 X85.538 Y88.134 E0.00912
G1 F1813.6 X85.47 Y88.444 E0.00786
G1 F1836.7 X85.458 Y88.797 E0.00863
G1 F1850.9 X85.078 Y88.689 E0.00958
G1 F1827.4 X85.081 Y87.822 E0.0213
G1 F1800 X85.104 Y87.495 E0.00818
G1 X85.058 Y86.349 E0.02861
G1 X85.701 Y86.407 E0.0161
G1 X87.225 Y86.669 E0.03857
G1 X86.235 Y87.307 E0.02938
G1 X85.735 Y87.826 E0.01798
G0 F7200 X85.943 Y88.017
G0 X85.648 Y89.058
G0 X75.749 Y92.956
G0 X75.468 Y92.952
G1 F1800 X75.515 Y94.042 E0.02722
G1 X74.572 Y94.054 E0.02353
G1 X74.396 Y93.473 E0.01514
G1 X73.924 Y92.354 E0.0303
G1 X73.758 Y90.624 E0.04335
G1 X73.721 Y90.009 E0.01537
G1 X73.744 Y89.407 E0.01503
G1 X73.85 Y87.598 E0.0452
G1 X74.392 Y85.945 E0.04339
G1 X75.536 Y85.982 E0.02855
G1 X75.492 Y87.075 E0.02729
G1 X75.52 Y87.781 E0.01763
G1 X75.703 Y90.002 E0.05559
G1 X75.496 Y92.226 E0.05572
G1 X75.468 Y92.952 E0.01812
G0 F7200 X75.178 Y93.846
G1 F1800 X74.471 Y93.139 E0.02494
G1 X74.401 Y93.069
G0 F7200 X75.288 Y93.39
G1 F1800 X74.111 Y92.213 E0.04152
G0 F7200 X74.051 Y91.587
G1 F1800 X75.274 Y92.81 E0.04314
G0 F7200 X75.295 Y92.265
G1 F1800 X73.991 Y90.962 E0.04598
G0 F7200 X73.941 Y90.346
G1 F1800 X75.34 Y91.745 E0.04935
G0 F7200 X75.388 Y91.227
G1 F1800 X73.929 Y89.769 E0.05145
G0 F7200 X73.954 Y89.228
G1 F1800 X75.436 Y90.71 E0.05228
G0 F7200 X75.484 Y90.192
G1 F1800 X73.986 Y88.694 E0.05285
G0 F7200 X74.017 Y88.159
G1 F1800 X75.47 Y89.612 E0.05126
G0 F7200 X75.419 Y88.996
G1 F1800 X74.05 Y87.627 E0.0483
G0 F7200 X74.19 Y87.201
G1 F1800 X75.368 Y88.379 E0.04156
G0 F7200 X75.319 Y87.764
G1 F1800 X74.33 Y86.775 E0.03489
G0 F7200 X74.47 Y86.35
G1 F1800 X75.296 Y87.176 E0.02914
G0 F7200 X75.31 Y86.624
G1 F1800 X74.847 Y86.16 E0.01635
G1 F4200 E-3.5
G0 F7200 X74.862 Y85.681
G0 X85.727 Y86.188
G0 X87.891 Y86.518
G0 X90.056 Y86.235
G0 X95.114 Y86.063
G0 X104.224 Y90.09
G0 X104.504 Y90.092
G1 F4200 E3.5
G1 F1800 X104.393 Y87.389 E0.06748
G1 X104.404 Y87.138 E0.00627
G1 X104.373 Y85.906 E0.03074
G1 X105.801 Y85.881 E0.03563
G1 X105.863 Y86.106 E0.00582
G1 X106.516 Y87.722 E0.04348
G1 X106.763 Y89.976 E0.05656
G1 X106.597 Y92.099 E0.05312
G1 X106.472 Y92.822 E0.0183
G1 X106.161 Y94.054 E0.0317
G1 X105.452 Y94.028 E0.0177
G1 X104.477 Y94.014 E0.02432
G1 X104.428 Y92.792 E0.03051
G1 X104.409 Y92.524 E0.0067
G1 X104.504 Y90.092 E0.06071
G0 F7200 X104.224 Y90.091
G0 X104.205 Y91.471
G0 X104.252 Y94.149
G0 X105.137 Y93.823
G1 F1800 X104.648 Y93.334 E0.01725
G0 F7200 X104.62 Y92.741
G1 F1800 X105.716 Y93.837 E0.03866
G0 F7200 X106.065 Y93.62
G1 F1800 X104.623 Y92.178 E0.05087
G0 F7200 X104.644 Y91.633
G1 F1800 X106.178 Y93.168 E0.05413
G0 F7200 X106.288 Y92.712
G1 F1800 X104.665 Y91.089 E0.05726
G0 F7200 X104.686 Y90.544
G1 F1800 X106.371 Y92.229 E0.05944
G0 F7200 X106.427 Y91.719
G1 F1800 X104.699 Y89.991 E0.06096
G0 F7200 X104.675 Y89.402
G1 F1800 X106.468 Y91.194 E0.06324
G0 F7200 X106.509 Y90.669
G1 F1800 X104.651 Y88.812 E0.06553
G0 F7200 X104.627 Y88.222
G1 F1800 X106.549 Y90.144 E0.0678
G0 F7200 X106.514 Y89.544
G1 F1800 X104.602 Y87.632 E0.06745
G0 F7200 X104.602 Y87.065
G1 F1800 X106.445 Y88.909 E0.06503
G0 F7200 X106.375 Y88.273
G1 F1800 X104.587 Y86.486 E0.06306
G0 F7200 X104.769 Y86.102
G1 F1800 X106.24 Y87.572 E0.05188
G1 X106.31 Y87.642
G0 F7200 X106.72 Y87.477
G0 X106.301 Y86.444
G0 X105.857 Y86.624
G1 F1800 X105.325 Y86.092 E0.01877
G1 F4200 E-3.5
;MESH:NONMESH
G0 F600 X105.325 Y86.092 Z11.15
G0 F7200 X106.053 Y85.736
G0 X104.231 Y85.794
G0 X96.442 Y86.001
G0 X95.15 Y86.083
G0 X90.343 Y86.235
G0 X84.835 Y86.136
G0 X75.777 Y86.958
G0 X75.638 Y86.952
;TIME_ELAPSED:671.765489
;LAYER:73
;TYPE:FILL
;MESH:pi 3mm_deformed_tet.stl
G1 F4200 E3.5
G1 F3600 X82.782 Y94.095 E0.25201
G1 X82.852 Y94.165
G0 F7200 X82.846 Y93.955
G0 X75.752 Y93.067
G0 X75.614 Y93.072
G1 F3600 X82.756 Y85.93 E0.25195
G1 X82.826 Y85.86
G0 F7200 X82.817 Y86.071
G0 X88.809 Y86.225
G0 X97.166 Y85.988
G0 X97.161 Y85.847
G1 F3600 X104.302 Y92.988 E0.25192
G1 X104.372 Y93.058
G0 F7200 X104.164 Y93.066
G0 X104.122 Y87.058
G0 X104.257 Y87.056
G1 F3600 X97.256 Y94.057 E0.24698
G1 X97.186 Y94.127
G0 F7200 X97.195 Y93.917
G0 X95.471 Y93.877
G0 X90.934 Y93.51
G0 X90.256 Y93.557
;TYPE:WALL-INNER
G1 F3600 X91.589 Y93.662 E0.03335
G1 X93.368 Y93.82 E0.04455
G1 X94.072 Y93.944 E0.01783
G1 X96.947 Y94.205 E0.07201
G1 X100.056 Y94.328 E0.07761
G1 X103.148 Y94.369 E0.07714
G1 X103.888 Y94.388 E0.01847
G1 X105.522 Y94.404 E0.04076
G1 X106.87 Y94.452 E0.03365
G1 X106.959 Y94.455 E0.00222
G1 X107.433 Y92.562 E0.04868
G1 F1500 X107.637 Y89.964 E0.05201
G1 X107.383 Y87.471 E0.05001
G1 X106.576 Y85.485 E0.04278
G1 F3600 X106.508 Y85.487 E0.0017
G1 X105.351 Y85.52 E0.02887
G1 X103.11 Y85.544 E0.05591
G1 X100.06 Y85.56 E0.07608
G1 X96.947 Y85.695 E0.07773
G1 X94.079 Y85.979 E0.07189
G1 X93.432 Y86.094 E0.01639
G1 X91.604 Y86.234 E0.04573
G1 X90.514 Y86.352 E0.02735
G1 F3436.8 X89.97 Y86.394 E0.01426
G1 F3428.6 X90.3 Y86.49 E0.009
G1 F3582.1 X91.824 Y87.368 E0.04409
G1 X91.894 Y87.408 E0.00202
G1 F3600 X92.252 Y87.591 E0.01003
G1 X92.382 Y87.778 E0.00568
G1 X92.447 Y87.957 E0.00475
G1 X92.703 Y88.494 E0.01484
G1 X93.258 Y89.658 E0.03217
G1 X93.262 Y89.719 E0.00152
G1 X93.278 Y89.949 E0.00575
G1 F1500 X92.499 Y91.827 E0.04057
G1 F3600 X92.385 Y92.149 E0.00852
G1 X92.058 Y92.443 E0.01097
G1 X91.809 Y92.535 E0.00662
G1 X91.621 Y92.658 E0.0056
G1 X90.256 Y93.557 E0.04077
G0 F7200 X90.934 Y93.51
G0 X89.957 Y93.56
G0 X88.646 Y93.53
G0 X86.833 Y92.121
G0 X86.334 Y90.672
G0 X86.188 Y90.111
G1 F3600 X86.237 Y88.695 E0.03534
G1 X86.398 Y88.437 E0.00759
G1 X87.077 Y87.728 E0.02449
G1 X87.818 Y87.248 E0.02202
G1 X88.052 Y87.158 E0.00625
G1 X88.477 Y87.093 E0.01072
G1 F3495.1 X88.749 Y86.958 E0.0078
G1 X89.816 Y86.426 E0.03063
G1 X86.833 Y86.212 E0.07684
G1 F3600 X85.793 Y86.032 E0.02633
G1 X83.055 Y85.783 E0.06858
G1 X80.068 Y85.653 E0.07458
G1 X77.636 Y85.664 E0.06067
G1 X74.632 Y85.584 E0.07496
G1 X73.701 Y85.547 E0.02324
G1 X73.57 Y85.542 E0.00327
G1 F1500 X72.923 Y87.513 E0.0414
G1 X72.782 Y89.997 E0.04965
G1 X73.009 Y92.459 E0.04934
G1 F3600 X73.67 Y94.03 E0.04252
G1 X73.797 Y94.45 E0.01095
G1 X73.882 Y94.447 E0.00212
G1 X74.644 Y94.424 E0.01902
G1 X79.487 Y94.363 E0.12082
G1 X83.029 Y94.249 E0.0884
G1 X84.018 Y94.153 E0.02479
G1 X85.719 Y94.024 E0.04255
G1 X87.003 Y93.777 E0.03262
G1 X88.13 Y93.687 E0.0282
G1 X88.636 Y93.635 E0.01269
G1 X88.598 Y93.621 E0.00101
G1 X88.419 Y93.554 E0.00477
G1 X87.726 Y92.966 E0.02267
G1 X86.938 Y92.4 E0.0242
G1 X86.742 Y92.163 E0.00767
G1 X86.689 Y91.876 E0.00728
G1 X86.736 Y91.311 E0.01414
G1 X86.547 Y90.896 E0.01138
G1 X86.188 Y90.111 E0.02153
G0 F7200 X86.334 Y90.672
G0 X86.617 Y91.494
G0 X86.938 Y92.277
G0 X87.113 Y92.033
;TYPE:WALL-OUTER
G1 F1800 X87.088 Y91.895 E0.0035
G1 X87.144 Y91.24 E0.0164
G1 X86.785 Y90.448 E0.02169
G1 X86.595 Y90.028 E0.0115
G1 X86.621 Y89.195 E0.02079
G1 X86.634 Y88.768 E0.01066
G1 X87.319 Y88.053 E0.0247
G1 X88.035 Y87.584 E0.02135
G1 X88.599 Y87.479 E0.01431
G1 X89.244 Y87.161 E0.01794
G1 X89.964 Y86.806 E0.02002
G1 X90.1 Y86.838 E0.00349
G1 X91.314 Y87.537 E0.03494
G1 X91.73 Y87.776 E0.01197
G1 X91.972 Y87.877 E0.00654
G1 X92.492 Y88.983 E0.03049
G1 X92.725 Y89.478 E0.01365
G1 X92.871 Y89.787 E0.00853
G1 X92.877 Y89.869 E0.00205
G1 X92.124 Y91.687 E0.04909
G1 X92.027 Y91.97 E0.00746
G1 X91.918 Y92.068 E0.00366
G1 X91.627 Y92.176 E0.00774
G1 X91.097 Y92.524 E0.01582
G1 X90.036 Y93.22 E0.03165
G1 F1551.7 X89.873 Y93.376 E0.00653
G1 F1323.5 X89.018 Y93.377 E0.02901
G1 X88.802 Y93.377 E0.00733
G1 F1496.9 X88.678 Y93.249 E0.00535
G1 F1800 X87.972 Y92.65 E0.0231
G1 X87.113 Y92.033 E0.02638
G0 F7200 X87.088 Y91.895
G0 X87.093 Y91.836
G0 X86.594 Y91.791
G0 X88.646 Y93.53
G0 X89.393 Y93.897
G1 F1363.6 X89.918 Y93.897 E0.01729
G1 F1551.7 X90.256 Y93.96 E0.00995
G1 F1800 X91.554 Y94.06 E0.03247
G1 X93.299 Y94.214 E0.0437
G1 X94.019 Y94.341 E0.01824
G1 X96.921 Y94.604 E0.07269
G1 X100.046 Y94.728 E0.07801
G1 X103.138 Y94.769 E0.07714
G1 X103.884 Y94.788 E0.01862
G1 X105.508 Y94.804 E0.04051
G1 X106.77 Y94.848 E0.0315
G1 X107.269 Y94.866 E0.01246
G1 F1500 X107.829 Y92.627 E0.04606
G1 X108.039 Y89.959 E0.05341
G1 X107.775 Y87.373 E0.05187
G1 X106.998 Y85.46 E0.0412
G1 F1800 X106.901 Y85.077 E0.00986
G1 X106.409 Y85.091 E0.01228
G1 X105.347 Y85.12 E0.0265
G1 X103.106 Y85.144 E0.05591
G1 X100.047 Y85.16 E0.07631
G1 X96.919 Y85.296 E0.0781
G1 X94.024 Y85.583 E0.07257
G1 X93.36 Y85.7 E0.01682
G1 X91.562 Y85.836 E0.04498
G1 X90.494 Y85.952 E0.0268
G1 X89.465 Y86 E0.0257
G1 X86.901 Y85.818 E0.06412
G1 X85.845 Y85.635 E0.02673
G1 X83.082 Y85.384 E0.06921
G1 X80.076 Y85.253 E0.07506
G1 X77.646 Y85.264 E0.06062
G1 X74.648 Y85.184 E0.07481
G1 X73.827 Y85.152 E0.0205
G1 X73.281 Y85.13 E0.01363
G1 F1500 X72.527 Y87.438 E0.04845
G1 X72.381 Y90.004 E0.05129
G1 X72.617 Y92.558 E0.05118
G1 F1800 X73.288 Y94.146 E0.043
G1 X73.503 Y94.859 E0.01858
G1 X74.002 Y94.844 E0.01245
G1 X74.649 Y94.824 E0.01615
G1 X79.5 Y94.763 E0.12102
G1 X83.055 Y94.648 E0.08873
G1 X84.048 Y94.552 E0.02489
G1 X85.773 Y94.421 E0.04315
G1 X87.035 Y94.176 E0.03207
G1 X88.425 Y94.058 E0.0348
G1 F1496.9 X88.824 Y93.937 E0.01251
G1 F1321.1 X89.393 Y93.897 E0.01939
G0 F7200 X89.593 Y93.897
G0 X89.593 Y93.662
G0 X92.482 Y92.183
G0 X92.715 Y92.344
;TYPE:SKIN
G1 F1800 X92.867 Y91.933 E0.01093
G1 X93.581 Y90.209 E0.04655
G1 X93.651 Y89.938 E0.00698
G1 X93.613 Y89.517 E0.01054
G1 X92.797 Y87.805 E0.04731
G1 X92.71 Y87.591 E0.00576
G1 X92.475 Y87.287 E0.00958
G1 X92.065 Y87.066 E0.01162
G1 X91.313 Y86.636 E0.02161
G1 X93.472 Y86.472 E0.05401
G1 X94.124 Y86.355 E0.01652
G1 X94.906 Y86.278 E0.0196
G1 X94.898 Y87.133 E0.02133
G1 X94.914 Y87.178 E0.00119
G1 X94.812 Y89.956 E0.06934
G1 X94.908 Y93.638 E0.09188
G1 X94.115 Y93.565 E0.01987
G1 X93.423 Y93.441 E0.01754
G1 X91.385 Y93.265 E0.05103
G1 X91.987 Y92.872 E0.01793
G1 X92.25 Y92.761 E0.00712
G1 X92.715 Y92.344 E0.01558
G0 F7200 X92.482 Y92.183
G0 X90.809 Y93.412
G0 X95.066 Y93.867
G0 X94.415 Y93.393
G1 F1800 X94.694 Y93.114 E0.00984
G0 F7200 X94.679 Y92.562
G1 F1800 X93.915 Y93.327 E0.02697
G0 F7200 X93.434 Y93.242
G1 F1800 X94.665 Y92.011 E0.04343
G0 F7200 X94.65 Y91.46
G1 F1800 X92.914 Y93.197 E0.06126
G0 F7200 X92.393 Y93.152
G1 F1800 X94.636 Y90.908 E0.07915
G0 F7200 X94.622 Y90.357
G1 F1800 X93.109 Y91.87 E0.05338
G1 X93.039 Y91.94
G0 F7200 X92.632 Y91.771
G0 X93.319 Y90.115
G0 X93.51 Y90.904
G1 F1800 X94.617 Y89.797 E0.03905
G0 F7200 X94.638 Y89.209
G1 F1800 X93.839 Y90.009 E0.0282
G0 F7200 X93.8 Y89.482
G1 F1800 X94.66 Y88.622 E0.03034
G0 F7200 X94.682 Y88.035
G1 F1800 X93.63 Y89.086 E0.03709
G0 F7200 X93.447 Y88.704
G1 F1800 X94.704 Y87.447 E0.04434
G0 F7200 X94.701 Y86.884
G1 F1800 X93.265 Y88.32 E0.05066
G0 F7200 X93.082 Y87.937
G1 F1800 X94.501 Y86.519 E0.05004
G0 F7200 X93.845 Y86.609
G1 F1800 X92.905 Y87.548 E0.03314
G0 F7200 X92.678 Y87.21
G1 F1800 X93.197 Y86.691 E0.01831
G0 F7200 X92.584 Y86.739
G1 F1800 X92.338 Y86.984 E0.00866
G0 F7200 X92.109 Y87.409
G0 X90.014 Y86.521
G0 X87.985 Y87.334
G0 X87.183 Y87.857
G0 X86.401 Y88.67
G0 X86.355 Y89.937
G0 X86.958 Y92.538
G0 X86.416 Y92.358
G1 F1800 X86.714 Y92.707 E0.01145
G1 X87.598 Y93.345 E0.02719
G1 X86.967 Y93.396 E0.01579
G1 X85.673 Y93.645 E0.03287
G1 X84.988 Y93.696 E0.01713
G1 X85.033 Y92.386 E0.0327
G1 X85.021 Y92.219 E0.00418
G1 X85.005 Y89.97 E0.0561
G1 X85.112 Y87.658 E0.05773
G1 X85.058 Y86.348 E0.03271
G1 X85.746 Y86.411 E0.01723
G1 X86.785 Y86.588 E0.02629
G1 X88.404 Y86.705 E0.04049
G1 X87.952 Y86.792 E0.01148
G1 X87.648 Y86.909 E0.00813
G1 X86.847 Y87.419 E0.02369
G1 X86.123 Y88.169 E0.026
G1 X85.926 Y88.478 E0.00914
G1 X85.855 Y88.788 E0.00793
G1 X85.811 Y90.184 E0.03484
G1 X86.348 Y91.376 E0.03261
G1 X86.308 Y91.847 E0.01179
G1 X86.416 Y92.358 E0.01303
G0 F7200 X86.843 Y93.045
G1 F1800 X86.63 Y93.258 E0.00751
G0 F7200 X86.529 Y92.793
G1 F1800 X85.929 Y93.393 E0.02117
G0 F7200 X85.283 Y93.474
G1 F1800 X86.266 Y92.491 E0.03468
G0 F7200 X86.139 Y92.052
G1 F1800 X85.213 Y92.978 E0.03267
G0 F7200 X85.233 Y92.393
G1 F1800 X86.138 Y91.488 E0.03193
G0 F7200 X85.988 Y91.071
G1 F1800 X85.219 Y91.84 E0.02713
G0 F7200 X85.215 Y91.279
G1 F1800 X85.812 Y90.682 E0.02106
G0 F7200 X85.638 Y90.29
G1 F1800 X85.211 Y90.718 E0.01508
G0 F7200 X85.206 Y90.156
G1 F1800 X85.622 Y89.74 E0.01468
G0 F7200 X85.224 Y89.573
G1 F1800 X85.643 Y89.154 E0.01478
G0 F7200 X85.252 Y88.979
G1 F1800 X85.72 Y88.511 E0.01651
G0 F7200 X85.279 Y88.386
G1 F1800 X86.872 Y86.794 E0.05618
G0 F7200 X86.379 Y86.721
G1 F1800 X85.307 Y87.793 E0.03782
G0 F7200 X85.295 Y87.239
G1 F1800 X85.895 Y86.639 E0.02117
G0 F7200 X85.39 Y86.579
G1 F1800 X85.273 Y86.696 E0.00413
G0 F7200 X84.794 Y86.715
G0 X75.733 Y92.64
G0 X75.452 Y92.629
G1 F1800 X75.514 Y94.034 E0.03508
G1 X74.093 Y94.059 E0.03545
G1 X73.381 Y92.37 E0.04572
G1 X73.161 Y89.98 E0.05987
G1 X73.299 Y87.586 E0.05982
G1 X73.843 Y85.931 E0.04346
G1 X74.574 Y85.963 E0.01825
G1 X75.535 Y85.987 E0.02398
G1 X75.48 Y87.369 E0.0345
G1 X75.695 Y90.006 E0.066
G1 X75.452 Y92.629 E0.06571
G0 F7200 X75.282 Y93.292
G1 F1800 X74.728 Y93.847 E0.01956
G0 F7200 X74.204 Y93.805
G1 F1800 X75.259 Y92.75 E0.03722
G0 F7200 X75.296 Y92.147
G1 F1800 X74.036 Y93.407 E0.04445
G0 F7200 X73.869 Y93.009
G1 F1800 X75.353 Y91.524 E0.05237
G0 F7200 X75.411 Y90.901
G1 F1800 X73.701 Y92.61 E0.06031
G0 F7200 X73.565 Y92.181
G1 F1800 X75.468 Y90.278 E0.06713
G0 F7200 X75.47 Y89.711
G1 F1800 X73.518 Y91.662 E0.06884
G0 F7200 X73.471 Y91.144
G1 F1800 X75.428 Y89.187 E0.06904
G0 F7200 X75.386 Y88.663
G1 F1800 X73.422 Y90.626 E0.06927
G0 F7200 X73.375 Y90.108
G1 F1800 X75.344 Y88.139 E0.06946
G0 F7200 X75.302 Y87.615
G1 F1800 X73.388 Y89.529 E0.06752
G0 F7200 X73.422 Y88.929
G1 F1800 X75.291 Y87.061 E0.06592
G0 F7200 X75.315 Y86.471
G1 F1800 X73.457 Y88.329 E0.06555
G0 F7200 X73.491 Y87.729
G1 F1800 X75.048 Y86.172 E0.05493
G0 F7200 X74.501 Y86.154
G1 F1800 X73.726 Y86.929 E0.02734
G1 X73.656 Y86.999
G0 F7200 X73.152 Y87.143
G0 X73.693 Y85.716
G0 X91.622 Y86.394
G0 X95.035 Y86.052
G0 X104.265 Y89.967
G0 X104.544 Y89.98
G1 F1800 X104.508 Y89.745 E0.00593
G1 X104.405 Y87.391 E0.05878
G1 X104.37 Y85.91 E0.03695
G1 X105.351 Y85.9 E0.02447
G1 X106.322 Y85.872 E0.02423
G1 X107.007 Y87.561 E0.04547
G1 X107.255 Y89.967 E0.06034
G1 X107.057 Y92.491 E0.06315
G1 X106.661 Y94.062 E0.04041
G1 X105.531 Y94.024 E0.0282
G1 X104.481 Y94.01 E0.02619
G1 X104.421 Y92.515 E0.03732
G1 X104.504 Y90.266 E0.05614
G1 X104.544 Y89.98 E0.0072
G0 F7200 X104.267 Y89.968
G0 X104.111 Y86.625
G0 X104.588 Y86.614
G1 F1800 X105.099 Y86.102 E0.01804
G0 F7200 X105.677 Y86.09
G1 F1800 X104.6 Y87.167 E0.03799
G0 F7200 X104.619 Y87.714
G1 F1800 X106.208 Y86.125 E0.05606
G0 F7200 X106.371 Y86.527
G1 F1800 X104.643 Y88.255 E0.06096
G0 F7200 X104.667 Y88.798
G1 F1800 X106.535 Y86.93 E0.0659
G0 F7200 X106.697 Y87.333
G1 F1800 X104.691 Y89.339 E0.07077
G0 F7200 X104.727 Y89.869
G1 F1800 X106.827 Y87.769 E0.07408
G0 F7200 X106.88 Y88.282
G1 F1800 X104.697 Y90.464 E0.07699
G0 F7200 X104.675 Y91.052
G1 F1800 X106.933 Y88.794 E0.07966
G0 F7200 X106.986 Y89.307
G1 F1800 X104.653 Y91.64 E0.0823
G0 F7200 X104.632 Y92.227
G1 F1800 X107.039 Y89.82 E0.08491
G0 F7200 X107.02 Y90.404
G1 F1800 X104.632 Y92.792 E0.08424
G0 F7200 X104.654 Y93.336
G1 F1800 X106.972 Y91.018 E0.08177
G0 F7200 X106.923 Y91.633
G1 F1800 X104.742 Y93.813 E0.07692
G0 F7200 X105.3 Y93.821
G1 F1800 X106.875 Y92.246 E0.05556
G0 F7200 X106.734 Y92.953
G1 F1800 X105.852 Y93.835 E0.03111
G0 F7200 X106.399 Y93.854
G1 F1800 X106.545 Y93.708 E0.00515
;MESH:NONMESH
G0 F600 X106.545 Y93.708 Z11.3
G0 F7200 X104.197 Y93.897
G0 X95.066 Y93.867
G0 X88.646 Y93.53
G0 X86.833 Y92.121
G0 X86.071 Y88.827
G0 X88.031 Y86.999
G0 X89.119 Y86.567
G0 X84.838 Y86.133
G0 X75.777 Y86.958
G0 X75.638 Y86.952
;TIME_ELAPSED:693.684826
;LAYER:74
;TYPE:FILL
;MESH:pi 3mm_deformed_tet.stl
G1 F3600 X82.781 Y94.095 E0.25199
G1 X82.851 Y94.165
G0 F7200 X82.845 Y93.958
G0 X75.752 Y93.067
G0 X75.614 Y93.072
G1 F3600 X82.759 Y85.927 E0.25206
G1 X82.829 Y85.857
G0 F7200 X82.82 Y86.07
G0 X88.667 Y86.182
G0 X97.164 Y85.983
G0 X97.159 Y85.845
G1 F3600 X104.452 Y93.139 E0.2573
G1 X104.522 Y93.209
G0 F7200 X104.304 Y93.17
G0 X104.185 Y87.026
G0 X104.321 Y86.993
G1 F3600 X97.252 Y94.061 E0.24936
G1 X97.182 Y94.131
G0 F7200 X97.19 Y93.923
G0 X94.585 Y93.751
G0 X89.98 Y93.497
;TYPE:WALL-INNER
G1 F2208.6 X89.061 Y93.504 E0.03737
G0 F7200 X88.577 Y93.584
G0 X87.471 Y92.039
G0 X86.75 Y90.091
G0 X86.788 Y89.014
G0 X87.699 Y88.068
G0 X89.777 Y86.691
G0 X89.85 Y86.764
G1 F3461.5 X89.982 Y86.75 E0.00344
G1 F3512.2 X90.31 Y86.839 E0.00869
G1 F3600 X91.679 Y87.623 E0.03935
G1 X91.959 Y87.87 E0.00931
G1 X92.082 Y88.042 E0.00527
G1 X92.794 Y89.542 E0.04142
G1 X92.818 Y89.656 E0.00291
G1 X92.852 Y89.819 E0.00415
G1 X92.807 Y90.03 E0.00538
G1 X92.254 Y91.366 E0.03607
G1 X91.978 Y91.994 E0.01711
G1 X91.912 Y92.072 E0.00255
G1 X91.758 Y92.254 E0.00595
G1 X90.321 Y93.201 E0.04293
G1 F2769.2 X89.98 Y93.497 E0.01464
G1 X90.444 Y93.616 E0.01553
G1 F3600 X93.669 Y93.883 E0.08072
G1 X94.029 Y93.948 E0.00913
G1 X96.903 Y94.208 E0.07198
G1 X100.056 Y94.328 E0.07871
G1 X105.602 Y94.396 E0.13836
G1 X107.372 Y94.46 E0.04418
G1 X107.441 Y94.462 E0.00172
G1 X107.801 Y92.755 E0.04352
G1 X107.835 Y92.597 E0.00403
G1 X107.86 Y92.478 E0.00303
G1 F1500 X108.016 Y90.439 E0.04081
G1 F3600 X108.067 Y89.966 E0.01187
G1 X107.999 Y89.473 E0.01241
G1 F1500 X107.797 Y87.476 E0.04006
G1 F3600 X107.782 Y87.43 E0.00121
G1 X107.712 Y87.214 E0.00566
G1 X107.15 Y85.478 E0.04552
G1 X107.008 Y85.482 E0.00354
G1 X105.441 Y85.524 E0.0391
G1 X100.051 Y85.56 E0.13446
G1 X96.906 Y85.695 E0.07852
G1 X94.04 Y85.971 E0.07182
G1 X93.677 Y86.035 E0.00919
G1 X91.53 Y86.195 E0.05371
G1 X90.681 Y86.288 E0.02131
G1 F3486.7 X89.821 Y86.342 E0.02219
G1 X89.277 Y86.351 E0.01401
G1 F3600 X86.543 Y86.156 E0.06837
G1 X85.834 Y86.036 E0.01794
G1 X83.043 Y85.779 E0.06992
G1 X80.068 Y85.653 E0.07428
G1 X77.487 Y85.664 E0.06438
G1 X74.446 Y85.581 E0.07589
G1 X73.155 Y85.531 E0.03223
G1 X73.021 Y85.526 E0.00334
G1 X72.559 Y86.923 E0.0367
G1 X72.405 Y87.474 E0.01427
G1 F1500 X72.306 Y89.985 E0.05015
G1 F3600 X72.335 Y90.274 E0.00725
G1 F1500 X72.492 Y92.522 E0.04497
G1 X73.307 Y94.458 E0.04192
G1 F3600 X73.383 Y94.456 E0.0019
G1 X74.552 Y94.42 E0.02917
G1 X79.674 Y94.355 E0.12778
G1 X83.018 Y94.248 E0.08346
G1 X83.702 Y94.185 E0.01713
G1 X85.758 Y94.028 E0.05144
G1 X86.748 Y93.837 E0.02515
G1 X88.547 Y93.688 E0.04503
G1 F2706.8 X89.061 Y93.504 E0.01811
G1 X88.78 Y93.298 E0.01156
G1 X88.688 Y93.231 E0.00378
G1 F3600 X87.415 Y92.147 E0.04171
G1 X87.33 Y91.918 E0.00609
G1 X87.329 Y91.743 E0.00437
G1 X87.139 Y91.328 E0.01139
G1 X86.689 Y90.345 E0.02697
G1 X86.646 Y90.25 E0.0026
G1 X86.594 Y90.058 E0.00496
G1 X86.622 Y89.093 E0.02408
G1 X86.707 Y88.864 E0.00609
G1 X87.626 Y87.904 E0.03315
G1 X87.795 Y87.781 E0.00521
G1 F3546.8 X88.312 Y87.525 E0.01461
G1 X89.85 Y86.764 E0.04345
G0 F7200 X90.112 Y87.186
;TYPE:WALL-OUTER
G1 F1800 X91.52 Y88 E0.04057
G1 X91.721 Y88.214 E0.00732
G1 X92.306 Y89.446 E0.03402
G1 X92.449 Y89.748 E0.00834
G1 X92.449 Y89.84 E0.00229
G1 X91.888 Y91.205 E0.03681
G1 X91.612 Y91.833 E0.01711
G1 X91.538 Y91.92 E0.00285
G1 X91.376 Y92.026 E0.00483
G1 X89.92 Y92.985 E0.04349
G1 X89.313 Y92.976 E0.01514
G1 X89.071 Y92.972 E0.00604
G1 X88.946 Y92.925 E0.00333
G1 X87.753 Y91.916 E0.03898
G1 X87.736 Y91.672 E0.0061
G1 X87.374 Y90.88 E0.02172
G1 X87.133 Y90.353 E0.01446
G1 X86.991 Y90.043 E0.00851
G1 X87.027 Y89.107 E0.02337
G1 X87.94 Y88.155 E0.0329
G1 X88.815 Y87.727 E0.0243
G1 X89.967 Y87.164 E0.03198
G1 X90.112 Y87.186 E0.00366
G0 F7200 X90.285 Y87.286
G0 X90.534 Y86.851
G0 X91.905 Y88.04
G0 X92.73 Y89.788
G0 X91.842 Y92.392
G0 X90.333 Y93.415
G0 X94.522 Y93.826
G0 X93.608 Y94.279
G1 F1800 X93.975 Y94.345 E0.0093
G1 X96.877 Y94.608 E0.07269
G1 X100.046 Y94.728 E0.07911
G1 X105.588 Y94.796 E0.13826
G1 X107.272 Y94.856 E0.04203
G1 X107.763 Y94.874 E0.01226
G1 F1500 X108.257 Y92.535 E0.04771
G1 X108.414 Y90.482 E0.04109
G1 F1800 X108.47 Y89.96 E0.0131
G1 X108.397 Y89.433 E0.01327
G1 F1500 X108.191 Y87.394 E0.0409
G1 F1800 X107.611 Y85.601 E0.04701
G1 X107.395 Y85.072 E0.01425
G1 X106.904 Y85.085 E0.01225
G1 X105.438 Y85.124 E0.03658
G1 X100.041 Y85.16 E0.13463
G1 X96.878 Y85.296 E0.07897
G1 X93.984 Y85.575 E0.07253
G1 X93.647 Y85.636 E0.00854
G1 X91.486 Y85.797 E0.05406
G1 X90.662 Y85.888 E0.02068
G1 X89.305 Y85.952 E0.03389
G1 X86.61 Y85.762 E0.06739
G1 X85.886 Y85.639 E0.01832
G1 X83.07 Y85.38 E0.07054
G1 X80.076 Y85.253 E0.07475
G1 X77.498 Y85.264 E0.06431
G1 X74.462 Y85.181 E0.07576
G1 X73.281 Y85.135 E0.02948
G1 X72.735 Y85.114 E0.01363
G1 X72.176 Y86.807 E0.04447
G1 X72.007 Y87.412 E0.01567
G1 F1500 X71.905 Y89.997 E0.05163
G1 F1800 X71.936 Y90.302 E0.00765
G1 F1500 X72.098 Y92.616 E0.04629
G1 X72.896 Y94.513 E0.04107
G1 F1800 X73.003 Y94.867 E0.00923
G1 X73.502 Y94.852 E0.01245
G1 X74.557 Y94.82 E0.02633
G1 X79.686 Y94.755 E0.12795
G1 X83.043 Y94.648 E0.08378
G1 X83.732 Y94.584 E0.01726
G1 X85.812 Y94.425 E0.05204
G1 X86.78 Y94.236 E0.0246
G1 X88.253 Y94.119 E0.03686
G1 X89.296 Y94.016 E0.02614
G1 X90.461 Y94.016 E0.02906
G1 X93.608 Y94.279 E0.07878
G0 F7200 X93.804 Y94.314
G0 X94.627 Y93.776
G0 X90.333 Y93.415
G0 X92.008 Y91.808
G0 X92.952 Y89.826
G0 X93.229 Y89.832
;TYPE:SKIN
G1 F1800 X93.133 Y89.374 E0.01167
G1 X92.407 Y87.847 E0.04218
G1 X92.211 Y87.584 E0.00818
G1 X91.895 Y87.312 E0.0104
G1 X90.765 Y86.661 E0.03253
G1 X91.563 Y86.572 E0.02003
G1 X93.703 Y86.412 E0.05353
G1 X94.381 Y86.324 E0.01705
G1 X94.913 Y87.193 E0.02542
G1 X94.812 Y89.984 E0.06967
G1 X94.89 Y92.764 E0.06937
G1 X94.405 Y93.593 E0.02396
G1 X93.741 Y93.51 E0.01669
G1 X90.904 Y93.268 E0.07103
G1 X91.962 Y92.572 E0.03159
G1 X92.316 Y92.168 E0.0134
G1 X92.6 Y91.516 E0.01774
G1 X93.153 Y90.181 E0.03605
G1 X93.229 Y89.832 E0.00891
G0 F7200 X92.952 Y89.826
G0 X91.755 Y87.482
G0 X90.395 Y86.702
G0 X94.49 Y86.095
G0 X93.938 Y86.584
G1 F1800 X94.708 Y87.354 E0.02716
G0 F7200 X94.688 Y87.9
G1 F1800 X93.422 Y86.634 E0.04466
G0 F7200 X92.896 Y86.674
G1 F1800 X94.668 Y88.446 E0.06251
G0 F7200 X94.648 Y88.991
G1 F1800 X92.369 Y86.713 E0.08038
G0 F7200 X91.843 Y86.752
G1 F1800 X94.628 Y89.537 E0.09825
G0 F7200 X94.615 Y90.09
G1 F1800 X92.865 Y88.34 E0.06174
G1 X92.795 Y88.27
G0 F7200 X92.392 Y88.46
G0 X92.881 Y89.487
G0 X93.331 Y89.371
G1 F1800 X94.631 Y90.672 E0.04588
G0 F7200 X94.648 Y91.254
G1 F1800 X93.394 Y90 E0.04424
G0 F7200 X93.264 Y90.435
G1 F1800 X94.665 Y91.836 E0.04942
G0 F7200 X94.681 Y92.418
G1 F1800 X93.098 Y90.836 E0.05583
G0 F7200 X92.932 Y91.235
G1 F1800 X94.586 Y92.889 E0.05835
G0 F7200 X94.378 Y93.246
G1 F1800 X92.766 Y91.635 E0.05685
G0 F7200 X92.594 Y92.029
G1 F1800 X93.892 Y93.327 E0.04579
G0 F7200 X93.267 Y93.267
G1 F1800 X92.387 Y92.387 E0.03104
G0 F7200 X92.12 Y92.685
G1 F1800 X92.649 Y93.215 E0.01868
G0 F7200 X92.031 Y93.162
G1 F1800 X91.792 Y92.923 E0.00843
G0 F7200 X94.627 Y93.776
G0 X90.333 Y93.415
G0 X88.912 Y93.207
G0 X87.471 Y92.039
G0 X86.75 Y90.091
G0 X86.782 Y88.64
G0 X86.241 Y89.017
G1 F1800 X86.215 Y90.109 E0.02725
G1 X86.286 Y90.376 E0.00689
G1 X86.946 Y91.824 E0.0397
G1 X86.961 Y92.005 E0.00453
G1 X87.102 Y92.36 E0.00953
G1 X87.329 Y92.605 E0.00833
G1 X87.533 Y92.754 E0.0063
G1 X88.225 Y93.335 E0.02254
G1 X86.619 Y93.468 E0.0402
G1 X85.708 Y93.649 E0.02317
G1 X84.988 Y93.704 E0.01801
G1 X85.032 Y92.363 E0.03347
G1 X85.024 Y92.195 E0.0042
G1 X85.004 Y89.976 E0.05536
G1 X85.112 Y87.682 E0.05729
G1 X85.058 Y86.345 E0.03338
G1 X85.785 Y86.411 E0.01821
G1 X86.478 Y86.53 E0.01754
G1 X89.088 Y86.717 E0.06527
G1 X87.627 Y87.44 E0.04066
G1 X87.347 Y87.641 E0.0086
G1 X86.511 Y88.513 E0.03013
G1 X86.361 Y88.719 E0.00636
G1 X86.241 Y89.017 E0.00801
G0 F7200 X86.782 Y88.64
G0 X88.322 Y87.41
G0 X88.11 Y86.978
G1 F1800 X87.969 Y86.838 E0.00496
G0 F7200 X87.731 Y87.166
G1 F1800 X87.36 Y86.794 E0.01311
G0 F7200 X87.353 Y87.353
G1 F1800 X86.749 Y86.749 E0.02131
G0 F7200 X86.103 Y86.669
G1 F1800 X87.077 Y87.642 E0.03434
G0 F7200 X86.799 Y87.93
G1 F1800 X85.451 Y86.582 E0.04755
G0 F7200 X85.283 Y86.98
G1 F1800 X86.522 Y88.219 E0.04371
G0 F7200 X86.256 Y88.519
G1 F1800 X85.307 Y87.57 E0.03348
G0 F7200 X85.292 Y88.12
G1 F1800 X86.086 Y88.914 E0.02801
G0 F7200 X86.03 Y89.424
G1 F1800 X85.266 Y88.661 E0.02693
G0 F7200 X85.241 Y89.201
G1 F1800 X86.015 Y89.974 E0.02729
G1 X86.085 Y90.044
G0 F7200 X86.243 Y90.768
G1 F1800 X85.216 Y89.741 E0.03623
G0 F7200 X85.208 Y90.299
G1 F1800 X86.721 Y91.812 E0.05338
G1 X86.791 Y91.882
G0 F7200 X87.197 Y91.697
G0 X88.813 Y93.468
G0 X87.052 Y93.716
G0 X87.013 Y93.236
G1 F1800 X85.221 Y91.444 E0.06322
G0 F7200 X85.228 Y92.016
G1 F1800 X86.498 Y93.286 E0.0448
G0 F7200 X86.027 Y93.381
G1 F1800 X85.224 Y92.578 E0.02833
G0 F7200 X85.206 Y93.126
G1 F1800 X85.542 Y93.461 E0.01184
G0 F7200 X84.707 Y93.762
G0 X87.575 Y93.673
G0 X87.535 Y93.192
G1 F1800 X85.214 Y90.871 E0.08188
G1 X85.144 Y90.801
G0 F7200 X84.733 Y90.803
G0 X75.731 Y92.589
G0 X75.452 Y92.577
G1 F1800 X75.515 Y94.026 E0.03618
G1 X74.545 Y94.04 E0.0242
G1 X73.555 Y94.068 E0.02471
G1 X72.866 Y92.436 E0.04419
G1 X72.712 Y90.242 E0.05486
G1 X72.685 Y89.962 E0.00702
G1 X72.783 Y87.528 E0.06077
G1 X72.932 Y87.003 E0.01361
G1 X73.291 Y85.914 E0.0286
G1 X74.427 Y85.96 E0.02836
G1 X75.535 Y85.991 E0.02765
G1 X75.48 Y87.393 E0.035
G1 X75.631 Y89.276 E0.04712
G1 X75.6 Y89.997 E0.018
G1 X75.635 Y90.572 E0.01437
G1 X75.452 Y92.577 E0.05022
G0 F7200 X75.731 Y92.589
G0 X75.752 Y94.157
G0 X74.057 Y93.856
G1 F1800 X73.408 Y93.207 E0.0229
G1 X73.338 Y93.137
G0 F7200 X73.055 Y92.289
G1 F1800 X74.611 Y93.844 E0.05487
G0 F7200 X75.165 Y93.832
G1 F1800 X73.013 Y91.681 E0.0759
G0 F7200 X72.971 Y91.073
G1 F1800 X75.288 Y93.39 E0.08174
G0 F7200 X75.264 Y92.8
G1 F1800 X72.928 Y90.464 E0.08241
G0 F7200 X72.889 Y89.859
G1 F1800 X75.281 Y92.252 E0.0844
G0 F7200 X75.329 Y91.734
G1 F1800 X72.91 Y89.315 E0.08534
G0 F7200 X72.932 Y88.772
G1 F1800 X75.376 Y91.215 E0.0862
G0 F7200 X75.424 Y90.697
G1 F1800 X72.954 Y88.228 E0.08712
G0 F7200 X72.976 Y87.684
G1 F1800 X75.407 Y90.115 E0.08576
G0 F7200 X75.419 Y89.561
G1 F1800 X73.078 Y87.22 E0.08259
G0 F7200 X73.213 Y86.79
G1 F1800 X75.408 Y88.984 E0.07742
G0 F7200 X75.36 Y88.371
G1 F1800 X73.353 Y86.364 E0.0708
G0 F7200 X73.685 Y86.131
G1 F1800 X75.312 Y87.757 E0.05738
G0 F7200 X75.288 Y87.167
G1 F1800 X74.274 Y86.154 E0.03575
G0 F7200 X74.859 Y86.172
G1 F1800 X75.31 Y86.623 E0.01591
G0 F7200 X75.789 Y86.643
G0 X84.85 Y86.119
G0 X93.688 Y86.195
G0 X104.781 Y90.07
G0 X105.08 Y90.093
G1 F1800 X105.031 Y89.591 E0.01258
G1 X104.626 Y87.571 E0.05139
G1 X104.58 Y87.447 E0.0033
G1 X104.392 Y86.7 E0.01922
G1 X104.37 Y85.911 E0.01969
G1 X105.442 Y85.904 E0.02674
G1 X106.875 Y85.865 E0.03576
G1 X107.419 Y87.554 E0.04426
G1 X107.613 Y89.461 E0.04782
G1 X107.682 Y89.972 E0.01286
G1 X107.634 Y90.436 E0.01164
G1 X107.481 Y92.427 E0.04981
G1 X107.134 Y94.07 E0.04189
G1 X105.612 Y94.016 E0.03799
G1 X104.485 Y94.002 E0.02812
G1 X104.477 Y93.798 E0.00509
G1 X104.712 Y92.445 E0.03426
G1 X105.08 Y90.093 E0.05938
G0 F7200 X104.781 Y90.07
G0 X104.273 Y93.347
G0 X104.744 Y93.43
G1 F1800 X105.123 Y93.81 E0.01339
G0 F7200 X105.698 Y93.818
G1 F1800 X104.827 Y92.948 E0.03071
G0 F7200 X104.91 Y92.465
G1 F1800 X106.285 Y93.839 E0.04849
G0 F7200 X106.871 Y93.86
G1 F1800 X104.987 Y91.976 E0.06646
G0 F7200 X105.063 Y91.487
G1 F1800 X107.055 Y93.478 E0.07026
G0 F7200 X107.154 Y93.011
G1 F1800 X105.14 Y90.998 E0.07103
G0 F7200 X105.217 Y90.509
G1 F1800 X107.253 Y92.545 E0.07183
G0 F7200 X107.311 Y92.038
G1 F1800 X105.268 Y89.994 E0.07209
G0 F7200 X105.184 Y89.345
G1 F1800 X107.352 Y91.512 E0.07646
G0 F7200 X107.392 Y90.987
G1 F1800 X105.043 Y88.638 E0.08287
G0 F7200 X104.901 Y87.931
G1 F1800 X107.432 Y90.462 E0.08929
G0 F7200 X107.477 Y89.94
G1 F1800 X104.719 Y87.183 E0.09728
G0 F7200 X104.585 Y86.483
G1 F1800 X107.395 Y89.293 E0.09913
G0 F7200 X107.331 Y88.663
G1 F1800 X104.776 Y86.109 E0.09012
G0 F7200 X105.338 Y86.105
G1 F1800 X107.267 Y88.033 E0.06803
G0 F7200 X107.14 Y87.341
G1 F1800 X105.891 Y86.092 E0.04406
G0 F7200 X106.442 Y86.078
G1 F1800 X106.872 Y86.507 E0.01515
;MESH:NONMESH
G0 F600 X106.872 Y86.507 Z11.45
G0 F7200 X104.215 Y87.147
G0 X94.49 Y86.095
G0 X86.514 Y86.314
G0 X84.85 Y86.119
G0 X75.781 Y86.852
G0 X75.527 Y86.841
;TIME_ELAPSED:717.233010
;LAYER:75
;TYPE:FILL
;MESH:pi 3mm_deformed_tet.stl
G1 F3600 X82.785 Y94.099 E0.25605
G1 X82.855 Y94.169
G0 F7200 X82.849 Y93.96
G0 X75.703 Y93.077
G0 X75.57 Y93.116
G1 F3600 X82.762 Y85.924 E0.25372
G1 X82.832 Y85.854
G0 F7200 X82.823 Y86.068
G0 X87.955 Y86.132
G0 X97.165 Y85.987
G0 X97.16 Y85.846
G1 F3600 X104.92 Y93.606 E0.27375
G1 X104.99 Y93.676
G0 F7200 X104.772 Y93.638
G0 X104.583 Y86.628
G0 X104.718 Y86.595
G1 F3600 X97.253 Y94.06 E0.26335
G1 X97.183 Y94.13
G0 F7200 X97.191 Y93.92
G0 X94.009 Y93.731
G0 X90.422 Y93.506
G0 X89.416 Y93.363
G0 X89.176 Y93.096
;TYPE:WALL-INNER
G1 F3221.5 X89.033 Y92.975 E0.00522
G1 X88.105 Y92.192 E0.03385
G1 F3495.1 X87.737 Y91.694 E0.01591
G1 X87.655 Y91.583 E0.00355
G1 F3600 X87.046 Y90.262 E0.03629
G1 X86.992 Y90.042 E0.00565
G1 X87.01 Y89.445 E0.0149
G1 X87.138 Y89.166 E0.00766
G1 X88.247 Y88.008 E0.04
G1 X88.339 Y87.912 E0.00332
G1 X88.507 Y87.789 E0.00519
G1 X89.759 Y87.173 E0.03481
G1 X89.994 Y87.112 E0.00606
G1 X90.323 Y87.191 E0.00844
G1 X91.257 Y87.726 E0.02685
G1 X91.676 Y88.124 E0.01442
G1 X91.808 Y88.305 E0.00559
G1 X92.38 Y89.525 E0.03361
G1 X92.436 Y89.802 E0.00705
G1 X92.386 Y90.022 E0.00563
G1 X92.268 Y90.292 E0.00735
G1 X91.556 Y91.914 E0.04419
G1 X91.526 Y91.982 E0.00185
G1 X91.307 Y92.241 E0.00846
G1 F3144.1 X89.986 Y93.115 E0.04524
G1 F2915 X89.176 Y93.096 E0.02496
G0 F7200 X89.233 Y93.272
G0 X86.486 Y93.802
G0 X86.488 Y93.902
G1 F3600 X88.644 Y93.729 E0.05395
G1 F3130.4 X89.169 Y93.612 E0.01543
G1 F2790.7 X90.043 Y93.615 E0.02812
G1 F3157.9 X90.679 Y93.67 E0.01815
G1 F3600 X93.937 Y93.946 E0.08156
G1 X96.768 Y94.212 E0.07093
G1 X97.161 Y94.216 E0.0098
G1 X100.055 Y94.328 E0.07225
G1 X105.68 Y94.392 E0.14033
G1 X107.853 Y94.463 E0.05423
G1 X107.866 Y94.463 E0.00032
G1 F1500 X108.276 Y92.483 E0.04035
G1 F3600 X108.403 Y90.864 E0.04051
G1 X108.499 Y89.966 E0.02253
G1 X108.377 Y89.096 E0.02191
G1 X108.213 Y87.476 E0.04062
G1 X108.197 Y87.428 E0.00126
G1 X107.595 Y85.563 E0.04889
G1 X107.567 Y85.476 E0.00228
G1 X107.56 Y85.476 E0.00017
G1 X105.53 Y85.528 E0.05066
G1 X102.871 Y85.552 E0.06633
G1 X100.05 Y85.564 E0.07037
G1 X97.12 Y85.688 E0.07315
G1 X96.766 Y85.688 E0.00883
G1 X93.989 Y85.967 E0.06962
G1 X91.457 Y86.155 E0.06333
G1 X90.85 Y86.224 E0.01524
G1 X89.122 Y86.303 E0.04315
G1 X86.245 Y86.1 E0.07195
G1 X85.877 Y86.036 E0.00932
G1 X83.031 Y85.775 E0.07129
G1 X80.068 Y85.649 E0.07398
G1 X77.34 Y85.664 E0.06805
G1 X74.452 Y85.588 E0.07207
G1 X72.603 Y85.515 E0.04616
G1 X72.509 Y85.511 E0.00235
G1 F1500 X71.973 Y87.469 E0.04051
G1 X71.87 Y89.974 E0.05003
G1 F3600 X71.947 Y90.662 E0.01727
G1 X72.074 Y92.492 E0.04576
G1 X72.093 Y92.547 E0.00145
G1 X72.202 Y92.867 E0.00843
G1 X72.75 Y94.472 E0.04231
G1 X72.879 Y94.468 E0.00322
G1 X74.477 Y94.416 E0.03988
G1 X79.867 Y94.351 E0.13446
G1 X83.006 Y94.252 E0.07834
G1 X85.803 Y94.032 E0.06999
G1 X86.488 Y93.902 E0.01739
G0 F7200 X86.52 Y94.3
;TYPE:WALL-OUTER
G1 F1800 X88.31 Y94.158 E0.04479
G1 X89.171 Y94.072 E0.02158
G1 X90.645 Y94.068 E0.03677
G1 X93.899 Y94.344 E0.08146
G1 X96.747 Y94.612 E0.07136
G1 X97.146 Y94.616 E0.00995
G1 X100.045 Y94.728 E0.07237
G1 X105.667 Y94.792 E0.14025
G1 X107.77 Y94.86 E0.05249
G1 X108.19 Y94.874 E0.01048
G1 F1500 X108.673 Y92.539 E0.04758
G1 F1800 X108.801 Y90.906 E0.04086
G1 X108.902 Y89.96 E0.02373
G1 X108.773 Y89.033 E0.02335
G1 X108.607 Y87.394 E0.04109
G1 X108.465 Y86.954 E0.01153
G1 X108.097 Y85.816 E0.02983
G1 X107.855 Y85.068 E0.01961
G1 X107.399 Y85.08 E0.01138
G1 X105.526 Y85.128 E0.04674
G1 X102.869 Y85.152 E0.06628
G1 X100.041 Y85.164 E0.07055
G1 X97.12 Y85.288 E0.07293
G1 X96.746 Y85.288 E0.00933
G1 X93.959 Y85.568 E0.06987
G1 X91.459 Y85.753 E0.06253
G1 X90.83 Y85.824 E0.01579
G1 X89.15 Y85.904 E0.04196
G1 X86.313 Y85.706 E0.07094
G1 X85.929 Y85.639 E0.00972
G1 X83.058 Y85.376 E0.07192
G1 X80.076 Y85.249 E0.07445
G1 X77.35 Y85.264 E0.068
G1 X74.468 Y85.188 E0.07192
G1 X72.733 Y85.12 E0.04331
G1 X72.207 Y85.099 E0.01313
G1 F1500 X71.575 Y87.407 E0.04775
G1 X71.469 Y89.988 E0.05155
G1 F1800 X71.548 Y90.69 E0.01762
G1 X71.678 Y92.572 E0.04706
G1 X72.28 Y94.331 E0.04638
G1 X72.505 Y94.879 E0.01478
G1 X73.004 Y94.863 E0.01245
G1 X74.481 Y94.816 E0.03686
G1 X79.879 Y94.751 E0.13466
G1 X83.031 Y94.652 E0.07867
G1 X85.857 Y94.429 E0.07071
G1 X86.52 Y94.3 E0.01685
G0 F7200 X86.719 Y94.285
G0 X86.676 Y93.787
G0 X88.658 Y93.567
G0 X89.625 Y93.36
G0 X89.261 Y92.644
G1 F1800 X88.387 Y91.9 E0.02863
G1 X87.994 Y91.371 E0.01644
G1 X87.909 Y91.185 E0.0051
G1 X87.39 Y90.043 E0.03129
G1 X87.396 Y89.886 E0.00392
G1 X87.412 Y89.497 E0.00971
G1 X87.451 Y89.415 E0.00227
G1 X88.651 Y88.164 E0.04324
G1 X88.805 Y88.088 E0.00428
G1 X89.988 Y87.506 E0.03289
G1 X90.124 Y87.538 E0.00349
G1 X91.034 Y88.066 E0.02624
G1 X91.43 Y88.44 E0.01359
G1 X91.68 Y88.973 E0.01469
G1 X92.033 Y89.727
G1 X92.032 Y89.822
G1 X92.006 Y89.881
G1 F1500 X91.16 Y91.821 E0.04224
G1 F1800 X91.087 Y91.907 E0.00281
G1 X91.002 Y91.963 E0.00254
G1 X89.949 Y92.658 E0.03147
G1 X89.581 Y92.651 E0.00918
G1 X89.261 Y92.644 E0.00798
G0 F7200 X89.109 Y92.515
G0 X89.13 Y93.47
G0 X90.012 Y92.903
G0 X91.326 Y92.036
G0 X92.128 Y90.207
G0 X92.43 Y89.395
G0 X92.817 Y89.815
;TYPE:SKIN
G1 F1800 X92.729 Y89.376 E0.01117
G1 X92.154 Y88.143 E0.03394
G1 X91.958 Y87.869 E0.0084
G1 X91.502 Y87.434 E0.01572
G1 X90.516 Y86.862 E0.02844
G1 F1600 X90.038 Y86.689 E0.01427
G1 X91.511 Y86.528 E0.04158
G1 F1800 X93.829 Y86.357 E0.05798
G1 X94.586 Y87.586 E0.03601
G1 X94.847 Y88.921 E0.03393
G1 X94.812 Y89.985 E0.02656
G1 X94.843 Y91.016 E0.02573
G1 X94.601 Y92.284 E0.0322
G1 X93.858 Y93.557 E0.03677
G1 X90.445 Y93.266 E0.08545
G1 X91.541 Y92.542 E0.03277
G1 X91.876 Y92.129 E0.01327
G1 X92.732 Y90.177 E0.05317
G1 X92.817 Y89.815 E0.00928
G0 F7200 X92.43 Y89.395
G0 X91.778 Y88.51
G0 X90.455 Y87.149
G0 X90.038 Y86.689
G1 F1448.7 X89.916 Y86.693 E0.00378
G0 F7200 X90.455 Y87.149
G0 X88.51 Y87.968
G0 X86.909 Y89.463
G0 X86.629 Y89.371
G1 F1800 X86.611 Y90.213 E0.02101
G1 X87.304 Y91.745 E0.04194
G1 X87.815 Y92.436 E0.02144
G1 X88.811 Y93.28 E0.03257
G1 X88.607 Y93.35 E0.00538
G1 X86.436 Y93.522 E0.05433
G1 X85.753 Y93.653 E0.01735
G1 X84.988 Y93.714 E0.01914
G1 X85.032 Y92.347 E0.03412
G1 X85.009 Y89.956 E0.05965
G1 X85.116 Y87.714 E0.05599
G1 X85.057 Y86.341 E0.03428
G1 X85.829 Y86.411 E0.01934
G1 X86.201 Y86.476 E0.00942
G1 X89.093 Y86.68 E0.07232
G1 F1698.1 X89.868 Y86.689 E0.02049
G1 X88.339 Y87.448 E0.04514
G1 F1800 X88.059 Y87.649 E0.0086
G1 X86.851 Y88.909 E0.04354
G1 X86.629 Y89.371 E0.01279
G0 F7200 X86.909 Y89.463
G0 X87.99 Y92.305
G0 X89.188 Y93.315
G0 X84.775 Y93.938
G0 X84.794 Y86.715
G0 X85.273 Y86.696
G1 F1800 X85.396 Y86.572 E0.00436
G0 F7200 X85.906 Y86.628
G1 F1800 X85.296 Y87.238 E0.02152
G0 F7200 X85.313 Y87.787
G1 F1800 X86.408 Y86.691 E0.03865
G0 F7200 X86.937 Y86.729
G1 F1800 X85.285 Y88.381 E0.05828
G0 F7200 X85.257 Y88.974
G1 F1800 X87.466 Y86.766 E0.07791
G0 F7200 X87.994 Y86.802
G1 F1800 X85.229 Y89.568 E0.09756
G0 F7200 X85.211 Y90.152
G1 F1800 X88.523 Y86.839 E0.11686
G1 X88.593 Y86.769
G0 F7200 X88.622 Y86.369
G0 X84.939 Y86.112
G0 X84.775 Y93.938
G0 X88.658 Y93.567
G0 X89.625 Y93.36
G0 X87.499 Y91.643
G0 X86.849 Y89.427
G0 X88.439 Y87.644
G0 X89.631 Y87.088
G0 X90.94 Y87.427
G0 X91.179 Y87.012
G1 F1800 X91.456 Y86.734 E0.00979
G0 F7200 X91.538 Y87.219
G1 F1800 X92.07 Y86.686 E0.01879
G0 F7200 X92.681 Y86.641
G1 F1800 X91.84 Y87.483 E0.02969
G0 F7200 X92.127 Y87.761
G1 F1800 X93.291 Y86.597 E0.04106
G0 F7200 X93.786 Y86.668
G1 F1800 X92.355 Y88.099 E0.05048
G0 F7200 X92.534 Y88.485
G1 F1800 X94.001 Y87.018 E0.05175
G0 F7200 X94.217 Y87.368
G1 F1800 X92.714 Y88.871 E0.05302
G0 F7200 X92.894 Y89.257
G1 F1800 X94.412 Y87.739 E0.05355
G0 F7200 X94.505 Y88.212
G1 F1800 X92.997 Y89.719 E0.05318
G0 F7200 X92.829 Y90.453
G1 F1800 X94.597 Y88.685 E0.06237
G0 F7200 X94.637 Y89.211
G1 F1800 X92.387 Y91.461 E0.07937
G1 X92.317 Y91.531
G0 F7200 X91.912 Y91.353
G0 X90.303 Y93.098
G0 X89.545 Y93.36
G0 X90.422 Y93.506
G0 X93.979 Y93.781
G0 X92.319 Y93.226
G1 F1800 X94.64 Y90.905 E0.08188
G0 F7200 X94.623 Y90.356
G1 F1800 X91.798 Y93.181 E0.09966
G0 F7200 X91.277 Y93.137
G1 F1800 X94.618 Y89.795 E0.11788
G1 X94.688 Y89.725
G0 F7200 X95.1 Y89.739
G0 X95.003 Y91.669
G0 X94.532 Y91.579
G1 F1800 X92.84 Y93.27 E0.05967
G0 F7200 X93.361 Y93.315
G1 F1800 X94.337 Y92.339 E0.03443
G1 X94.407 Y92.269
G0 F7200 X94.802 Y92.5
G0 X93.954 Y93.786
G0 X90.422 Y93.506
G0 X89.545 Y93.36
G0 X88.395 Y92.568
G0 X88.088 Y92.932
G1 F1800 X87.807 Y93.212 E0.0099
G0 F7200 X87.78 Y92.673
G1 F1800 X87.193 Y93.261 E0.02073
G0 F7200 X86.578 Y93.31
G1 F1800 X87.516 Y92.371 E0.03311
G0 F7200 X87.275 Y92.047
G1 F1800 X85.9 Y93.422 E0.04851
G0 F7200 X85.265 Y93.492
G1 F1800 X87.061 Y91.695 E0.06338
G0 F7200 X86.884 Y91.307
G1 F1800 X85.212 Y92.979 E0.05898
G0 F7200 X85.231 Y92.394
G1 F1800 X86.707 Y90.918 E0.05207
G0 F7200 X86.529 Y90.53
G1 F1800 X85.227 Y91.833 E0.04595
G0 F7200 X85.221 Y91.273
G1 F1800 X86.411 Y90.083 E0.04198
G0 F7200 X86.425 Y89.503
G1 F1800 X85.216 Y90.712 E0.04265
G1 X85.146 Y90.782
G0 F7200 X84.735 Y90.784
G0 X75.426 Y87.616
G0 X75.144 Y87.581
G1 F1800 X75.04 Y90.005 E0.06052
G1 X75.195 Y92.391 E0.05964
G1 X75.239 Y92.502 E0.00298
G1 X75.481 Y93.318 E0.02123
G1 X75.514 Y94.022 E0.01758
G1 X74.469 Y94.036 E0.02607
G1 X73.018 Y94.079 E0.03621
G1 X72.446 Y92.412 E0.04396
G1 X72.332 Y90.682 E0.04325
G1 X72.249 Y89.952 E0.01833
G1 X72.351 Y87.523 E0.06065
G1 X72.795 Y85.899 E0.042
G1 X74.435 Y85.968 E0.04095
G1 X75.535 Y85.999 E0.02745
G1 X75.517 Y86.408 E0.01021
G1 X75.144 Y87.581 E0.0307
G0 F7200 X75.427 Y87.616
G0 X76.091 Y86.512
G0 X73.417 Y85.648
G0 X73.398 Y86.125
G1 F1800 X72.769 Y86.754 E0.02219
G1 X72.699 Y86.824
G0 F7200 X72.557 Y87.532
G1 F1800 X73.941 Y86.148 E0.04882
G0 F7200 X74.485 Y86.169
G1 F1800 X72.527 Y88.128 E0.06909
G0 F7200 X72.502 Y88.719
G1 F1800 X75.036 Y86.184 E0.08941
G0 F7200 X75.272 Y86.514
G1 F1800 X72.477 Y89.309 E0.0986
G0 F7200 X72.452 Y89.899
G1 F1800 X75.003 Y87.349 E0.08998
G0 F7200 X74.925 Y87.992
G1 F1800 X72.504 Y90.414 E0.08542
G0 F7200 X72.55 Y90.933
G1 F1800 X74.9 Y88.584 E0.08288
G0 F7200 X74.874 Y89.175
G1 F1800 X72.585 Y91.464 E0.08075
G0 F7200 X72.62 Y91.995
G1 F1800 X74.848 Y89.766 E0.07862
G0 F7200 X74.862 Y90.318
G1 F1800 X72.686 Y92.494 E0.07676
G0 F7200 X72.831 Y92.915
G1 F1800 X74.895 Y90.851 E0.07281
G0 F7200 X74.927 Y91.384
G1 F1800 X72.975 Y93.337 E0.06888
G0 F7200 X73.12 Y93.757
G1 F1800 X74.96 Y91.917 E0.06491
G0 F7200 X75.009 Y92.434
G1 F1800 X73.58 Y93.863 E0.05041
G0 F7200 X74.163 Y93.845
G1 F1800 X75.139 Y92.87 E0.03441
G0 F7200 X75.268 Y93.306
G1 F1800 X74.741 Y93.833 E0.01859
G0 F7200 X75.8 Y94.12
G0 X84.775 Y93.938
G0 X93.979 Y93.781
G0 X105.302 Y89.96
G0 X105.58 Y89.968
G1 F1800 X105.5 Y89.159 E0.02028
G1 X105.175 Y87.554 E0.04085
G1 X104.979 Y87.069 E0.01305
G1 X104.692 Y85.915 E0.02966
G1 X105.53 Y85.908 E0.0209
G1 X107.291 Y85.864 E0.04394
G1 X107.835 Y87.554 E0.04429
G1 X107.988 Y89.092 E0.03855
G1 X108.114 Y89.972 E0.02218
G1 X108.021 Y90.871 E0.02255
G1 X107.897 Y92.431 E0.03904
G1 X107.558 Y94.07 E0.04175
G1 X105.691 Y94.012 E0.04659
G1 X104.989 Y94.003 E0.01751
G1 X105.262 Y92.435 E0.0397
G1 X105.514 Y90.823 E0.0407
G1 X105.58 Y89.968 E0.02139
G0 F7200 X105.304 Y89.961
G0 X104.511 Y86.342
G0 X104.976 Y86.226
G1 F1800 X105.09 Y86.111 E0.00404
G0 F7200 X105.089 Y86.679
G1 F1800 X105.668 Y86.099 E0.02044
G0 F7200 X106.246 Y86.087
G1 F1800 X105.215 Y87.118 E0.03637
G0 F7200 X105.372 Y87.526
G1 F1800 X106.824 Y86.075 E0.05121
G0 F7200 X107.207 Y86.258
G1 F1800 X105.468 Y87.997 E0.06135
G0 F7200 X105.563 Y88.467
G1 F1800 X107.344 Y86.686 E0.06283
G0 F7200 X107.482 Y87.113
G1 F1800 X105.659 Y88.937 E0.06433
G0 F7200 X105.729 Y89.433
G1 F1800 X107.621 Y87.541 E0.06675
G0 F7200 X107.683 Y88.044
G1 F1800 X105.779 Y89.948 E0.06717
G0 F7200 X105.735 Y90.558
G1 F1800 X107.734 Y88.559 E0.07052
G0 F7200 X107.785 Y89.074
G1 F1800 X105.658 Y91.201 E0.07504
G0 F7200 X105.553 Y91.872
G1 F1800 X107.854 Y89.57 E0.08119
G0 F7200 X107.9 Y90.09
G1 F1800 X105.446 Y92.544 E0.08657
G0 F7200 X105.327 Y93.228
G1 F1800 X107.834 Y90.721 E0.08844
G0 F7200 X107.783 Y91.338
G1 F1800 X105.321 Y93.801 E0.08687
G0 F7200 X105.869 Y93.818
G1 F1800 X107.734 Y91.953 E0.06579
G0 F7200 X107.659 Y92.594
G1 F1800 X106.418 Y93.834 E0.04376
G0 F7200 X106.967 Y93.851
G1 F1800 X107.511 Y93.307 E0.01919
;MESH:NONMESH
G0 F600 X107.511 Y93.307 Z11.6
G0 F7200 X104.908 Y92.862
G0 X93.954 Y93.786
G0 X90.422 Y93.506
G0 X89.545 Y93.36
G0 X88.658 Y93.567
G0 X84.775 Y93.938
G0 X75.744 Y86.626
G0 X75.109 Y86.423
;TIME_ELAPSED:741.787486
;LAYER:76
;TYPE:FILL
;MESH:pi 3mm_deformed_tet.stl
G1 F3600 X82.785 Y94.099 E0.27079
G1 X82.855 Y94.169
G0 F7200 X82.849 Y93.962
G0 X75.317 Y93.463
G0 X75.184 Y93.502
G1 F3600 X82.768 Y85.918 E0.26755
G1 X82.838 Y85.848
G0 F7200 X82.829 Y86.06
G0 X93.399 Y86.18
G0 X93.505 Y86.495
G1 F3600 X93.878 Y86.121 E0.01318
G0 F7200 X93.876 Y86.252
G0 X97.155 Y85.983
G0 X97.155 Y85.841
G1 F3600 X105.388 Y94.074 E0.29044
G1 X105.458 Y94.144
G0 F7200 X105.233 Y94.088
G0 X104.98 Y86.231
G0 X105.116 Y86.198
G1 F3600 X97.249 Y94.064 E0.27751
G1 X97.179 Y94.134
G0 F7200 X97.18 Y93.924
G0 X93.801 Y93.671
G0 X93.791 Y93.791
G1 F3600 X93.494 Y93.494 E0.01048
G1 F4200 E-3.5
G1 F600 Z12.1
G0 F7200 X93.869 Y93.37 Z12.1
G0 X90.016 Y92.724
;TYPE:WALL-INNER
G1 F600 Z11.6
G1 F4200 E3.5
G1 F3600 X89.592 Y92.724 E0.01058
G1 X89.323 Y92.651 E0.00695
G1 X89.29 Y92.642 E0.00085
G1 X88.722 Y92.165 E0.0185
G1 X87.766 Y90.872
G1 X87.642 Y90.705
G1 X87.402 Y90.142
G1 X87.403 Y90.069
G1 X87.408 Y89.76
G1 X87.517 Y89.517 E0.00664
G1 F1500 X88.96 Y88.011 E0.04162
G1 F1800 X89.051 Y87.916 E0.00328
G1 F3600 X89.217 Y87.794 E0.00514
G1 X89.855 Y87.477 E0.01777
G1 X90.106 Y87.464 E0.00627
G1 X90.331 Y87.539 E0.00592
G1 X90.821 Y87.837 E0.01431
G1 X91.399 Y88.39 E0.01995
G1 X91.528 Y88.569 E0.0055
G1 X92.024 Y89.628 E0.02917
G1 X92.014 Y89.968 E0.00849
G1 X91.813 Y90.339 E0.01053
G1 X91.672 Y90.599 E0.00738
G1 X91.104 Y91.899 E0.03539
G1 X91.074 Y91.968 E0.00188
G1 X90.855 Y92.23 E0.00852
G1 X90.243 Y92.633 E0.01828
G1 X90.016 Y92.724 E0.0061
G1 F4200 E-3.5
G0 F7200 X90.741 Y92.427
G0 X89.445 Y92.559
G0 X87.487 Y90.806
G0 X84.839 Y90.833
G0 X74.372 Y94.416
G1 F4200 E3.5
G1 F3600 X80.053 Y94.347 E0.14172
G1 X82.999 Y94.256 E0.07352
G1 X85.844 Y94.036 E0.07118
G1 X86.159 Y93.971 E0.00802
G1 X88.365 Y93.79 E0.05521
G1 X88.983 Y93.726 E0.0155
G1 X90.866 Y93.725 E0.04697
G1 X93.808 Y93.971 E0.07364
G1 X93.981 Y93.97 E0.00432
G1 X96.634 Y94.22 E0.06647
G1 X97.324 Y94.224 E0.01721
G1 X100.059 Y94.332 E0.06828
G1 X105.761 Y94.388 E0.14224
G1 X108.276 Y94.467 E0.06277
G1 X108.282 Y94.467 E0.00015
G1 F1500 X108.696 Y92.482 E0.04047
G1 F3600 X108.791 Y91.282 E0.03003
G1 X108.927 Y89.966 E0.033
G1 X108.751 Y88.673 E0.03255
G1 X108.629 Y87.477 E0.02999
G1 X108.613 Y87.428 E0.00129
G1 X107.982 Y85.475 E0.0512
G1 X105.62 Y85.532 E0.05894
G1 X100.055 Y85.564 E0.13882
G1 X97.284 Y85.68 E0.06918
G1 X96.64 Y85.684 E0.01606
G1 X93.996 Y85.949 E0.06629
G1 X93.809 Y85.949 E0.00466
G1 X91.38 Y86.12 E0.06074
G1 X91.019 Y86.16 E0.00906
G1 X88.961 Y86.259 E0.0514
G1 X85.998 Y86.049 E0.0741
G1 X83.11 Y85.771 E0.07237
G1 X80.108 Y85.649 E0.07495
G1 X77.192 Y85.66 E0.07274
G1 X74.362 Y85.588 E0.07062
G1 X72.098 Y85.506 E0.05651
G1 X72.081 Y85.505 E0.00042
G1 F1500 X71.537 Y87.461 E0.04052
G1 X71.438 Y89.969 E0.05009
G1 F3600 X71.557 Y91.02 E0.02638
G1 X71.654 Y92.488 E0.0367
G1 X71.677 Y92.555 E0.00177
G1 X72.336 Y94.475 E0.05064
G1 X74.372 Y94.416 E0.05081
G0 F7200 X74.377 Y94.816
;TYPE:WALL-OUTER
G1 F1800 X80.065 Y94.747 E0.1419
G1 X83.021 Y94.656 E0.07377
G1 X85.9 Y94.433 E0.07203
G1 X86.239 Y94.363 E0.00863
G1 X88.414 Y94.188 E0.05443
G1 X89.023 Y94.124 E0.01528
G1 X90.833 Y94.124 E0.04515
G1 X93.798 Y94.371 E0.07422
G1 X93.943 Y94.368 E0.00362
G1 X96.614 Y94.62 E0.06692
G1 X97.308 Y94.624 E0.01731
G1 X100.049 Y94.732 E0.06843
G1 X105.747 Y94.788 E0.14214
G1 X107.365 Y94.844 E0.04039
G1 X108.215 Y94.866 E0.02121
G1 X108.589 Y94.875 E0.00933
G1 X108.774 Y94.068 E0.02065
G1 X109.093 Y92.539 E0.03896
G1 X109.189 Y91.323 E0.03043
G1 X109.33 Y89.96 E0.03418
G1 X109.149 Y88.633 E0.03341
G1 X109.023 Y87.394 E0.03107
G1 X108.879 Y86.949 E0.01167
G1 X108.271 Y85.068 E0.04931
G1 X105.618 Y85.132 E0.0662
G1 X100.045 Y85.164 E0.13902
G1 X97.282 Y85.28 E0.06898
G1 X96.619 Y85.284 E0.01654
G1 X93.93 Y85.552 E0.06741
G1 X93.801 Y85.549 E0.00322
G1 X91.336 Y85.722 E0.06164
G1 X90.999 Y85.76 E0.00846
G1 X88.989 Y85.86 E0.0502
G1 X86.036 Y85.651 E0.07385
G1 X83.138 Y85.372 E0.07263
G1 X80.116 Y85.249 E0.07545
G1 X77.202 Y85.26 E0.07269
G1 X74.376 Y85.188 E0.07052
G1 X72.207 Y85.11 E0.05414
G1 X71.775 Y85.094 E0.01078
G1 F1500 X71.139 Y87.399 E0.04772
G1 X71.037 Y89.984 E0.05163
G1 F1800 X71.16 Y91.074 E0.02736
G1 X71.258 Y92.568 E0.03735
G1 X71.411 Y93.013 E0.01174
G1 X71.831 Y94.234 E0.03221
G1 X72.054 Y94.883 E0.01712
G1 X72.502 Y94.87 E0.01118
G1 X74.377 Y94.816 E0.04679
G0 F7200 X74.577 Y94.814
G1 F4200 E-3.5
G1 F600 Z12.1
G0 F7200 X90.057 Y87.861 Z12.1
G1 F600 Z11.6
G1 F4200 E3.5
G1 F1800 X90.555 Y88.135 E0.01418
G1 X91.15 Y88.705 E0.02055
G1 X91.629 Y89.728 E0.02818
G1 X91.627 Y89.829 E0.00252
G1 X91.623 Y89.837 E0.00022
G1 X91.312 Y90.424 E0.01657
G1 X90.708 Y91.808 E0.03767
G1 X90.635 Y91.896 E0.00285
G1 X90.549 Y91.953 E0.00257
G1 X89.975 Y92.33 E0.01713
G1 X89.847 Y92.322 E0.0032
G1 X89.511 Y92.3 E0.0084
G1 X89.003 Y91.872 E0.01657
G1 X87.981 Y90.491 E0.04286
G1 X87.915 Y90.339 E0.00413
G1 X87.885 Y90.272 E0.00183
G1 X87.795 Y90.066 E0.00561
G1 X87.8 Y89.84 E0.00564
G1 X87.839 Y89.755 E0.00233
G1 F1500 X89.363 Y88.168 E0.04391
G1 F1800 X89.517 Y88.091 E0.00429
G1 X89.943 Y87.88 E0.01186
G1 X90.057 Y87.861 E0.00288
G0 F7200 X90.232 Y87.957
G0 X90.413 Y87.472
G0 X91.347 Y88.566
G0 X91.92 Y89.795
G0 X90.872 Y92.024
G0 X90.031 Y92.823
G0 X90.1 Y93.22
;TYPE:SKIN
G1 F1106 X89.501 Y93.218 E0.02432
G1 F4200 E-3.5
G0 F7200 X88.911 Y93.633
G0 X87.63 Y93.651
G0 X88.59 Y92.291
G0 X87.032 Y89.709
G1 F4200 E3.5
G1 F1800 X87.035 Y90.277 E0.01417
G1 X87.301 Y90.886 E0.01658
G1 X88.427 Y92.408 E0.04723
G1 X89.084 Y92.962 E0.02144
G1 F1368.8 X89.501 Y93.218 E0.01605
G1 X89.095 Y93.343 E0.01393
G1 F1800 X88.947 Y93.345 E0.00369
G1 X88.336 Y93.409 E0.01532
G1 X86.177 Y93.587 E0.05404
G1 X85.043 Y92.997 E0.03189
G1 X85.008 Y89.948 E0.07606
G1 X85.146 Y87.283 E0.06657
G1 X85.812 Y86.996 E0.01809
G1 X86.621 Y86.473 E0.02403
G1 X88.929 Y86.636 E0.05772
G1 F1678.3 X89.691 Y86.629 E0.02039
G1 F1558.4 X90.266 Y86.607 E0.01658
G1 F1659 X90.691 Y86.554 E0.01159
G1 F1800 X93.262 Y86.369 E0.0643
G1 X94.05 Y87.647 E0.03745
G1 X94.404 Y89.453 E0.04591
G1 X94.62 Y89.899 E0.01236
G1 X94.415 Y90.407 E0.01367
G1 X94.077 Y92.213 E0.04583
G1 X93.298 Y93.544 E0.03847
G1 X90.893 Y93.344 E0.0602
G1 X90.491 Y93.344 E0.01003
G1 F1368.8 X90.1 Y93.22 E0.01346
G1 X90.419 Y92.966 E0.01338
G1 F1800 X91.09 Y92.529 E0.01997
G1 X91.424 Y92.117 E0.01323
G1 X92.012 Y90.768 E0.03671
G1 X92.376 Y90.091 E0.01917
G1 X92.403 Y89.539 E0.01379
G1 X91.863 Y88.386 E0.03176
G1 X91.659 Y88.111 E0.00854
G1 X91.083 Y87.559 E0.0199
G1 F1764.7 X90.482 Y87.183 E0.01804
G1 F1632.7 X90.202 Y87.062 E0.00839
G1 F1558.4 X89.75 Y87.08 E0.01303
G1 F1678.3 X89.047 Y87.452 E0.02128
G1 F1800 X88.771 Y87.653 E0.00852
G1 X87.227 Y89.265 E0.05568
G1 X87.032 Y89.709 E0.0121
G1 F4200 E-3.5
G0 F7200 X87.309 Y89.741
G0 X87.487 Y90.806
G0 X84.839 Y90.833
G0 X84.757 Y92.597
G0 X85.239 Y92.593
G1 F4200 E3.5
G1 F1800 X85.823 Y93.177 E0.0206
G0 F7200 X86.565 Y93.354
G1 F1800 X85.232 Y92.02 E0.04704
G0 F7200 X85.225 Y91.448
G1 F1800 X87.088 Y93.311 E0.06572
G0 F7200 X87.611 Y93.267
G1 F1800 X85.218 Y90.875 E0.0844
G0 F7200 X85.211 Y90.302
G1 F1800 X88.134 Y93.225 E0.10312
G0 F7200 X88.651 Y93.177
G1 F1800 X85.218 Y89.744 E0.12111
G0 F7200 X85.246 Y89.206
G1 F1800 X87.393 Y91.353 E0.07574
G1 X87.463 Y91.423
G0 F7200 X87.839 Y91.145
G0 X86.837 Y90.231
G1 F1800 X85.274 Y88.668 E0.05514
G0 F7200 X85.302 Y88.13
G1 F1800 X86.844 Y89.672 E0.0544
G0 F7200 X87.017 Y89.279
G1 F1800 X85.33 Y87.593 E0.0595
G0 F7200 X85.607 Y87.304
G1 F1800 X87.253 Y88.95 E0.05807
G0 F7200 X87.531 Y88.662
G1 F1800 X85.988 Y87.119 E0.05443
G0 F7200 X86.332 Y86.898
G1 F1800 X87.809 Y88.374 E0.05209
G0 F7200 X88.086 Y88.086
G1 F1800 X86.677 Y86.677 E0.04971
G0 F7200 X87.286 Y86.72
G1 F1800 X88.363 Y87.797 E0.03799
G0 F7200 X88.641 Y87.509
G1 F1800 X87.895 Y86.763 E0.02632
G0 F7200 X88.504 Y86.807
G1 F1800 X88.967 Y87.27 E0.01633
G0 F7200 X89.329 Y87.066
G1 F1800 X89.103 Y86.84 E0.00797
G0 F7200 X88.859 Y86.353
G0 X91.153 Y86.246
G0 X90.713 Y86.754
G1 F1800 X94.246 Y90.286 E0.12462
G0 F7200 X94.375 Y89.85
G1 F1800 X91.24 Y86.715 E0.1106
G0 F7200 X91.768 Y86.676
G1 F1800 X94.117 Y89.025 E0.08287
G0 F7200 X93.979 Y88.323
G1 F1800 X92.294 Y86.638 E0.05944
G0 F7200 X92.821 Y86.599
G1 F1800 X93.729 Y87.507 E0.03203
G1 X93.799 Y87.577
G1 F4200 E-3.5
G1 F600 Z12.1
G0 F7200 X94.445 Y87.179 Z12.1
G0 X92.35 Y88.955
G1 F600 Z11.6
G1 F4200 E3.5
G1 F1800 X94.15 Y90.756 E0.06352
G0 F7200 X94.06 Y91.232
G1 F1800 X92.594 Y89.765 E0.05173
G0 F7200 X92.515 Y90.252
G1 F1800 X93.97 Y91.707 E0.05133
G0 F7200 X93.869 Y92.172
G1 F1800 X92.317 Y90.62 E0.05475
G0 F7200 X92.129 Y90.998
G1 F1800 X93.661 Y92.529 E0.05403
G0 F7200 X93.452 Y92.886
G1 F1800 X91.958 Y91.392 E0.0527
G0 F7200 X91.786 Y91.786
G1 F1800 X93.243 Y93.243 E0.0514
G0 F7200 X92.729 Y93.295
G1 F1800 X91.614 Y92.18 E0.03933
G0 F7200 X91.367 Y92.499
G1 F1800 X92.113 Y93.244 E0.0263
G0 F7200 X91.496 Y93.193
G1 F1800 X91.078 Y92.775 E0.01475
G0 F7200 X90.735 Y92.997
G1 F1800 X90.882 Y93.144 E0.00519
G0 F7200 X93.481 Y93.693
G0 X105.818 Y89.962
G0 X106.096 Y89.968
G1 F1800 X105.967 Y88.726 E0.03115
G1 X105.727 Y87.546 E0.03004
G1 X105.383 Y86.698 E0.02283
G1 X105.19 Y85.923 E0.01992
G1 X107.707 Y85.86 E0.06281
G1 X108.251 Y87.554 E0.04438
G1 X108.365 Y88.661 E0.02776
G1 X108.542 Y89.972 E0.033
G1 X108.412 Y91.243 E0.03187
G1 X108.317 Y92.431 E0.02973
G1 X107.967 Y94.078 E0.042
G1 X105.541 Y93.999 E0.06055
G1 X105.81 Y92.443 E0.03939
G1 X105.994 Y91.268 E0.02967
G1 X106.096 Y89.968 E0.03253
G0 F7200 X105.818 Y89.962
G0 X105.377 Y93.32
G0 X105.847 Y93.402
G1 F1800 X106.268 Y93.822 E0.01483
G0 F7200 X106.852 Y93.842
G1 F1800 X105.93 Y92.919 E0.03254
G0 F7200 X106.012 Y92.436
G1 F1800 X107.437 Y93.861 E0.05027
G0 F7200 X107.843 Y93.701
G1 F1800 X106.089 Y91.947 E0.06188
G0 F7200 X106.166 Y91.459
G1 F1800 X107.943 Y93.235 E0.06267
G0 F7200 X108.042 Y92.768
G1 F1800 X106.219 Y90.945 E0.06431
G0 F7200 X106.26 Y90.421
G1 F1800 X108.129 Y92.289 E0.06592
G0 F7200 X108.17 Y91.765
G1 F1800 X106.287 Y89.882 E0.06643
G0 F7200 X106.222 Y89.251
G1 F1800 X108.212 Y91.242 E0.07022
G0 F7200 X108.264 Y90.728
G1 F1800 X106.146 Y88.61 E0.07472
G0 F7200 X106.001 Y87.899
G1 F1800 X108.317 Y90.216 E0.08172
G0 F7200 X108.295 Y89.627
G1 F1800 X105.756 Y87.089 E0.08955
G1 X105.686 Y87.019
G0 F7200 X105.475 Y86.242
G1 F1800 X108.206 Y88.972 E0.09633
G0 F7200 X108.131 Y88.332
G1 F1800 X105.902 Y86.103 E0.07863
G0 F7200 X106.455 Y86.09
G1 F1800 X108.066 Y87.701 E0.05683
G1 X108.136 Y87.771
G0 F7200 X107.831 Y86.901
G1 F1800 X107.008 Y86.078 E0.02903
G1 X106.938 Y86.008
G0 F7200 X106.929 Y85.601
G0 X86.563 Y86.252
G0 X74.928 Y92.344
G0 X74.658 Y92.428
G1 F1800 X74.847 Y92.869 E0.01197
G1 X75.195 Y94.026 E0.03014
G1 X74.365 Y94.036 E0.02071
G1 X72.606 Y94.084 E0.04389
G1 X72.03 Y92.408 E0.04421
G1 X71.944 Y91.067 E0.03352
G1 X71.817 Y89.944 E0.02819
G1 X71.915 Y87.516 E0.06062
G1 X72.363 Y85.894 E0.04198
G1 X74.344 Y85.968 E0.04945
G1 X75.1 Y85.986 E0.01886
G1 X74.592 Y87.572 E0.04154
G1 X74.548 Y88.381 E0.02021
G1 X74.48 Y90.017 E0.04085
G1 X74.584 Y91.709 E0.04229
G1 X74.658 Y92.428 E0.01803
G0 F7200 X74.928 Y92.344
G0 X75.468 Y94.226
G0 X72.957 Y94.357
G0 X72.944 Y93.874
G1 F1800 X72.641 Y93.571 E0.01069
G0 F7200 X73.495 Y93.859
G1 F1800 X72.346 Y92.71 E0.04053
G0 F7200 X72.204 Y92.003
G1 F1800 X74.045 Y93.844 E0.06495
G0 F7200 X74.6 Y93.833
G1 F1800 X72.165 Y91.399 E0.08588
G0 F7200 X72.113 Y90.78
G1 F1800 X74.827 Y93.494 E0.09574
G1 X74.897 Y93.564
G0 F7200 X75.31 Y93.441
G0 X74.971 Y92.445
G0 X74.528 Y92.63
G1 F1800 X72.041 Y90.143 E0.08774
G0 F7200 X72.032 Y89.568
G1 F1800 X74.405 Y91.942 E0.08373
G0 F7200 X74.361 Y91.331
G1 F1800 X72.053 Y89.024 E0.0814
G0 F7200 X72.075 Y88.48
G1 F1800 X74.323 Y90.728 E0.0793
G0 F7200 X74.287 Y90.126
G1 F1800 X72.097 Y87.937 E0.07724
G0 F7200 X72.148 Y87.421
G1 F1800 X74.299 Y89.573 E0.0759
G0 F7200 X74.321 Y89.029
G1 F1800 X72.271 Y86.978 E0.07234
G0 F7200 X72.393 Y86.535
G1 F1800 X74.344 Y88.486 E0.06883
G0 F7200 X74.372 Y87.949
G1 F1800 X72.524 Y86.101 E0.06519
G0 F7200 X73.11 Y86.121
G1 F1800 X74.423 Y87.434 E0.04632
G0 F7200 X74.562 Y87.007
G1 F1800 X73.696 Y86.141 E0.03055
G0 F7200 X74.282 Y86.162
G1 F1800 X74.699 Y86.579 E0.01471
G0 F7200 X75.447 Y86.816
;MESH:NONMESH
G0 F600 X75.447 Y86.816 Z11.75
G0 F7200 X74.692 Y86.005
;TIME_ELAPSED:766.480727
;LAYER:77
;TYPE:FILL
;MESH:pi 3mm_deformed_tet.stl
G1 F3600 X82.792 Y94.105 E0.28575
G1 X82.862 Y94.175
G0 F7200 X82.856 Y93.966
G0 X74.931 Y93.849
G0 X74.798 Y93.888
G1 F3600 X82.777 Y85.909 E0.28148
G1 X82.847 Y85.839
G0 F7200 X82.837 Y86.056
G0 X86.188 Y86.333
G0 X86.197 Y86.197
G1 F3600 X86.538 Y86.538 E0.01203
G0 F7200 X87.318 Y86.271
G0 X91.749 Y86.21
G0 X93.26 Y86.25
G0 X93.151 Y86.849
G1 F3600 X93.909 Y86.09 E0.02676
G1 X93.979 Y86.02
G0 F7200 X93.975 Y86.234
G0 X97.149 Y85.978
G0 X97.149 Y85.835
G1 F3600 X105.531 Y94.217 E0.2957
G1 X105.601 Y94.287
G0 F7200 X105.602 Y94.081
G0 X97.247 Y93.931
G0 X97.246 Y94.068
G1 F3600 X105.513 Y85.8 E0.29166
G1 X105.583 Y85.73
G0 F7200 X105.365 Y85.784
G0 X93.829 Y93.692
G0 X93.831 Y93.831
G1 F3600 X93.134 Y93.134 E0.02459
G1 X93.064 Y93.064
G1 F4200 E-3.5
G0 F7200 X93.268 Y93.184
G0 X92.049 Y93.656
G0 X91.026 Y93.585
G0 X90.371 Y92.453
G0 X89.84 Y92.404
;TYPE:WALL-INNER
G1 F4200 E3.5
G1 F3600 X89.627 Y92.328 E0.00564
G1 X89.469 Y92.272 E0.00418
G1 X89.428 Y92.257 E0.00109
G1 X89.388 Y92.204 E0.00166
G1 X88.891 Y91.537 E0.02075
G1 X87.983 Y90.487 E0.03463
G1 X87.861 Y90.346 E0.00465
G1 X87.793 Y90.155 E0.00506
G1 X87.796 Y89.889 E0.00664
G1 X87.879 Y89.678 E0.00566
G1 X88.419 Y89.152 E0.0188
G1 X89.498 Y88.102 E0.03756
G1 X89.615 Y87.989 E0.00406
G1 X89.876 Y87.849 E0.00739
G1 X90.188 Y87.855 E0.00778
G1 X90.436 Y87.998 E0.00714
G1 X91.12 Y88.655 E0.02366
G1 X91.247 Y88.832 E0.00543
G1 X91.653 Y89.698 E0.02386
G1 X91.609 Y90.053 E0.00892
G1 X90.864 Y91.451 E0.03952
G1 X90.74 Y91.685 E0.00661
G1 X90.65 Y91.886 E0.00549
G1 X90.617 Y91.961 E0.00204
G1 X90.48 Y92.153 E0.00588
G1 X90.269 Y92.304 E0.00647
G1 X90.041 Y92.395 E0.00612
G1 X89.84 Y92.404 E0.00502
G1 F4200 E-3.5
G0 F7200 X89.848 Y92.503
G0 X90.903 Y91.765
G0 X93.217 Y93.113
G0 X97.496 Y93.933
G0 X97.485 Y94.228
G1 F4200 E3.5
G1 F3600 X100.063 Y94.332 E0.06436
G1 X105.838 Y94.38 E0.14406
G1 X107.06 Y94.424 E0.0305
G1 X108.681 Y94.467 E0.04045
G1 X108.818 Y93.871 E0.01526
G1 X108.908 Y93.479 E0.01003
G1 X109.112 Y92.487 E0.02526
G1 X109.175 Y91.692 E0.01989
G1 X109.359 Y89.969 E0.04322
G1 X109.127 Y88.274 E0.04268
G1 X109.045 Y87.475 E0.02004
G1 X109.029 Y87.425 E0.00131
G1 X108.404 Y85.474 E0.0511
G1 X105.713 Y85.536 E0.06715
G1 X103.11 Y85.556 E0.06493
G1 X100.058 Y85.564 E0.07613
G1 X97.425 Y85.672 E0.06574
G1 X96.513 Y85.68 E0.02275
G1 X93.988 Y85.932 E0.0633
G1 X93.686 Y85.929 E0.00753
G1 X91.792 Y86.044 E0.04733
G1 X91.182 Y86.096 E0.01527
G1 X88.855 Y86.212 E0.05812
G1 X86.071 Y86.024 E0.06961
G1 X85.927 Y86.022 E0.00359
G1 X83.238 Y85.768 E0.06738
G1 X80.252 Y85.645 E0.07455
G1 X77.045 Y85.66 E0.08
G1 X74.274 Y85.592 E0.06914
G1 X71.663 Y85.5 E0.06517
G1 X71.458 Y86.167 E0.01741
G1 X71.105 Y87.453 E0.03327
G1 F1500 X71.002 Y89.966 E0.05019
G1 F3600 X71.165 Y91.408 E0.0362
G1 X71.238 Y92.484 E0.0269
G1 X71.259 Y92.546 E0.00163
G1 X71.921 Y94.476 E0.0509
G1 X74.281 Y94.412 E0.05889
G1 X80.075 Y94.351 E0.14454
G1 X82.987 Y94.26 E0.07268
G1 X85.88 Y94.041 E0.07237
G1 X85.936 Y94.03 E0.00142
G1 X88.457 Y93.825 E0.06309
G1 X88.918 Y93.78 E0.01155
G1 X91.05 Y93.777 E0.05318
G1 X93.681 Y93.995 E0.06586
G1 X93.974 Y93.988 E0.00731
G1 X96.505 Y94.228 E0.06342
G1 X97.485 Y94.228 E0.02445
G0 F7200 X97.469 Y94.628
;TYPE:WALL-OUTER
G1 F1800 X100.053 Y94.732 E0.06451
G1 X105.824 Y94.78 E0.14396
G1 X107.049 Y94.824 E0.03058
G1 X108.997 Y94.875 E0.04861
G1 X109.088 Y94.48 E0.01011
G1 X109.3 Y93.56 E0.02355
G1 X109.509 Y92.543 E0.0259
G1 X109.573 Y91.734 E0.02024
G1 X109.762 Y89.963 E0.04443
G1 X109.525 Y88.233 E0.04356
G1 X109.439 Y87.393 E0.02106
G1 F1500 X108.692 Y85.068 E0.04873
G1 F1800 X108.276 Y85.077 E0.01038
G1 X105.71 Y85.136 E0.06403
G1 X103.109 Y85.156 E0.06488
G1 X100.049 Y85.164 E0.07633
G1 X97.422 Y85.272 E0.06559
G1 X96.491 Y85.28 E0.02322
G1 X93.97 Y85.532 E0.0632
G1 X93.677 Y85.529 E0.00731
G1 X91.758 Y85.646 E0.04796
G1 X91.162 Y85.696 E0.01492
G1 X88.83 Y85.812 E0.05824
G1 X86.085 Y85.624 E0.06863
G1 X85.965 Y85.624 E0.00299
G1 X83.26 Y85.368 E0.06778
G1 X80.26 Y85.245 E0.0749
G1 X77.055 Y85.26 E0.07995
G1 X74.288 Y85.192 E0.06904
G1 X71.785 Y85.105 E0.06248
G1 X71.367 Y85.09 E0.01043
G1 X71.072 Y86.061 E0.02531
G1 X70.707 Y87.391 E0.0344
G1 F1500 X70.601 Y89.98 E0.05171
G1 F1800 X70.768 Y91.462 E0.0372
G1 X70.842 Y92.564 E0.02755
G1 X70.995 Y93.01 E0.01176
G1 X71.638 Y94.884 E0.04942
G1 X74.285 Y94.812 E0.06605
G1 X80.087 Y94.751 E0.14474
G1 X83.009 Y94.66 E0.07292
G1 X85.941 Y94.437 E0.07335
G1 X86.007 Y94.424 E0.00168
G1 X88.498 Y94.223 E0.06234
G1 X88.899 Y94.181 E0.01006
G1 X91.017 Y94.176 E0.05283
G1 X93.67 Y94.395 E0.0664
G1 X93.967 Y94.388 E0.00741
G1 X96.486 Y94.628 E0.06312
G1 X97.469 Y94.628 E0.02452
G0 F7200 X97.668 Y94.636
G1 F4200 E-3.5
G1 F600 Z12.25
G0 F7200 X97.707 Y93.641 Z12.25
G0 X89.971 Y92.001
G1 F600 Z11.75
G1 F4200 E3.5
G1 F1800 X89.713 Y91.959 E0.00652
G1 X89.203 Y91.286 E0.02106
G1 X88.202 Y90.12 E0.03833
G1 X88.185 Y89.981 E0.00349
G1 X88.216 Y89.912 E0.00189
G1 F1500 X89.885 Y88.284 E0.04653
G1 F1800 X89.975 Y88.236 E0.00254
G1 X90.097 Y88.24 E0.00304
G1 X90.11 Y88.24 E0.00032
G1 X90.869 Y88.968 E0.02623
G1 X91.242 Y89.764 E0.02193
G1 X91.25 Y89.883 E0.00298
G1 X90.681 Y90.946 E0.03008
G1 X90.38 Y91.509 E0.01593
G1 X90.206 Y91.862 E0.00982
G1 X89.971 Y92.001 E0.00681
G0 F7200 X89.774 Y91.969
G1 F4200 E-3.5
G0 F7200 X89.839 Y92.498
G0 X91.777 Y90.12
G0 X93.966 Y90.91
G0 X93.798 Y90.835
;TYPE:SKIN
G1 F4200 E3.5
G1 F1800 X93.549 Y92.141 E0.03317
G1 X92.959 Y93.158 E0.02933
G1 X91.926 Y93.464 E0.02688
G1 X91.077 Y93.396 E0.02125
G1 X90.588 Y93.396 E0.0122
G1 F1568.6 X90.158 Y93.34 E0.01241
G1 F1382 X89.668 Y93.336 E0.01592
G1 F1558.4 X89.095 Y93.4 E0.01661
G1 F1800 X88.903 Y93.4 E0.00479
G1 X87.013 Y93.558 E0.04731
G1 X85.358 Y92.372 E0.05079
G1 X85.528 Y90.466 E0.04773
G1 X85.366 Y90.087 E0.01028
G1 X85.442 Y87.901 E0.05456
G1 X85.836 Y87.496 E0.01409
G1 X87.378 Y86.493 E0.04589
G1 X88.846 Y86.592 E0.0367
G1 X91.199 Y86.476 E0.05877
G1 X91.719 Y86.432 E0.01302
G1 X91.988 Y86.535 E0.00719
G1 X92.914 Y86.734 E0.02363
G1 X93.522 Y87.719 E0.02887
G1 X93.774 Y88.984 E0.03218
G1 X94.197 Y89.87 E0.02449
G1 X93.798 Y90.835 E0.02605
G1 F4200 E-3.5
G0 F7200 X94.061 Y90.944
G0 X93.756 Y92.224
G0 X93.103 Y93.342
G0 X91.962 Y93.691
G0 X90.903 Y91.765
G0 X90.113 Y92.827
G1 F4200 E3.5
G1 F1568.6 X90.738 Y92.43 E0.02119
G1 F1800 X90.945 Y92.139 E0.00891
G1 X91.067 Y91.88 E0.00714
G1 X91.968 Y90.179 E0.04802
G1 X92.016 Y89.963 E0.00552
G1 X91.984 Y89.533 E0.01076
G1 X91.579 Y88.65 E0.02423
G1 X91.395 Y88.392 E0.0079
G1 X90.699 Y87.723 E0.02408
G1 X90.337 Y87.507 E0.01052
G1 X89.837 Y87.472 E0.0125
G1 X89.349 Y87.711 E0.01355
G1 X87.679 Y89.337 E0.05814
G1 X87.54 Y89.518 E0.00569
G1 X87.433 Y89.776 E0.00697
G1 X87.418 Y90.226 E0.01123
G1 X87.556 Y90.575 E0.00936
G1 X88.592 Y91.77 E0.03945
G1 X89.169 Y92.543 E0.02406
G1 F1558.4 X89.756 Y92.827 E0.01879
G1 F1382 X90.113 Y92.827 E0.0116
G1 F4200 E-3.5
G0 F7200 X89.883 Y92.501
G0 X91.066 Y93.578
G0 X91.962 Y93.691
G0 X92.444 Y93.101
G1 F4200 E3.5
G1 F1800 X93.197 Y92.347 E0.02658
G1 X93.267 Y92.277
G0 F7200 X93.463 Y91.516
G1 F1800 X91.731 Y93.248 E0.0611
G0 F7200 X91.206 Y93.207
G1 F1800 X93.595 Y90.819 E0.08426
G1 X93.665 Y90.749
G0 F7200 X93.976 Y89.872
G1 F1800 X90.651 Y93.197 E0.1173
G0 F7200 X90.302 Y92.98
G1 F1800 X90.191 Y93.091 E0.00392
G0 F7200 X89.304 Y92.847
G1 F1800 X88.95 Y93.201 E0.01249
G0 F7200 X88.972 Y92.613
G1 F1800 X88.338 Y93.247 E0.02237
G0 F7200 X87.721 Y93.298
G1 F1800 X88.73 Y92.289 E0.0356
G0 F7200 X88.488 Y91.966
G1 F1800 X87.104 Y93.35 E0.04882
G0 F7200 X86.758 Y93.13
G1 F1800 X88.23 Y91.658 E0.05193
G0 F7200 X87.967 Y91.355
G1 F1800 X86.428 Y92.894 E0.05429
G0 F7200 X86.099 Y92.657
G1 F1800 X87.705 Y91.052 E0.05664
G0 F7200 X87.442 Y90.749
G1 F1800 X85.77 Y92.421 E0.05898
G0 F7200 X85.59 Y92.035
G1 F1800 X87.261 Y90.365 E0.05893
G0 F7200 X87.22 Y89.839
G1 F1800 X85.645 Y91.414 E0.05556
G0 F7200 X85.7 Y90.794
G1 F1800 X89.747 Y86.747 E0.14277
G0 F7200 X89.773 Y87.287
G1 F1800 X90.341 Y86.718 E0.02006
G0 F7200 X90.323 Y87.302
G1 F1800 X90.936 Y86.689 E0.02163
G0 F7200 X91.543 Y86.647
G1 F1800 X90.697 Y87.494 E0.02986
G0 F7200 X91.01 Y87.746
G1 F1800 X92.009 Y86.747 E0.03524
G0 F7200 X92.477 Y86.845
G1 F1800 X91.298 Y88.024 E0.04159
G0 F7200 X91.58 Y88.308
G1 F1800 X92.86 Y87.028 E0.04516
G0 F7200 X93.076 Y87.378
G1 F1800 X91.799 Y88.655 E0.04505
G0 F7200 X91.98 Y89.04
G1 F1800 X93.291 Y87.728 E0.04627
G0 F7200 X93.407 Y88.178
G1 F1800 X92.161 Y89.424 E0.04396
G0 F7200 X92.216 Y89.935
G1 F1800 X93.501 Y88.65 E0.04533
G0 F7200 X93.61 Y89.106
G1 F1800 X91.812 Y90.904 E0.06343
G1 X91.742 Y90.974
G0 F7200 X91.345 Y90.763
G0 X90.754 Y91.899
G0 X91.187 Y92.095
G1 F1800 X93.793 Y89.489 E0.09193
G1 X93.863 Y89.419
G0 F7200 X94.214 Y89.252
G0 X94.066 Y87.506
G0 X93.26 Y86.25
G0 X91.879 Y86.243
G0 X89.129 Y86.299
G0 X89.151 Y86.777
G1 F1800 X85.663 Y90.265 E0.12305
G0 F7200 X85.576 Y89.786
G1 F1800 X88.587 Y86.775 E0.10622
G0 F7200 X88.057 Y86.739
G1 F1800 X85.597 Y89.2 E0.0868
G0 F7200 X85.617 Y88.614
G1 F1800 X87.528 Y86.703 E0.06742
G1 X87.598 Y86.633
G0 F7200 X87.23 Y86.336
G0 X85.849 Y87.155
G0 X86.109 Y87.556
G1 F1800 X85.638 Y88.028 E0.01663
G0 F7200 X85.162 Y88.011
G0 X74.385 Y92.358
G0 X74.118 Y92.442
G1 F1800 X74.455 Y93.24 E0.02161
G1 X74.692 Y94.027 E0.0205
G1 X72.19 Y94.088 E0.06243
G1 X71.61 Y92.404 E0.04443
G1 X71.552 Y91.455 E0.02372
G1 X71.381 Y89.944 E0.03793
G1 X71.484 Y87.508 E0.06082
G1 X71.931 Y85.89 E0.04187
G1 X74.553 Y85.976 E0.06544
G1 X74.04 Y87.556 E0.04144
G1 X73.964 Y88.9 E0.03358
G1 X73.92 Y90.013 E0.02779
G1 X73.992 Y91.177 E0.02909
G1 X74.118 Y92.442 E0.03171
G0 F7200 X74.385 Y92.358
G0 X74.827 Y93.504
G0 X74.367 Y93.641
G1 F1800 X74.171 Y93.838 E0.00693
G0 F7200 X73.591 Y93.852
G1 F1800 X74.227 Y93.216 E0.02244
G0 F7200 X74.06 Y92.818
G1 F1800 X73.01 Y93.867 E0.03702
G0 F7200 X72.43 Y93.882
G1 F1800 X73.908 Y92.403 E0.05216
G0 F7200 X73.859 Y91.887
G1 F1800 X72.211 Y93.535 E0.05814
G0 F7200 X72.066 Y93.114
G1 F1800 X73.809 Y91.372 E0.06147
G0 F7200 X73.77 Y90.844
G1 F1800 X71.921 Y92.693 E0.06523
G0 F7200 X71.801 Y92.248
G1 F1800 X73.737 Y90.312 E0.0683
G0 F7200 X73.73 Y89.753
G1 F1800 X71.769 Y91.715 E0.0692
G0 F7200 X71.724 Y91.193
G1 F1800 X73.753 Y89.165 E0.07156
G0 F7200 X73.782 Y88.57
G1 F1800 X71.667 Y90.685 E0.07461
G0 F7200 X71.609 Y90.177
G1 F1800 X73.816 Y87.97 E0.07786
G0 F7200 X73.904 Y87.316
G1 F1800 X71.595 Y89.625 E0.08146
G0 F7200 X71.62 Y89.035
G1 F1800 X74.181 Y86.474 E0.09035
G0 F7200 X73.934 Y86.155
G1 F1800 X71.645 Y88.444 E0.08075
G0 F7200 X71.67 Y87.853
G1 F1800 X73.386 Y86.137 E0.06054
G0 F7200 X72.838 Y86.119
G1 F1800 X71.786 Y87.171 E0.03711
G1 X71.716 Y87.241
G0 F7200 X72.007 Y86.385
G1 F1800 X72.291 Y86.101 E0.01002
G0 F7200 X72.308 Y85.625
G0 X91.749 Y86.21
G0 X106.331 Y89.961
G0 X106.612 Y89.972
G1 F1800 X106.429 Y88.276 E0.04255
G1 X106.279 Y87.542 E0.01869
G1 X105.787 Y86.317 E0.03293
G1 X105.684 Y85.911 E0.01045
G1 X108.126 Y85.86 E0.06093
G1 X108.667 Y87.55 E0.04426
G1 X108.741 Y88.261 E0.01783
G1 X108.974 Y89.972 E0.04307
G1 X108.793 Y91.699 E0.04332
G1 X108.733 Y92.435 E0.01842
G1 X108.538 Y93.387 E0.02424
G1 X108.378 Y94.076 E0.01764
G1 X107.076 Y94.044 E0.03249
G1 X106.043 Y94.005 E0.02579
G1 X106.19 Y93.43 E0.0148
G1 X106.358 Y92.454 E0.0247
G1 X106.474 Y91.707 E0.01886
G1 X106.612 Y89.972 E0.04342
G0 F7200 X106.333 Y89.962
G0 X105.561 Y86.506
G0 X106.007 Y86.326
G1 F1800 X106.235 Y86.098 E0.00804
G0 F7200 X106.812 Y86.087
G1 F1800 X106.169 Y86.73 E0.02268
G0 F7200 X106.33 Y87.134
G1 F1800 X107.39 Y86.075 E0.03738
G0 F7200 X107.967 Y86.063
G1 F1800 X106.484 Y87.546 E0.05232
G0 F7200 X106.58 Y88.016
G1 F1800 X108.115 Y86.481 E0.05415
G0 F7200 X108.252 Y86.91
G1 F1800 X106.655 Y88.506 E0.05632
G0 F7200 X106.71 Y89.017
G1 F1800 X108.389 Y87.338 E0.05923
G0 F7200 X108.491 Y87.801
G1 F1800 X106.765 Y89.527 E0.06089
G0 F7200 X106.806 Y90.053
G1 F1800 X108.546 Y88.313 E0.06138
G0 F7200 X108.614 Y88.81
G1 F1800 X106.757 Y90.667 E0.06551
G0 F7200 X106.708 Y91.282
G1 F1800 X108.682 Y89.308 E0.06964
G0 F7200 X108.75 Y89.805
G1 F1800 X106.646 Y91.91 E0.07424
G0 F7200 X106.54 Y92.581
G1 F1800 X108.729 Y90.392 E0.07722
G0 F7200 X108.663 Y91.024
G1 F1800 X106.422 Y93.265 E0.07906
G0 F7200 X106.434 Y93.819
G1 F1800 X108.596 Y91.657 E0.07627
G0 F7200 X108.545 Y92.273
G1 F1800 X106.984 Y93.834 E0.05507
G0 F7200 X107.533 Y93.851
G1 F1800 X108.42 Y92.964 E0.03129
G0 F7200 X108.262 Y93.688
G1 F1800 X108.083 Y93.866 E0.0063
;MESH:NONMESH
G0 F600 X108.083 Y93.866 Z11.9
G0 F7200 X105.85 Y93.642
G0 X93.26 Y86.25
G0 X91.879 Y86.243
G0 X74.875 Y85.896
G0 X74.445 Y85.759
;TIME_ELAPSED:791.167370
;LAYER:78
;TYPE:FILL
;MESH:pi 3mm_deformed_tet.stl
G1 F3600 X82.799 Y94.113 E0.29471
G1 X82.869 Y94.183
G0 F7200 X82.864 Y93.973
G0 X86.112 Y93.741
G0 X86.12 Y93.88
G1 F3600 X86.894 Y93.105 E0.02732
G1 X86.964 Y93.035
G0 F7200 X86.825 Y93.228
G0 X87.657 Y93.764
G0 X90.986 Y93.672
G0 X92.508 Y93.415
G0 X92.775 Y92.775
G1 F3600 X93.851 Y93.851 E0.03796
G1 X93.921 Y93.921
G0 F7200 X93.917 Y93.712
G0 X97.238 Y93.941
G0 X97.238 Y94.076
G1 F3600 X105.612 Y85.701 E0.29543
G1 X105.682 Y85.631
G0 F7200 X105.682 Y85.842
G0 X97.135 Y85.964
G0 X97.136 Y85.822
G1 F3600 X105.531 Y94.217 E0.29616
G1 X105.601 Y94.287
G0 F7200 X105.602 Y94.075
G0 X93.927 Y86.213
G0 X93.929 Y86.07
G1 F3600 X92.797 Y87.203 E0.03995
G1 X92.727 Y87.273
G0 F7200 X92.929 Y87.15
G0 X90.91 Y86.226
G0 X88.681 Y86.322
G0 X86.975 Y86.932
G0 X87.05 Y87.05
G1 F3600 X86.162 Y86.162 E0.03133
G1 X86.092 Y86.092
G0 F7200 X86.095 Y86.304
G0 X82.774 Y86.047
G0 X82.78 Y85.906
G1 F3600 X74.439 Y94.247 E0.29425
G1 X74.369 Y94.317
G1 F4200 E-3.5
G0 F7200 X74.519 Y94.143
G0 X87.553 Y93.627
G0 X89.377 Y91.918
G0 X89.779 Y91.913
;TYPE:WALL-INNER
G1 F4200 E3.5
G1 F3600 X89.498 Y91.782 E0.00773
G1 X88.241 Y90.329 E0.04793
G1 X88.176 Y90.12 E0.00546
G1 X88.177 Y89.915 E0.00511
G1 X88.268 Y89.667 E0.00659
G1 X89.563 Y88.412 E0.04498
G1 X89.809 Y88.294 E0.00681
G1 X90.122 Y88.307 E0.00781
G1 X90.358 Y88.449 E0.00687
G1 X90.842 Y88.916 E0.01678
G1 X90.968 Y89.094 E0.00544
G1 X91.254 Y89.706 E0.01685
G1 X91.272 Y89.89 E0.00461
G1 X91.23 Y90.103 E0.00542
G1 X90.364 Y91.723 E0.04582
G1 X90.081 Y91.895 E0.00826
G1 X89.779 Y91.913 E0.00755
G1 F4200 E-3.5
G0 F7200 X89.176 Y91.564
G0 X89.979 Y92.068
G0 X91.231 Y90.489
G0 X93.338 Y91.377
G0 X97.659 Y93.94
G0 X97.648 Y94.236
G1 F4200 E3.5
G1 F3600 X100.072 Y94.332 E0.06051
G1 X103.034 Y94.363 E0.07389
G1 X103.313 Y94.356 E0.00696
G1 X105.913 Y94.376 E0.06486
G1 X109.089 Y94.466 E0.07926
G1 X109.33 Y93.421 E0.02675
G1 X109.525 Y92.576 E0.02163
G1 X109.563 Y92.104 E0.01181
G1 F1500 X109.791 Y89.97 E0.04283
G1 X109.498 Y87.869 E0.04233
G1 F3600 X109.461 Y87.47 E0.01
G1 X109.443 Y87.415 E0.00144
G1 X108.818 Y85.474 E0.05087
G1 X105.801 Y85.54 E0.07528
G1 X103.192 Y85.56 E0.06508
G1 X102.959 Y85.553 E0.00581
G1 X100.058 Y85.564 E0.07237
G1 X97.626 Y85.668 E0.06072
G1 X96.996 Y85.66 E0.01572
G1 X96.386 Y85.676 E0.01522
G1 X94.007 Y85.912 E0.05964
G1 X93.554 Y85.905 E0.0113
G1 X91.267 Y86.048 E0.05716
G1 X88.644 Y86.164 E0.06549
G1 X86.196 Y86.001 E0.0612
G1 X85.931 Y86.004 E0.00661
G1 X83.364 Y85.76 E0.06432
G1 X83.006 Y85.756 E0.00893
G1 X80.396 Y85.645 E0.06517
G1 X77.049 Y85.66 E0.08349
G1 X74.183 Y85.592 E0.07151
G1 X71.245 Y85.492 E0.07333
G1 X70.875 Y86.701 E0.03154
G1 X70.669 Y87.449 E0.01935
G1 F1500 X70.57 Y89.962 E0.05019
G1 F3600 X70.777 Y91.792 E0.04594
G1 X70.822 Y92.485 E0.01732
G1 X70.842 Y92.545 E0.00158
G1 X71.506 Y94.478 E0.05098
G1 X72.949 Y94.448 E0.036
G1 X74.192 Y94.408 E0.03102
G1 X80.043 Y94.355 E0.14596
G1 X82.976 Y94.268 E0.0732
G1 X85.786 Y94.053 E0.0703
G1 X85.931 Y94.052 E0.00362
G1 X87.114 Y93.972 E0.02958
G1 X88.746 Y93.837 E0.04085
G1 X91.236 Y93.833 E0.06211
G1 X93.556 Y94.019 E0.05806
G1 X93.994 Y94.008 E0.01093
G1 X96.376 Y94.232 E0.05968
G1 X97.648 Y94.236 E0.03173
G0 F7200 X97.632 Y94.636
;TYPE:WALL-OUTER
G1 F1800 X100.062 Y94.732 E0.06066
G1 X103.038 Y94.763 E0.07424
G1 X103.31 Y94.756 E0.00679
G1 X105.902 Y94.776 E0.06466
G1 X109.405 Y94.875 E0.08742
G1 X109.618 Y93.95 E0.02368
G1 X109.826 Y93.05 E0.02304
G1 X109.929 Y92.543 E0.01291
G1 X109.961 Y92.146 E0.00994
G1 F1500 X110.194 Y89.964 E0.04379
G1 X109.896 Y87.831 E0.04298
G1 F1800 X109.855 Y87.389 E0.01107
G1 X109.713 Y86.947 E0.01158
G1 X109.107 Y85.068 E0.04925
G1 X105.798 Y85.14 E0.08256
G1 X103.205 Y85.16 E0.06468
G1 X102.965 Y85.153 E0.00599
G1 X100.049 Y85.164 E0.07274
G1 X97.597 Y85.268 E0.06122
G1 X96.994 Y85.26 E0.01504
G1 X96.361 Y85.276 E0.0158
G1 X93.989 Y85.512 E0.05946
G1 X93.545 Y85.505 E0.01108
G1 X91.249 Y85.648 E0.05738
G1 X88.67 Y85.764 E0.0644
G1 X86.206 Y85.601 E0.0616
G1 X85.937 Y85.604 E0.00671
G1 X83.385 Y85.36 E0.06395
G1 X83.023 Y85.356 E0.00903
G1 X80.404 Y85.245 E0.06539
G1 X77.059 Y85.26 E0.08344
G1 X74.197 Y85.192 E0.07141
G1 X71.365 Y85.096 E0.07069
G1 X70.951 Y85.082 E0.01033
G1 X70.489 Y86.595 E0.03946
G1 X70.271 Y87.387 E0.02049
G1 F1500 X70.169 Y89.976 E0.05171
G1 F1800 X70.38 Y91.847 E0.04697
G1 X70.426 Y92.564 E0.01792
G1 X70.578 Y93.006 E0.01166
G1 X71.222 Y94.884 E0.04952
G1 X72.961 Y94.848 E0.04339
G1 X74.197 Y94.808 E0.03085
G1 X80.046 Y94.755 E0.14591
G1 X82.997 Y94.668 E0.07364
G1 X85.816 Y94.452 E0.07053
G1 X85.945 Y94.452 E0.00322
G1 X87.146 Y94.371 E0.03003
G1 X88.779 Y94.236 E0.04087
G1 X91.204 Y94.232 E0.06049
G1 X93.546 Y94.419 E0.05861
G1 X93.991 Y94.408 E0.0111
G1 X96.355 Y94.632 E0.05923
G1 X97.632 Y94.636 E0.03186
G0 F7200 X97.831 Y94.643
G1 F4200 E-3.5
G0 F7200 X97.858 Y93.948
G0 X92.729 Y92.934
G0 X90.585 Y91.694
G0 X89.958 Y91.515
G1 F4200 E3.5
G1 F1800 X89.77 Y91.48 E0.00477
G1 X88.616 Y90.151 E0.04391
G1 X88.57 Y90.054 E0.00268
G1 X88.589 Y89.914 E0.00352
G1 X89.814 Y88.724 E0.0426
G1 X89.896 Y88.684 E0.00228
G1 X90.032 Y88.69 E0.0034
G1 X90.591 Y89.23 E0.01939
G1 X90.868 Y89.836 E0.01662
G1 X90.866 Y89.931 E0.00237
G1 X90.053 Y91.457 E0.04313
G1 X89.958 Y91.515 E0.00278
G0 F7200 X89.77 Y91.48
G0 X89.765 Y91.474
G1 F4200 E-3.5
G0 F7200 X89.176 Y91.564
G0 X88.177 Y90.532
G0 X85.943 Y90.914
G0 X86.125 Y90.884
;TYPE:SKIN
G1 F4200 E3.5
G1 F1800 X85.766 Y90.099 E0.02153
G1 X85.83 Y88.245 E0.04628
G1 X86.444 Y87.612 E0.022
G1 X87.901 Y86.66 E0.04342
G1 X88.696 Y86.54 E0.02006
G1 X90.855 Y86.447 E0.05391
G1 X91.362 Y86.735 E0.01455
G1 X91.963 Y86.971 E0.01611
G1 X92.57 Y87.102 E0.01549
G1 X92.99 Y87.783 E0.01996
G1 X93.123 Y88.455 E0.01709
G1 X93.773 Y89.842 E0.03821
G1 X93.159 Y91.338 E0.04034
G1 X93.021 Y92.068 E0.01853
G1 X92.607 Y92.778 E0.0205
G1 X91.94 Y92.978 E0.01737
G1 X91.143 Y93.305 E0.02149
G1 X90.92 Y93.452 E0.00666
G1 X88.715 Y93.456 E0.055
G1 X87.737 Y93.538 E0.02448
G1 X85.998 Y92.292 E0.05337
G1 X86.125 Y90.884 E0.03527
G1 F4200 E-3.5
G0 F7200 X85.842 Y90.934
G0 X88.177 Y90.532
G0 X89.741 Y92.288
G1 F4200 E3.5
G1 F1800 X90.171 Y92.262 E0.01075
G1 X90.553 Y92.043 E0.01098
G1 X90.742 Y91.811 E0.00746
G1 X91.558 Y90.297 E0.0429
G1 X91.652 Y89.891 E0.0104
G1 X91.617 Y89.598 E0.00736
G1 X91.314 Y88.932 E0.01825
G1 X91.127 Y88.666 E0.00811
G1 X90.603 Y88.158 E0.01821
G1 X90.276 Y87.961 E0.00952
G1 X89.725 Y87.924 E0.01378
G1 X89.324 Y88.114 E0.01107
G1 X87.954 Y89.441 E0.04758
G1 X87.8 Y89.873 E0.01144
G1 X87.803 Y90.203 E0.00823
G1 X87.871 Y90.416 E0.00558
G1 X88.012 Y90.642 E0.00664
G1 X89.245 Y92.068 E0.04703
G1 X89.741 Y92.288 E0.01354
G1 F4200 E-3.5
G0 F7200 X89.758 Y92.011
G0 X88.177 Y90.532
G0 X85.943 Y90.916
G0 X85.759 Y91.849
G0 X86.234 Y91.891
G1 F4200 E3.5
G1 F1800 X87.379 Y93.036 E0.04039
G1 X87.449 Y93.106
G0 F7200 X88.207 Y93.298
G1 F1800 X86.28 Y91.372 E0.06796
G0 F7200 X86.306 Y90.831
G1 F1800 X88.731 Y93.257 E0.08557
G0 F7200 X89.296 Y93.256
G1 F1800 X85.971 Y89.931 E0.1173
G0 F7200 X85.99 Y89.384
G1 F1800 X89.861 Y93.255 E0.13656
G0 F7200 X90.425 Y93.253
G1 F1800 X89.637 Y92.466 E0.02778
G0 F7200 X90.197 Y92.46
G1 F1800 X90.937 Y93.2 E0.02611
G0 F7200 X91.321 Y93.018
G1 F1800 X90.566 Y92.263 E0.02663
G0 F7200 X90.85 Y91.981
G1 F1800 X91.722 Y92.853 E0.03076
G0 F7200 X92.142 Y92.707
G1 F1800 X91.067 Y91.633 E0.03791
G0 F7200 X91.264 Y91.264
G1 F1800 X92.524 Y92.524 E0.04445
G0 F7200 X92.732 Y92.166
G1 F1800 X91.461 Y90.896 E0.04482
G0 F7200 X91.659 Y90.528
G1 F1800 X92.879 Y91.748 E0.04304
G0 F7200 X92.971 Y91.274
G1 F1800 X91.803 Y90.106 E0.0412
G0 F7200 X91.81 Y89.547
G1 F1800 X93.132 Y90.87 E0.04665
G0 F7200 X93.298 Y90.469
G1 F1800 X89.533 Y86.705 E0.1328
G0 F7200 X88.991 Y86.728
G1 F1800 X89.991 Y87.729 E0.0353
G0 F7200 X89.517 Y87.82
G1 F1800 X88.473 Y86.776 E0.03683
G0 F7200 X87.982 Y86.85
G1 F1800 X89.143 Y88.011 E0.04096
G0 F7200 X88.856 Y88.29
G1 F1800 X87.637 Y87.072 E0.04299
G0 F7200 X87.295 Y87.295
G1 F1800 X88.569 Y88.569 E0.04494
G0 F7200 X88.282 Y88.848
G1 F1800 X86.953 Y87.519 E0.04688
G0 F7200 X86.611 Y87.742
G1 F1800 X87.995 Y89.127 E0.04884
G0 F7200 X87.75 Y89.447
G1 F1800 X86.324 Y88.021 E0.05031
G0 F7200 X86.046 Y88.308
G1 F1800 X87.601 Y89.864 E0.05487
G0 F7200 X87.724 Y90.552
G1 F1800 X86.009 Y88.837 E0.0605
G1 X85.939 Y88.767
G0 F7200 X85.536 Y88.753
G0 X86.084 Y87.158
G0 X87.819 Y86.454
G0 X90.056 Y86.201
G0 X90.076 Y86.681
G1 F1800 X93.463 Y90.068 E0.11949
G0 F7200 X93.327 Y89.367
G1 F1800 X90.618 Y86.658 E0.09557
G1 X90.548 Y86.588
G0 F7200 X91.002 Y86.289
G0 X91.548 Y87.022
G1 F1800 X92.905 Y88.379 E0.04787
G1 X92.975 Y88.449
G0 F7200 X93.391 Y88.368
G0 X92.974 Y87.223
G0 X92.565 Y87.473
G1 F1800 X92.351 Y87.26 E0.00753
G0 F7200 X92.45 Y86.792
G0 X90.91 Y86.226
G0 X88.681 Y86.322
G0 X73.846 Y92.372
G0 X73.578 Y92.457
G1 F1800 X74.073 Y93.63 E0.03176
G1 X74.193 Y94.03 E0.01042
G1 X71.774 Y94.088 E0.06036
G1 X71.198 Y92.404 E0.0444
G1 X71.164 Y91.843 E0.01402
G1 X70.949 Y89.936 E0.04787
G1 X71.047 Y87.504 E0.06072
G1 X71.237 Y86.818 E0.01776
G1 X71.52 Y85.882 E0.02439
G1 X74.002 Y85.964 E0.06195
G1 X73.488 Y87.544 E0.04145
G1 X73.384 Y89.384 E0.04597
G1 X73.36 Y90.017 E0.0158
G1 X73.4 Y90.649 E0.0158
G1 X73.578 Y92.457 E0.04532
G0 F7200 X73.846 Y92.372
G0 X74.466 Y94.229
G0 X72.387 Y94.36
G0 X72.377 Y93.873
G1 F1800 X71.67 Y93.166 E0.02494
G1 X71.6 Y93.096
G0 F7200 X71.394 Y92.324
G1 F1800 X72.93 Y93.861 E0.0542
G0 F7200 X73.483 Y93.847
G1 F1800 X71.351 Y91.715 E0.07521
G0 F7200 X71.278 Y91.077
G1 F1800 X73.876 Y93.675 E0.09165
G1 X73.946 Y93.745
G0 F7200 X74.362 Y93.621
G0 X73.905 Y92.509
G0 X73.462 Y92.695
G1 F1800 X71.206 Y90.44 E0.07957
G0 F7200 X71.153 Y89.821
G1 F1800 X73.327 Y91.995 E0.07669
G0 F7200 X73.268 Y91.37
G1 F1800 X71.175 Y89.277 E0.07384
G0 F7200 X71.197 Y88.733
G1 F1800 X73.209 Y90.745 E0.07098
G0 F7200 X73.167 Y90.138
G1 F1800 X71.219 Y88.19 E0.06872
G0 F7200 X71.241 Y87.646
G1 F1800 X73.177 Y89.582 E0.0683
G0 F7200 X73.203 Y89.042
G1 F1800 X71.343 Y87.182 E0.06562
G0 F7200 X71.469 Y86.743
G1 F1800 X73.234 Y88.507 E0.06225
G0 F7200 X73.264 Y87.972
G1 F1800 X71.6 Y86.308 E0.0587
G0 F7200 X71.954 Y86.097
G1 F1800 X73.306 Y87.448 E0.04768
G0 F7200 X73.445 Y87.022
G1 F1800 X72.54 Y86.116 E0.03194
G0 F7200 X73.125 Y86.136
G1 F1800 X73.585 Y86.596 E0.01623
G0 F7200 X74.046 Y86.749
G0 X90.91 Y86.226
G0 X106.58 Y87.691
G0 X106.871 Y87.634
G1 F1800 X106.181 Y85.911 E0.0463
G1 X108.539 Y85.86 E0.05883
G1 X109.083 Y87.545 E0.04417
G1 X109.116 Y87.907 E0.00907
G1 X109.406 Y89.976 E0.05212
G1 X109.145 Y92.512 E0.06359
G1 X108.785 Y94.075 E0.04001
G1 X106.547 Y94.011 E0.05585
G1 X106.838 Y92.857 E0.02969
G1 X106.954 Y92.158 E0.01768
G1 X107.124 Y89.972 E0.05469
G1 X106.871 Y87.634 E0.05866
G0 F7200 X106.58 Y87.691
G0 X105.917 Y85.714
G0 X108.696 Y85.645
G0 X108.131 Y86.069
G1 F1800 X108.523 Y86.461 E0.01383
G0 F7200 X108.793 Y87.297
G1 F1800 X107.577 Y86.081 E0.0429
G0 F7200 X107.023 Y86.093
G1 F1800 X108.928 Y87.997 E0.06719
G0 F7200 X109.02 Y88.655
G1 F1800 X106.469 Y86.104 E0.08999
G1 X106.399 Y86.034
G0 F7200 X105.99 Y86.199
G0 X106.409 Y87.23
G0 X106.851 Y87.052
G1 F1800 X109.112 Y89.313 E0.07976
G0 F7200 X109.204 Y89.971
G1 F1800 X107.101 Y87.867 E0.07421
G0 F7200 X107.167 Y88.499
G1 F1800 X109.153 Y90.485 E0.07006
G0 F7200 X109.1 Y90.998
G1 F1800 X107.233 Y89.132 E0.06585
G0 F7200 X107.3 Y89.764
G1 F1800 X109.047 Y91.511 E0.06163
G0 F7200 X108.994 Y92.024
G1 F1800 X107.297 Y90.327 E0.05987
G0 F7200 X107.255 Y90.85
G1 F1800 X108.935 Y92.531 E0.05928
G0 F7200 X108.83 Y92.991
G1 F1800 X107.214 Y91.375 E0.05701
G0 F7200 X107.173 Y91.9
G1 F1800 X108.724 Y93.451 E0.05472
G0 F7200 X108.576 Y93.868
G1 F1800 X107.114 Y92.406 E0.05158
G0 F7200 X107.033 Y92.89
G1 F1800 X107.994 Y93.851 E0.0339
G0 F7200 X107.412 Y93.835
G1 F1800 X106.921 Y93.344 E0.01732
G0 F7200 X106.167 Y93.152
;MESH:NONMESH
G0 F600 X106.167 Y93.152 Z12.05
G0 F7200 X92.914 Y86.617
G0 X90.91 Y86.226
G0 X74.443 Y85.899
G0 X74.446 Y85.759
;TIME_ELAPSED:815.819486
;LAYER:79
;TYPE:FILL
;MESH:pi 3mm_deformed_tet.stl
G1 F3600 X82.803 Y94.117 E0.29483
G1 X82.873 Y94.187
G0 F7200 X82.871 Y93.976
G0 X86.092 Y93.76
G0 X86.1 Y93.9
G1 F3600 X87.209 Y92.791 E0.03912
G1 X87.279 Y92.721
G0 F7200 X87.14 Y92.913
G0 X88.29 Y93.751
G0 X90.448 Y93.715
G0 X92.591 Y92.503
G0 X92.459 Y92.459
G1 F3600 X93.875 Y93.875 E0.04995
G1 X93.945 Y93.945
G0 F7200 X93.941 Y93.733
G0 X97.223 Y93.95
G0 X97.223 Y94.09
G1 F3600 X105.607 Y85.706 E0.29577
G1 X105.677 Y85.636
G0 F7200 X105.677 Y85.848
G0 X97.126 Y85.955
G0 X97.127 Y85.813
G1 F3600 X105.522 Y94.208 E0.29616
G1 X105.592 Y94.278
G0 F7200 X105.593 Y94.07
G0 X93.948 Y86.194
G0 X93.95 Y86.049
G1 F3600 X92.47 Y87.53 E0.05223
G1 X92.4 Y87.6
G0 F7200 X92.616 Y87.526
G0 X93.591 Y89.806
G0 X92.516 Y92.526
G0 X90.448 Y93.715
G0 X88.29 Y93.751
G0 X87.573 Y93.149
G0 X86.415 Y92.313
G0 X85.947 Y90.159
G0 X86.007 Y88.502
G0 X87.283 Y87.241
G0 X87.359 Y87.359
G1 F3600 X86.14 Y86.14 E0.043
G1 X86.07 Y86.07
G0 F7200 X86.072 Y86.282
G0 X82.78 Y86.039
G0 X82.786 Y85.9
G1 F3600 X74.447 Y94.239 E0.29418
G1 X74.377 Y94.309
G1 F4200 E-3.5
G0 F7200 X74.375 Y94.102
G0 X86.535 Y91.347
G0 X88.491 Y90.437
G0 X89.723 Y91.383
;TYPE:WALL-INNER
G1 F4200 E3.5
G1 F3600 X89.448 Y91.266 E0.00745
G1 X88.643 Y90.337 E0.03066
G1 X88.568 Y90.135 E0.00538
G1 X88.575 Y89.858 E0.00691
G1 X88.737 Y89.581 E0.008
G1 X89.508 Y88.836 E0.02674
G1 X89.727 Y88.745 E0.00592
G1 X90.041 Y88.761 E0.00784
G1 X90.255 Y88.883 E0.00614
G1 X90.685 Y89.352 E0.01587
G1 X90.892 Y89.854 E0.01355
G1 X90.855 Y90.147 E0.00737
G1 X90.361 Y91.077 E0.02627
G1 X90.224 Y91.247 E0.00545
G1 X89.997 Y91.369 E0.00643
G1 X89.723 Y91.383 E0.00684
G1 F4200 E-3.5
G0 F7200 X89.698 Y91.404
G0 X90.522 Y91.16
G0 X91.891 Y92.72
G0 X97.819 Y93.947
G0 X97.808 Y94.244
G1 F4200 E3.5
G1 F3600 X100.075 Y94.332 E0.05659
G1 X103.021 Y94.363 E0.07349
G1 X103.417 Y94.352 E0.00988
G1 X105.989 Y94.372 E0.06416
G1 X109.496 Y94.466 E0.08751
G1 X109.856 Y92.899 E0.04011
G1 X109.955 Y92.468 E0.01103
G1 F1500 X110.225 Y89.985 E0.04984
G1 X109.88 Y87.485 E0.05036
G1 F3600 X109.86 Y87.421 E0.00167
G1 X109.237 Y85.474 E0.05099
G1 X105.893 Y85.544 E0.08343
G1 X103.295 Y85.564 E0.06481
G1 X102.947 Y85.553 E0.00869
G1 X100.062 Y85.564 E0.07197
G1 X97.786 Y85.66 E0.05683
G1 X97.017 Y85.652 E0.01918
G1 X96.258 Y85.672 E0.01894
G1 X94.03 Y85.892 E0.05585
G1 X93.429 Y85.881 E0.01499
G1 X91.274 Y86.016 E0.05386
G1 X88.612 Y86.127 E0.06646
G1 X86.318 Y85.977 E0.05735
G1 X85.907 Y85.984 E0.01025
G1 X83.488 Y85.752 E0.06062
G1 X82.948 Y85.747 E0.01347
G1 X80.38 Y85.637 E0.06412
G1 X77.067 Y85.656 E0.08264
G1 X74.096 Y85.596 E0.07413
G1 X70.827 Y85.487 E0.08159
G1 F1500 X70.241 Y87.41 E0.04012
G1 X70.134 Y89.958 E0.05089
G1 X70.387 Y92.207 E0.04516
G1 F3600 X70.406 Y92.479 E0.0068
G1 X70.425 Y92.535 E0.00148
G1 X71.093 Y94.48 E0.0513
G1 X74.1 Y94.404 E0.07503
G1 X76.758 Y94.372 E0.06631
G1 X77.022 Y94.38 E0.00659
G1 X79.634 Y94.352 E0.06516
G1 X80.049 Y94.356 E0.01035
G1 X82.967 Y94.272 E0.07282
G1 X85.606 Y94.073 E0.06602
G1 X85.908 Y94.072 E0.00753
G1 X88.654 Y93.891 E0.06865
G1 X91.264 Y93.869 E0.06511
G1 X93.43 Y94.043 E0.05421
G1 X94.02 Y94.032 E0.01472
G1 X96.249 Y94.24 E0.05584
G1 X97.092 Y94.252 E0.02103
G1 X97.808 Y94.244 E0.01786
G0 F7200 X97.792 Y94.644
;TYPE:WALL-OUTER
G1 F1800 X100.065 Y94.732 E0.05674
G1 X103.025 Y94.763 E0.07384
G1 X103.414 Y94.752 E0.00971
G1 X105.978 Y94.772 E0.06396
G1 X109.813 Y94.875 E0.0957
G1 X110.133 Y93.479 E0.03573
G1 X110.35 Y92.534 E0.02419
G1 F1500 X110.629 Y89.966 E0.05155
G1 F1800 X110.605 Y89.847 E0.00303
G1 F1500 X110.272 Y87.397 E0.04934
G1 F1800 X110.13 Y86.952 E0.01165
G1 X109.527 Y85.068 E0.04935
G1 X105.89 Y85.144 E0.09075
G1 X103.309 Y85.164 E0.06439
G1 X102.953 Y85.153 E0.00888
G1 X100.053 Y85.164 E0.07234
G1 X97.757 Y85.26 E0.05732
G1 X97.014 Y85.252 E0.01854
G1 X96.233 Y85.272 E0.01949
G1 X94.013 Y85.492 E0.05565
G1 X93.421 Y85.481 E0.01477
G1 X91.257 Y85.616 E0.05409
G1 X88.638 Y85.728 E0.06539
G1 X86.327 Y85.577 E0.05777
G1 X85.912 Y85.584 E0.01035
G1 X83.509 Y85.352 E0.06022
G1 X82.965 Y85.347 E0.01357
G1 X80.388 Y85.237 E0.06434
G1 X77.075 Y85.256 E0.08264
G1 X74.109 Y85.196 E0.074
G1 X70.947 Y85.091 E0.07892
G1 X70.531 Y85.077 E0.01038
G1 F1500 X69.843 Y87.342 E0.04724
G1 X69.733 Y89.972 E0.05253
G1 X69.988 Y92.234 E0.04543
G1 F1800 X70.01 Y92.559 E0.00813
G1 X70.161 Y92.999 E0.0116
G1 X70.81 Y94.888 E0.04982
G1 X74.105 Y94.804 E0.08222
G1 X76.746 Y94.772 E0.06588
G1 X77.018 Y94.78 E0.00679
G1 X79.63 Y94.752 E0.06516
G1 X80.053 Y94.756 E0.01055
G1 X82.986 Y94.672 E0.07319
G1 X85.636 Y94.472 E0.06629
G1 X85.921 Y94.472 E0.00711
G1 X88.658 Y94.291 E0.06842
G1 X91.232 Y94.268 E0.06421
G1 X93.418 Y94.443 E0.0547
G1 X94.015 Y94.432 E0.01489
G1 X96.227 Y94.64 E0.05542
G1 X97.096 Y94.652 E0.02168
G1 X97.792 Y94.644 E0.01736
G0 F7200 X97.991 Y94.651
G1 F4200 E-3.5
G0 F7200 X98.018 Y93.955
G0 X91.891 Y92.72
G0 X90.342 Y91.384
G0 X89.887 Y90.985
G1 F4200 E3.5
G1 F1800 X89.715 Y90.955 E0.00436
G1 X88.981 Y90.11 E0.02792
G1 X88.981 Y89.902 E0.00519
G1 X89.748 Y89.163 E0.02657
G1 X89.918 Y89.141 E0.00428
G1 X90.325 Y89.525 E0.01396
G1 X90.491 Y89.88 E0.00978
G1 X90.493 Y89.982 E0.00254
G1 X89.985 Y90.932 E0.02687
G1 X89.887 Y90.985 E0.00278
G0 F7200 X89.715 Y90.955
G0 X89.699 Y90.937
G1 F4200 E-3.5
G0 F7200 X89.467 Y91.136
G0 X88.491 Y90.437
G0 X86.535 Y91.347
G0 X86.716 Y91.316
;TYPE:SKIN
G1 F4200 E3.5
G1 F1800 X86.166 Y90.111 E0.03304
G1 X86.218 Y88.588 E0.03801
G1 X87.06 Y87.72 E0.03017
G1 X87.922 Y87.16 E0.02564
G1 X88.458 Y87.075 E0.01354
G1 X89.715 Y86.462 E0.03489
G1 X90.242 Y86.439 E0.01316
G1 X91.915 Y87.395 E0.04807
G1 X92.319 Y87.527 E0.0106
G1 X92.471 Y87.963 E0.01152
G1 X93.353 Y89.81 E0.05106
G1 X92.513 Y91.841 E0.05483
G1 X92.344 Y92.357 E0.01354
G1 X91.797 Y92.564 E0.01459
G1 X90.379 Y93.496 E0.04233
G1 X88.65 Y93.508 E0.04313
G1 X88.36 Y93.527 E0.00725
G1 X87.71 Y92.975 E0.02127
G1 X86.638 Y92.207 E0.0329
G1 X86.716 Y91.316 E0.02231
G1 F4200 E-3.5
G0 F7200 X86.434 Y91.364
G0 X88.491 Y90.437
G0 X89.69 Y91.756
G1 F4200 E3.5
G1 F1800 X90.124 Y91.724 E0.01086
G1 X90.447 Y91.552 E0.00913
G1 X90.68 Y91.279 E0.00895
G1 X91.226 Y90.265 E0.02873
G1 X91.276 Y89.919 E0.00872
G1 X91.213 Y89.586 E0.00845
G1 X91.03 Y89.187 E0.01095
G1 X90.836 Y88.917 E0.00829
G1 X90.472 Y88.57 E0.01254
G1 X90.193 Y88.416 E0.00795
G1 X89.696 Y88.368 E0.01246
G1 X89.296 Y88.516 E0.01064
G1 X88.45 Y89.335 E0.02937
G1 X88.2 Y89.801 E0.01319
G1 X88.204 Y90.243 E0.01103
G1 X88.318 Y90.541 E0.00796
G1 X89.204 Y91.568 E0.03383
G1 X89.69 Y91.756 E0.013
G1 F4200 E-3.5
G0 F7200 X89.703 Y91.481
G0 X90.522 Y91.16
G0 X92.689 Y91.895
G0 X92.502 Y91.346
G1 F4200 E3.5
G1 F1800 X90.998 Y92.85 E0.05306
G1 X90.928 Y92.92
G0 F7200 X91.181 Y93.306
G0 X89.983 Y93.299
G1 F1800 X92.899 Y90.383 E0.10287
G0 F7200 X93.058 Y89.658
G1 F1800 X89.413 Y93.303 E0.12859
G0 F7200 X88.843 Y93.308
G1 F1800 X90.287 Y91.864 E0.05094
G0 F7200 X89.639 Y91.946
G1 F1800 X88.337 Y93.248 E0.04593
G0 F7200 X88.031 Y92.988
G1 F1800 X89.234 Y91.785 E0.04244
G0 F7200 X88.918 Y91.536
G1 F1800 X87.719 Y92.735 E0.0423
G0 F7200 X87.388 Y92.499
G1 F1800 X88.654 Y91.234 E0.04464
G0 F7200 X88.391 Y90.931
G1 F1800 X87.059 Y92.263 E0.04699
G0 F7200 X86.867 Y91.89
G1 F1800 X88.135 Y90.621 E0.04475
G0 F7200 X88.012 Y90.179
G1 F1800 X86.899 Y91.292 E0.03926
G0 F7200 X86.739 Y90.886
G1 F1800 X88.11 Y89.515 E0.04837
G1 X88.18 Y89.445
G1 F4200 E-3.5
G0 F7200 X88.726 Y89.452
G0 X85.987 Y89.583
G0 X86.386 Y89.542
G1 F4200 E3.5
G1 F1800 X88.785 Y87.143 E0.08463
G0 F7200 X88.015 Y87.347
G1 F1800 X86.406 Y88.957 E0.05678
G1 X86.336 Y89.027
G0 F7200 X85.927 Y89.013
G0 X85.949 Y90.308
G0 X86.385 Y90.109
G1 F1800 X89.837 Y86.657 E0.12178
G0 F7200 X90.337 Y86.722
G1 F1800 X86.562 Y90.498 E0.13319
G1 X86.492 Y90.568
G1 F4200 E-3.5
G0 F7200 X86.141 Y90.727
G0 X88.391 Y90.173
G0 X89.345 Y88.28
G1 F4200 E3.5
G1 F1800 X90.696 Y86.929 E0.04766
G0 F7200 X91.056 Y87.135
G1 F1800 X90.005 Y88.186 E0.03708
G0 F7200 X90.431 Y88.325
G1 F1800 X91.415 Y87.341 E0.03471
G0 F7200 X91.775 Y87.547
G1 F1800 X90.759 Y88.563 E0.03584
G0 F7200 X91.035 Y88.853
G1 F1800 X92.173 Y87.715 E0.04015
G0 F7200 X92.327 Y88.127
G1 F1800 X91.255 Y89.199 E0.03782
G0 F7200 X91.419 Y89.6
G1 F1800 X92.51 Y88.509 E0.03849
G0 F7200 X92.693 Y88.893
G1 F1800 X91.44 Y90.145 E0.04419
G1 X91.37 Y90.215
G0 F7200 X90.929 Y90.231
G0 X90.533 Y90.97
G0 X90.954 Y91.196
G1 F1800 X92.876 Y89.275 E0.06779
G1 X92.946 Y89.205
G0 F7200 X93.296 Y89.038
G0 X107.091 Y87.546
G0 X107.359 Y87.463
G1 F1800 X106.73 Y85.906 E0.04189
G1 X108.958 Y85.86 E0.05559
G1 X109.504 Y87.569 E0.04475
G1 X109.838 Y89.995 E0.06109
G1 X109.578 Y92.398 E0.06029
G1 X109.193 Y94.075 E0.04292
G1 X107.052 Y94.018 E0.05343
G1 X107.411 Y92.593 E0.03666
G1 X107.616 Y89.976 E0.06548
G1 X107.359 Y87.463 E0.06301
G0 F7200 X107.091 Y87.546
G0 X106.676 Y86.521
G0 X107.122 Y86.342
G1 F1800 X107.373 Y86.092 E0.00884
G0 F7200 X107.95 Y86.08
G1 F1800 X107.285 Y86.745 E0.02346
G0 F7200 X107.448 Y87.148
G1 F1800 X108.527 Y86.068 E0.03808
G0 F7200 X108.882 Y86.28
G1 F1800 X107.577 Y87.584 E0.04602
G0 F7200 X107.628 Y88.099
G1 F1800 X109.019 Y86.708 E0.04907
G0 F7200 X109.156 Y87.137
G1 F1800 X107.68 Y88.613 E0.05207
G0 F7200 X107.731 Y89.128
G1 F1800 X109.293 Y87.566 E0.0551
G0 F7200 X109.369 Y88.055
G1 F1800 X107.781 Y89.643 E0.05602
G0 F7200 X107.801 Y90.189
G1 F1800 X109.437 Y88.553 E0.05771
G0 F7200 X109.505 Y89.05
G1 F1800 X107.752 Y90.804 E0.06186
G0 F7200 X107.702 Y91.419
G1 F1800 X109.574 Y89.547 E0.06604
G0 F7200 X109.628 Y90.059
G1 F1800 X107.653 Y92.033 E0.06966
G0 F7200 X107.603 Y92.649
G1 F1800 X109.56 Y90.693 E0.06902
G0 F7200 X109.491 Y91.327
G1 F1800 X107.412 Y93.406 E0.07334
G0 F7200 X107.553 Y93.831
G1 F1800 X109.423 Y91.961 E0.06597
G0 F7200 X109.318 Y92.632
G1 F1800 X108.104 Y93.846 E0.04283
G0 F7200 X108.655 Y93.861
G1 F1800 X109.15 Y93.365 E0.01748
G0 F7200 X107.11 Y92.843
G0 X91.909 Y92.755
G0 X90.448 Y93.715
G0 X88.29 Y93.751
G0 X73.305 Y92.388
G0 X73.038 Y92.474
G1 F1800 X73.693 Y94.03 E0.04211
G1 X71.362 Y94.092 E0.05817
G1 X70.778 Y92.396 E0.04474
G1 X70.769 Y92.244 E0.0038
G1 X70.513 Y89.937 E0.0579
G1 X70.619 Y87.474 E0.0615
G1 X71.103 Y85.878 E0.0416
G1 X73.457 Y85.956 E0.05875
G1 X72.941 Y87.523 E0.04115
G1 X72.8 Y89.984 E0.06149
G1 X73.038 Y92.474 E0.0624
G0 F7200 X73.305 Y92.388
G0 X73.734 Y93.401
G0 X73.291 Y93.586
G1 F1800 X73.029 Y93.848 E0.00924
G0 F7200 X72.448 Y93.863
G1 F1800 X73.123 Y93.188 E0.02381
G0 F7200 X72.955 Y92.791
G1 F1800 X71.867 Y93.879 E0.03838
G0 F7200 X71.449 Y93.731
G1 F1800 X72.82 Y92.36 E0.04837
G0 F7200 X72.773 Y91.842
G1 F1800 X71.304 Y93.311 E0.05182
G0 F7200 X71.16 Y92.889
G1 F1800 X72.725 Y91.324 E0.05521
G0 F7200 X72.676 Y90.807
G1 F1800 X71.015 Y92.468 E0.0586
G0 F7200 X70.942 Y91.976
G1 F1800 X72.628 Y90.289 E0.0595
G0 F7200 X72.613 Y89.739
G1 F1800 X70.885 Y91.466 E0.06094
G0 F7200 X70.828 Y90.958
G1 F1800 X72.647 Y89.139 E0.06417
G0 F7200 X72.683 Y88.538
G1 F1800 X70.771 Y90.449 E0.06743
G0 F7200 X70.715 Y89.94
G1 F1800 X72.717 Y87.937 E0.07064
G0 F7200 X72.807 Y87.282
G1 F1800 X70.739 Y89.35 E0.07295
G0 F7200 X70.764 Y88.759
G1 F1800 X73.087 Y86.437 E0.08193
G0 F7200 X72.823 Y86.135
G1 F1800 X70.789 Y88.168 E0.07174
G0 F7200 X70.815 Y87.577
G1 F1800 X72.276 Y86.116 E0.05154
G0 F7200 X71.727 Y86.099
G1 F1800 X71.035 Y86.791 E0.02441
G1 X70.965 Y86.861
;MESH:NONMESH
G0 F600 X70.965 Y86.861 Z12.2
G0 F7200 X70.336 Y87.539
G0 X70.948 Y85.66
G0 X73.738 Y85.761
G0 X74.454 Y85.768
;TIME_ELAPSED:839.915669
;LAYER:80
;TYPE:FILL
;MESH:pi 3mm_deformed_tet.stl
G1 F3600 X82.808 Y94.122 E0.29471
G1 X82.878 Y94.192
G0 F7200 X82.876 Y93.982
G0 X86.074 Y93.78
G0 X86.082 Y93.918
G1 F3600 X87.525 Y92.475 E0.05091
G1 X87.595 Y92.405
G0 F7200 X87.455 Y92.599
G0 X88.761 Y93.603
G0 X90.101 Y93.635
G0 X91.717 Y92.568
G0 X92.105 Y92.105
G1 F3600 X93.895 Y93.895 E0.06315
G1 X93.965 Y93.965
G0 F7200 X93.961 Y93.753
G0 X97.214 Y93.958
G0 X97.214 Y94.1
G1 F3600 X105.603 Y85.711 E0.29594
G1 X105.673 Y85.641
G0 F7200 X105.673 Y85.853
G0 X97.118 Y85.947
G0 X97.119 Y85.805
G1 F3600 X105.514 Y94.2 E0.29616
G1 X105.584 Y94.27
G0 F7200 X105.585 Y94.065
G0 X93.967 Y86.174
G0 X93.969 Y86.031
G1 F3600 X92.16 Y87.84 E0.06382
G1 X92.09 Y87.91
G0 F7200 X92.306 Y87.809
G0 X90.04 Y86.418
G0 X87.608 Y87.544
G0 X87.669 Y87.669
G1 F3600 X86.117 Y86.117 E0.05475
G1 X86.047 Y86.047
G0 F7200 X86.049 Y86.262
G0 X82.787 Y86.032
G0 X82.793 Y85.893
G1 F3600 X74.451 Y94.235 E0.29429
G1 X74.381 Y94.305
G1 F4200 E-3.5
G0 F7200 X74.379 Y94.098
G0 X87.127 Y91.779
G0 X88.953 Y90.515
G0 X89.893 Y90.847
;TYPE:WALL-INNER
G1 F4200 E3.5
G1 F3600 X89.646 Y90.849 E0.00616
G1 X89.428 Y90.758 E0.00589
G1 X89.001 Y90.262 E0.01633
G1 X88.95 Y89.916 E0.00872
G1 X89.038 Y89.68 E0.00628
G1 X89.351 Y89.352 E0.01131
G1 X89.641 Y89.194 E0.00824
G1 X89.969 Y89.213 E0.0082
G1 X90.158 Y89.32 E0.00542
G1 X90.4 Y89.62 E0.00961
G1 X90.489 Y89.795 E0.0049
G1 X90.509 Y90.07 E0.00688
G1 X90.294 Y90.544 E0.01298
G1 X90.109 Y90.751 E0.00693
G1 X89.893 Y90.847 E0.0059
G1 F4200 E-3.5
G0 F7200 X89.988 Y90.899
G0 X92.437 Y91.501
G0 X97.978 Y93.954
G0 X97.967 Y94.252
G1 F4200 E3.5
G1 F3600 X100.079 Y94.332 E0.05272
G1 X103.005 Y94.364 E0.07299
G1 X103.516 Y94.348 E0.01275
G1 X106.062 Y94.364 E0.06351
G1 X108.242 Y94.425 E0.0544
G1 X109.908 Y94.47
G1 X109.956 Y94.265
G1 F1500 X110.431 Y92.249 E0.04133
G1 X110.684 Y89.994 E0.04528
G1 F3600 X110.573 Y89.491 E0.01285
G1 F1500 X110.296 Y87.49 E0.04031
G1 F3600 X110.281 Y87.443 E0.00123
G1 X109.656 Y85.477 E0.05146
G1 X105.981 Y85.548 E0.09169
G1 X103.395 Y85.568 E0.06451
G1 X102.935 Y85.553 E0.01148
G1 X100.066 Y85.564 E0.07157
G1 X97.945 Y85.652 E0.05295
G1 X97.038 Y85.644 E0.02263
G1 X96.13 Y85.668 E0.02266
G1 X94.051 Y85.872 E0.05211
G1 X93.302 Y85.861 E0.01869
G1 X91.288 Y85.984 E0.05033
G1 X88.66 Y86.099 E0.06562
G1 X86.436 Y85.953 E0.0556
G1 X85.878 Y85.96 E0.01392
G1 X83.609 Y85.744 E0.05686
G1 X82.943 Y85.739 E0.01661
G1 X80.675 Y85.644 E0.05663
G1 X79.98 Y85.636 E0.01734
G1 X77.085 Y85.652 E0.07222
G1 X74.007 Y85.6 E0.07679
G1 X70.408 Y85.48 E0.08983
G1 X70.077 Y86.564 E0.02827
G1 X69.842 Y87.34 E0.02023
G1 X69.804 Y87.465 E0.00326
G1 F1500 X69.702 Y89.954 E0.04971
G1 X69.985 Y92.463 E0.05039
G1 F3600 X70.008 Y92.529 E0.00174
G1 X70.677 Y94.481 E0.05147
G1 X74.008 Y94.4 E0.08312
G1 X76.655 Y94.368 E0.06603
G1 X77.043 Y94.38 E0.00968
G1 X79.493 Y94.356 E0.06112
G1 X80.052 Y94.36 E0.01394
G1 X82.419 Y94.288 E0.05907
G1 X82.957 Y94.28 E0.01342
G1 X85.448 Y94.092 E0.06231
G1 X85.884 Y94.091 E0.01088
G1 X88.478 Y93.919 E0.06485
G1 X91.173 Y93.897 E0.06723
G1 X93.301 Y94.071 E0.05326
G1 X94.042 Y94.052 E0.01849
G1 X96.121 Y94.244 E0.05208
G1 X97.11 Y94.26 E0.02467
G1 X97.967 Y94.252 E0.02138
G0 F7200 X97.952 Y94.652
;TYPE:WALL-OUTER
G1 F1800 X100.069 Y94.732 E0.05285
G1 X103.009 Y94.764 E0.07334
G1 X103.514 Y94.748 E0.0126
G1 X106.051 Y94.764 E0.06329
G1 X109.818 Y94.868 E0.094
G1 X110.222 Y94.879 E0.01008
G1 F1500 X110.826 Y92.317 E0.05253
G1 X111.089 Y89.972 E0.04709
G1 F1800 X110.969 Y89.436 E0.0137
G1 F1500 X110.688 Y87.401 E0.041
G1 F1800 X110.544 Y86.948 E0.01186
G1 X109.946 Y85.071 E0.04914
G1 X105.978 Y85.148 E0.099
G1 X103.409 Y85.168 E0.06409
G1 X102.941 Y85.153 E0.01168
G1 X100.057 Y85.164 E0.07194
G1 X97.918 Y85.252 E0.0534
G1 X97.034 Y85.244 E0.02205
G1 X96.105 Y85.268 E0.02318
G1 X94.033 Y85.472 E0.05194
G1 X93.293 Y85.461 E0.01846
G1 X91.27 Y85.584 E0.05056
G1 X88.686 Y85.7 E0.06452
G1 X86.446 Y85.553 E0.056
G1 X85.884 Y85.56 E0.01402
G1 X83.629 Y85.344 E0.05651
G1 X82.96 Y85.339 E0.01669
G1 X80.686 Y85.244 E0.05677
G1 X79.978 Y85.236 E0.01766
G1 X77.092 Y85.252 E0.07199
G1 X74.021 Y85.2 E0.07662
G1 X70.529 Y85.084 E0.08716
G1 X70.112 Y85.07 E0.01041
G1 X69.697 Y86.448 E0.0359
G1 X69.56 Y86.901 E0.01181
G1 X69.444 Y87.287 E0.01005
G1 X69.407 Y87.385 E0.00261
G1 F1500 X69.301 Y89.968 E0.05159
G1 X69.593 Y92.551 E0.05187
G1 F1800 X69.746 Y92.997 E0.01176
G1 X70.394 Y94.888 E0.04986
G1 X74.013 Y94.8 E0.0903
G1 X76.643 Y94.768 E0.06561
G1 X77.039 Y94.78 E0.00988
G1 X79.49 Y94.756 E0.06114
G1 X80.057 Y94.76 E0.01414
G1 X82.425 Y94.688 E0.0591
G1 X82.975 Y94.68 E0.01372
G1 X85.472 Y94.492 E0.06246
G1 X85.897 Y94.491 E0.0106
G1 X88.482 Y94.319 E0.06463
G1 X91.141 Y94.296 E0.06633
G1 X93.29 Y94.471 E0.05378
G1 X94.039 Y94.452 E0.01869
G1 X96.099 Y94.644 E0.05161
G1 X97.114 Y94.66 E0.02532
G1 X97.952 Y94.652 E0.0209
G0 F7200 X98.151 Y94.659
G1 F4200 E-3.5
G0 F7200 X98.178 Y93.962
G0 X92.257 Y91.909
G0 X90.454 Y90.628
G0 X89.724 Y90.457
G1 F4200 E3.5
G1 F1800 X89.642 Y90.42 E0.00224
G1 X89.363 Y90.09 E0.01078
G1 X89.375 Y89.896 E0.00485
G1 X89.728 Y89.584 E0.01175
G1 X89.903 Y89.628 E0.0045
G1 X90.078 Y89.857 E0.00719
G1 X90.108 Y90.035 E0.0045
G1 X89.879 Y90.424 E0.01126
G1 X89.724 Y90.457 E0.00395
G0 F7200 X89.642 Y90.42
G0 X89.571 Y90.336
G1 F4200 E-3.5
G0 F7200 X89.04 Y90.49
G0 X86.965 Y91.427
G0 X87.303 Y91.734
;TYPE:SKIN
G1 F4200 E3.5
G1 F1800 X86.566 Y90.127 E0.0441
G1 X86.606 Y88.936 E0.02973
G1 X87.688 Y87.812 E0.03892
G1 X90.029 Y86.659 E0.0651
G1 X91.751 Y87.642 E0.04946
G1 X92.051 Y87.931 E0.01039
G1 X92.929 Y89.778 E0.05101
G1 X92.274 Y91.362 E0.04276
G1 X91.924 Y92.165 E0.02185
G1 X90.034 Y93.414 E0.05651
G1 X88.84 Y93.385 E0.02979
G1 X87.77 Y92.479 E0.03497
G1 X87.277 Y92.127 E0.01511
G1 X87.303 Y91.734 E0.00982
G1 F4200 E-3.5
G0 F7200 X87.026 Y91.796
G0 X88.953 Y90.515
G0 X89.554 Y91.217
G1 F4200 E3.5
G1 F1800 X90.012 Y91.204 E0.01143
G1 X90.346 Y91.042 E0.00926
G1 X90.62 Y90.739 E0.01019
G1 X90.869 Y90.177 E0.01533
G1 X90.849 Y89.686 E0.01226
G1 X90.724 Y89.423 E0.00726
G1 X90.427 Y89.053 E0.01184
G1 X90.126 Y88.869 E0.0088
G1 X89.893 Y88.805 E0.00603
G1 X89.591 Y88.816 E0.00754
G1 X89.241 Y88.954 E0.00938
G1 X88.744 Y89.436 E0.01727
G1 X88.572 Y89.881 E0.0119
G1 X88.598 Y90.256 E0.00938
G1 X88.786 Y90.629 E0.01042
G1 X89.198 Y91.061 E0.01489
G1 X89.554 Y91.217 E0.0097
G1 F4200 E-3.5
G0 F7200 X89.626 Y90.947
G0 X86.965 Y91.427
G0 X87.485 Y92.011
G1 F4200 E3.5
G1 F1800 X87.553 Y92.079 E0.0024
G0 F7200 X87.311 Y91.271
G1 F1800 X89.235 Y93.195 E0.06787
G0 F7200 X89.813 Y93.207
G1 F1800 X86.829 Y90.223 E0.10527
G0 F7200 X86.783 Y89.611
G1 F1800 X90.22 Y93.049 E0.12127
G0 F7200 X90.561 Y92.824
G1 F1800 X86.801 Y89.064 E0.13264
G0 F7200 X87.058 Y88.755
G1 F1800 X88.393 Y90.09 E0.0471
G0 F7200 X88.468 Y89.6
G1 F1800 X87.335 Y88.466 E0.03999
G0 F7200 X87.613 Y88.178
G1 F1800 X88.666 Y89.232 E0.03717
G0 F7200 X88.955 Y88.955
G1 F1800 X87.921 Y87.921 E0.03648
G0 F7200 X88.3 Y87.734
G1 F1800 X89.285 Y88.719 E0.03475
G0 F7200 X89.751 Y88.62
G1 F1800 X88.679 Y87.548 E0.03782
G0 F7200 X89.058 Y87.361
G1 F1800 X92.351 Y90.654 E0.11617
G0 F7200 X92.186 Y91.054
G1 F1800 X91.07 Y89.939 E0.03935
G0 F7200 X90.981 Y90.416
G1 F1800 X92.017 Y91.452 E0.03655
G0 F7200 X91.845 Y91.845
G1 F1800 X90.806 Y90.806 E0.03665
G0 F7200 X90.543 Y91.109
G1 F1800 X91.584 Y92.149 E0.03671
G0 F7200 X91.243 Y92.374
G1 F1800 X90.191 Y91.322 E0.03711
G0 F7200 X89.718 Y91.415
G1 F1800 X90.902 Y92.599 E0.04177
G1 X90.972 Y92.669
G0 F7200 X91.185 Y92.993
G0 X92.097 Y92.317
G0 X92.963 Y90.439
G0 X92.516 Y90.254
G1 F1800 X89.437 Y87.174 E0.10864
G0 F7200 X89.815 Y86.987
G1 F1800 X92.682 Y89.853 E0.10112
G1 X92.752 Y89.923
G0 F7200 X93.114 Y90.073
G0 X92.722 Y88.687
G0 X92.286 Y88.892
G1 F1800 X90.622 Y87.228 E0.0587
G1 X90.552 Y87.158
G0 F7200 X90.777 Y86.765
G0 X90.04 Y86.418
G0 X72.786 Y92.455
G0 X72.51 Y92.519
G1 F1800 X73.153 Y94.039 E0.04117
G1 X70.946 Y94.092 E0.05507
G1 X70.357 Y92.375 E0.04528
G1 X70.081 Y89.933 E0.0613
G1 X70.183 Y87.534 E0.0599
G1 X70.684 Y85.87 E0.04335
G1 X72.903 Y85.944 E0.05538
G1 X72.573 Y86.949 E0.02639
G1 X72.425 Y87.488 E0.01394
G1 X72.324 Y89.979 E0.06219
G1 X72.347 Y90.202 E0.00559
G1 X72.51 Y92.519 E0.05794
G0 F7200 X72.786 Y92.455
G0 X73.144 Y93.426
G0 X71.257 Y93.885
G1 F1800 X70.996 Y93.624 E0.00921
G0 F7200 X71.81 Y93.871
G1 F1800 X70.701 Y92.763 E0.03911
G0 F7200 X70.517 Y92.013
G1 F1800 X72.362 Y93.858 E0.06509
G0 F7200 X72.809 Y93.739
G1 F1800 X70.445 Y91.375 E0.0834
G0 F7200 X70.373 Y90.738
G1 F1800 X72.397 Y92.762 E0.0714
G0 F7200 X72.278 Y92.077
G1 F1800 X70.301 Y90.1 E0.06974
G0 F7200 X70.298 Y89.532
G1 F1800 X72.233 Y91.466 E0.06824
G0 F7200 X72.189 Y90.856
G1 F1800 X70.322 Y88.989 E0.06586
G0 F7200 X70.345 Y88.447
G1 F1800 X72.144 Y90.246 E0.06346
G0 F7200 X72.137 Y89.673
G1 F1800 X70.368 Y87.904 E0.06241
G0 F7200 X70.432 Y87.403
G1 F1800 X72.159 Y89.129 E0.06091
G0 F7200 X72.181 Y88.586
G1 F1800 X70.562 Y86.967 E0.05711
G0 F7200 X70.693 Y86.532
G1 F1800 X72.203 Y88.042 E0.05327
G0 F7200 X72.225 Y87.498
G1 F1800 X70.824 Y86.097 E0.04942
G0 F7200 X71.386 Y86.094
G1 F1800 X72.34 Y87.048 E0.03365
G0 F7200 X72.473 Y86.615
G1 F1800 X71.971 Y86.113 E0.01771
G0 F7200 X72.556 Y86.133
G1 F1800 X72.613 Y86.189 E0.00199
G0 F7200 X73.068 Y86.339
G0 X90.04 Y86.418
G0 X107.769 Y89.973
G0 X108.049 Y89.955
G1 F1800 X107.988 Y89.52 E0.01096
G1 X107.78 Y87.499 E0.05068
G1 X107.266 Y85.903 E0.04183
G1 X109.378 Y85.863 E0.05269
G1 X109.92 Y87.573 E0.04475
G1 X110.193 Y89.536 E0.04944
G1 X110.297 Y90.007 E0.01203
G1 X110.054 Y92.177 E0.05447
G1 X109.606 Y94.079 E0.04874
G1 X107.517 Y94.022 E0.05213
G1 X107.84 Y92.468 E0.03959
G1 X107.999 Y90.435 E0.05087
G1 X108.049 Y89.955 E0.01204
G0 F7200 X107.769 Y89.973
G0 X107.33 Y93.557
G0 X107.798 Y93.656
G1 F1800 X107.976 Y93.834 E0.00628
G0 F7200 X108.557 Y93.849
G1 F1800 X107.895 Y93.187 E0.02335
G0 F7200 X107.994 Y92.72
G1 F1800 X109.139 Y93.866 E0.04041
G0 F7200 X109.5 Y93.661
G1 F1800 X108.057 Y92.218 E0.05091
G0 F7200 X108.1 Y91.695
G1 F1800 X109.607 Y93.202 E0.05316
G0 F7200 X109.715 Y92.744
G1 F1800 X108.141 Y91.171 E0.05551
G0 F7200 X108.183 Y90.647
G1 F1800 X109.823 Y92.287 E0.05786
G0 F7200 X109.896 Y91.794
G1 F1800 X108.23 Y90.129 E0.05876
G0 F7200 X108.189 Y89.522
G1 F1800 X109.953 Y91.285 E0.06221
G0 F7200 X110.01 Y90.777
G1 F1800 X108.124 Y88.891 E0.06653
G0 F7200 X108.059 Y88.26
G1 F1800 X110.068 Y90.269 E0.07087
G0 F7200 X110.015 Y89.65
G1 F1800 X107.994 Y87.63 E0.07128
G1 X107.924 Y87.56
G0 F7200 X107.786 Y86.855
G1 F1800 X109.915 Y88.984 E0.07511
G0 F7200 X109.823 Y88.327
G1 F1800 X107.593 Y86.097 E0.07867
G0 F7200 X108.148 Y86.087
G1 F1800 X109.732 Y87.67 E0.05586
G1 X109.802 Y87.74
G0 F7200 X109.483 Y86.855
G1 F1800 X108.704 Y86.077 E0.02746
G1 X108.634 Y86.007
;MESH:NONMESH
G0 F600 X108.634 Y86.007 Z12.35
G0 F7200 X108.628 Y85.597
G0 X90.689 Y85.907
G0 X74.453 Y85.907
G0 X74.455 Y85.769
;TIME_ELAPSED:862.344101
;LAYER:81
;TYPE:FILL
;MESH:pi 3mm_deformed_tet.stl
G1 F3600 X82.815 Y94.129 E0.29492
G1 X82.885 Y94.199
G0 F7200 X82.883 Y93.988
G0 X86.054 Y93.799
G0 X86.062 Y93.938
G1 F3600 X87.864 Y92.136 E0.06357
G1 X87.934 Y92.066
G0 F7200 X87.743 Y92.206
G0 X89.028 Y93.278
G0 X90.127 Y93.306
G0 X91.644 Y92.305
G0 X91.787 Y91.787
G1 F3600 X93.916 Y93.916 E0.07511
G1 X93.986 Y93.986
G0 F7200 X93.982 Y93.774
G0 X97.206 Y93.966
G0 X97.206 Y94.107
G1 F3600 X105.598 Y85.715 E0.29605
G1 X105.668 Y85.645
G0 F7200 X105.668 Y85.858
G0 X105.511 Y94.059
G0 X105.51 Y94.196
G1 F3600 X97.111 Y85.797 E0.2963
G1 X97.041 Y85.727
G0 F7200 X97.045 Y85.94
G0 X93.988 Y86.154
G0 X93.99 Y86.01
G1 F3600 X91.889 Y88.11 E0.0741
G1 X91.819 Y88.18
G0 F7200 X92.031 Y88.081
G0 X91.405 Y87.535
G0 X90.052 Y86.767
G0 X88.448 Y87.554
G0 X88.018 Y88.018
G1 F3600 X86.097 Y86.097 E0.06777
G1 X86.027 Y86.027
G0 F7200 X86.029 Y86.24
G0 X82.795 Y86.025
G0 X82.801 Y85.884
G1 F3600 X74.451 Y94.235 E0.29459
G1 X74.381 Y94.305
G0 F7200 X73.934 Y94.4
;TYPE:WALL-INNER
G1 F3600 X76.551 Y94.368 E0.06529
G1 X77.062 Y94.384 E0.01275
G1 X79.355 Y94.356 E0.0572
G1 X80.058 Y94.363 E0.01754
G1 X82.257 Y94.296 E0.05488
G1 X82.941 Y94.288 E0.01706
G1 X85.241 Y94.109 E0.05755
G1 X85.862 Y94.111 E0.01549
G1 X88.252 Y93.953 E0.05975
G1 X91.137 Y93.929 E0.07197
G1 X93.177 Y94.095 E0.05106
G1 X94.067 Y94.072 E0.02221
G1 X95.989 Y94.252 E0.04815
G1 X97.135 Y94.268 E0.02859
G1 X98.133 Y94.256 E0.0249
G1 X100.084 Y94.336 E0.04871
G1 X102.993 Y94.364 E0.07257
G1 X103.62 Y94.344 E0.01565
G1 X106.156 Y94.36 E0.06326
G1 X110.322 Y94.467 E0.10396
G1 X110.333 Y94.467 E0.00027
G1 F1500 X110.815 Y92.448 E0.04142
G1 F3600 X110.989 Y91.406 E0.02635
G1 X111.14 Y89.995 E0.0354
G1 X110.937 Y89.078 E0.02343
G1 X110.72 Y87.497 E0.03981
G1 X110.696 Y87.423 E0.00194
G1 X110.26 Y86.047 E0.03601
G1 X110.079 Y85.477 E0.01492
G1 X106.069 Y85.552 E0.10005
G1 X103.499 Y85.572 E0.06411
G1 X102.923 Y85.553 E0.01438
G1 X100.07 Y85.564 E0.07117
G1 X98.106 Y85.648 E0.04904
G1 X97.057 Y85.636 E0.02617
G1 X95.998 Y85.664 E0.02643
G1 X94.071 Y85.852 E0.0483
G1 X93.182 Y85.837 E0.02218
G1 X91.281 Y85.956 E0.04751
G1 X89.147 Y86.052 E0.05329
G1 X88.58 Y86.063 E0.01415
G1 X86.553 Y85.929 E0.05067
G1 X85.862 Y85.94 E0.01724
G1 X83.732 Y85.74 E0.05337
G1 X82.935 Y85.731 E0.01988
G1 X80.82 Y85.64 E0.05281
G1 X79.986 Y85.633 E0.0208
G1 X77.102 Y85.652 E0.07194
G1 X73.945 Y85.6 E0.07876
G1 X69.992 Y85.475 E0.09866
G1 X69.787 Y86.15 E0.0176
G1 X69.51 Y87.082 E0.02425
G1 X69.484 Y87.155 E0.00193
G1 X69.372 Y87.468 E0.00829
G1 F1500 X69.266 Y89.95 E0.04958
G1 X69.511 Y92.085 E0.04289
G1 F3600 X69.54 Y92.467 E0.00956
G1 X69.893 Y93.429 E0.02556
G1 X70.04 Y93.828 E0.01061
G1 X70.265 Y94.482 E0.01725
G1 X73.934 Y94.4 E0.09155
G0 F7200 X73.939 Y94.8
;TYPE:WALL-OUTER
G1 F1800 X76.539 Y94.768 E0.06486
G1 X77.058 Y94.784 E0.01295
G1 X79.351 Y94.756 E0.0572
G1 X80.062 Y94.763 E0.01774
G1 X82.261 Y94.696 E0.05488
G1 X82.959 Y94.688 E0.01741
G1 X85.272 Y94.508 E0.05787
G1 X85.874 Y94.511 E0.01502
G1 X88.29 Y94.352 E0.0604
G1 X91.105 Y94.328 E0.07022
G1 X93.166 Y94.495 E0.05158
G1 X94.063 Y94.472 E0.02238
G1 X95.967 Y94.652 E0.04771
G1 X97.139 Y94.668 E0.02924
G1 X98.117 Y94.656 E0.0244
G1 X100.074 Y94.736 E0.04886
G1 X102.997 Y94.764 E0.07292
G1 X103.618 Y94.744 E0.0155
G1 X106.146 Y94.76 E0.06306
G1 X110.229 Y94.864 E0.10188
G1 X110.647 Y94.875 E0.01043
G1 F1500 X111.207 Y92.528 E0.04815
G1 F1800 X111.385 Y91.46 E0.02701
G1 X111.545 Y89.972 E0.03733
G1 X111.333 Y89.024 E0.02423
G1 X111.112 Y87.409 E0.04066
G1 F1500 X110.37 Y85.071 E0.04895
G1 F1800 X109.95 Y85.079 E0.01048
G1 X106.066 Y85.152 E0.0969
G1 X103.513 Y85.172 E0.06369
G1 X102.929 Y85.153 E0.01458
G1 X100.061 Y85.164 E0.07154
G1 X98.077 Y85.248 E0.04954
G1 X97.054 Y85.236 E0.02552
G1 X95.973 Y85.264 E0.02697
G1 X94.056 Y85.452 E0.04805
G1 X93.173 Y85.437 E0.02203
G1 X91.263 Y85.556 E0.04774
G1 X89.137 Y85.652 E0.05309
G1 X88.606 Y85.664 E0.01325
G1 X86.563 Y85.529 E0.05107
G1 X85.861 Y85.54 E0.01751
G1 X83.753 Y85.34 E0.05282
G1 X82.952 Y85.331 E0.01998
G1 X80.83 Y85.24 E0.05298
G1 X79.984 Y85.233 E0.0211
G1 X77.108 Y85.252 E0.07174
G1 X73.957 Y85.2 E0.07861
G1 X70.112 Y85.078 E0.09596
G1 X69.692 Y85.065 E0.01048
G1 X69.404 Y86.035 E0.02524
G1 X69.226 Y86.635 E0.01561
G1 X69.133 Y86.948 E0.00815
G1 X68.975 Y87.391 E0.01173
G1 F1500 X68.865 Y89.964 E0.05139
G1 X69.112 Y92.116 E0.04323
G1 F1800 X69.146 Y92.553 E0.01093
G1 X69.66 Y93.951 E0.03716
G1 X69.662 Y93.958 E0.00018
G1 X69.982 Y94.888 E0.02453
G1 X73.939 Y94.8 E0.09873
G0 F7200 X74.139 Y94.798
G0 X74.131 Y94.097
G0 X72.37 Y92.439
G0 X72.094 Y92.497
;TYPE:SKIN
G1 F1800 X72.622 Y94.046 E0.04082
G1 X70.533 Y94.092 E0.05212
G1 X69.914 Y92.382 E0.04536
G1 X69.896 Y92.106 E0.0069
G1 X69.645 Y89.928 E0.05469
G1 X69.751 Y87.538 E0.05968
G1 X69.882 Y87.162 E0.00993
G1 X70.268 Y85.865 E0.03376
G1 X72.416 Y85.933 E0.05361
G1 X71.993 Y87.484 E0.0401
G1 X71.892 Y89.967 E0.06199
G1 X71.959 Y90.585 E0.01551
G1 X72.094 Y92.497 E0.04781
G0 F7200 X72.37 Y92.439
G0 X72.686 Y93.361
G0 X72.23 Y93.516
G1 F1800 X71.883 Y93.863 E0.01224
G0 F7200 X71.305 Y93.875
G1 F1800 X72.086 Y93.094 E0.02755
G0 F7200 X71.942 Y92.672
G1 F1800 X70.726 Y93.888 E0.0429
G0 F7200 X70.537 Y93.511
G1 F1800 X71.87 Y92.179 E0.04701
G0 F7200 X71.833 Y91.65
G1 F1800 X70.387 Y93.096 E0.05101
G0 F7200 X70.236 Y92.681
G1 F1800 X71.795 Y91.122 E0.055
G0 F7200 X71.758 Y90.594
G1 F1800 X70.106 Y92.246 E0.05828
G0 F7200 X70.055 Y91.731
G1 F1800 X71.705 Y90.081 E0.05821
G0 F7200 X71.71 Y89.511
G1 F1800 X69.997 Y91.224 E0.06043
G0 F7200 X69.938 Y90.717
G1 F1800 X71.734 Y88.921 E0.06336
G0 F7200 X71.758 Y88.331
G1 F1800 X69.88 Y90.209 E0.06625
G0 F7200 X69.858 Y89.665
G1 F1800 X71.782 Y87.741 E0.06787
G0 F7200 X71.904 Y87.053
G1 F1800 X69.884 Y89.074 E0.07128
G0 F7200 X69.91 Y88.482
G1 F1800 X72.114 Y86.278 E0.07775
G0 F7200 X71.715 Y86.111
G1 F1800 X69.937 Y87.889 E0.06272
G0 F7200 X70.087 Y87.174
G1 F1800 X71.167 Y86.094 E0.0381
G0 F7200 X70.619 Y86.076
G1 F1800 X70.328 Y86.367 E0.01027
G0 F7200 X69.87 Y86.23
G0 X72.683 Y85.736
G0 X87.914 Y92.424
G0 X88.095 Y92.21
G1 F1800 X87.63 Y91.581 E0.01951
G1 X86.966 Y90.139 E0.0396
G1 X86.994 Y89.28 E0.02144
G1 X88.396 Y87.82 E0.05049
G1 X90.041 Y87.007 E0.04577
G1 X91.275 Y87.714 E0.03548
G1 X91.774 Y88.191 E0.01722
G1 X92.52 Y89.775 E0.04368
G1 X91.472 Y92.157 E0.06492
G1 X90.062 Y93.086 E0.04212
G1 X89.108 Y93.061 E0.02381
G1 X88.095 Y92.21 E0.033
G0 F7200 X87.914 Y92.424
G0 X89.028 Y93.278
G0 X90.127 Y93.306
G0 X91.492 Y92.405
G0 X91.355 Y91.927
G1 F1800 X91.155 Y92.127 E0.00706
G0 F7200 X91.419 Y92.528
G0 X92.237 Y91.111
G0 X91.799 Y90.918
G1 F1800 X89.836 Y92.881 E0.06925
G0 F7200 X89.285 Y92.866
G1 F1800 X92.243 Y89.908 E0.10435
G0 F7200 X92.142 Y89.443
G1 F1800 X88.932 Y92.653 E0.11324
G0 F7200 X88.625 Y92.394
G1 F1800 X91.961 Y89.058 E0.11769
G0 F7200 X91.78 Y88.674
G1 F1800 X88.318 Y92.136 E0.12213
G0 F7200 X88.062 Y91.826
G1 F1800 X91.594 Y88.294 E0.1246
G0 F7200 X91.304 Y88.018
G1 F1800 X87.821 Y91.502 E0.12289
G0 F7200 X87.638 Y91.118
G1 F1800 X90.981 Y87.775 E0.11793
G0 F7200 X90.622 Y87.569
G1 F1800 X87.459 Y90.732 E0.11158
G0 F7200 X87.281 Y90.344
G1 F1800 X90.262 Y87.363 E0.10516
G0 F7200 X89.624 Y87.436
G1 F1800 X87.174 Y89.885 E0.08641
G1 X87.104 Y89.955
G0 F7200 X86.695 Y89.94
G0 X88.27 Y87.641
G0 X90.052 Y86.767
G0 X108.2 Y89.965
G0 X108.48 Y89.99
G1 F1800 X108.369 Y89.156 E0.02099
G1 X108.195 Y87.493 E0.04171
G1 X107.685 Y85.9 E0.04172
G1 X109.802 Y85.863 E0.05282
G1 X110.344 Y87.577 E0.04484
G1 X110.565 Y89.168 E0.04007
G1 X110.753 Y90.012 E0.02157
G1 X110.617 Y91.304 E0.03241
G1 X110.439 Y92.368 E0.02691
G1 X110.034 Y94.075 E0.04376
G1 X107.938 Y94.022 E0.0523
G1 X108.26 Y92.472 E0.03949
G1 X108.387 Y90.847 E0.04066
G1 X108.48 Y89.99 E0.0215
G0 F7200 X108.2 Y89.965
G0 X107.634 Y86.652
G0 X108.089 Y86.507
G1 F1800 X108.51 Y86.085 E0.01487
G0 F7200 X109.086 Y86.075
G1 F1800 X108.226 Y86.936 E0.03036
G0 F7200 X108.362 Y87.365
G1 F1800 X109.657 Y86.07 E0.04568
G0 F7200 X109.793 Y86.5
G1 F1800 X108.435 Y87.858 E0.04791
G0 F7200 X108.488 Y88.371
G1 F1800 X109.929 Y86.93 E0.05084
G0 F7200 X110.065 Y87.36
G1 F1800 X108.542 Y88.883 E0.05373
G0 F7200 X108.603 Y89.387
G1 F1800 X110.174 Y87.816 E0.05542
G0 F7200 X110.244 Y88.312
G1 F1800 X108.672 Y89.884 E0.05546
G0 F7200 X108.624 Y90.497
G1 F1800 X110.312 Y88.809 E0.05955
G0 F7200 X110.389 Y89.298
G1 F1800 X108.566 Y91.121 E0.06431
G0 F7200 X108.516 Y91.736
G1 F1800 X110.492 Y89.761 E0.06969
G0 F7200 X110.522 Y90.296
G1 F1800 X108.467 Y92.351 E0.0725
G0 F7200 X108.349 Y93.035
G1 F1800 X110.456 Y90.928 E0.07433
G0 F7200 X110.367 Y91.582
G1 F1800 X108.199 Y93.75 E0.07648
G0 F7200 X108.675 Y93.841
G1 F1800 X110.254 Y92.262 E0.0557
G0 F7200 X110.084 Y92.997
G1 F1800 X109.226 Y93.855 E0.03027
G0 F7200 X109.778 Y93.869
G1 F1800 X109.908 Y93.738 E0.0046
;MESH:NONMESH
G0 F600 X109.908 Y93.738 Z12.5
G0 F7200 X107.85 Y93.321
G0 X90.052 Y86.767
G0 X74.456 Y85.909
G0 X74.458 Y85.771
;TIME_ELAPSED:881.120346
;LAYER:82
;TYPE:FILL
;MESH:pi 3mm_deformed_tet.stl
G1 F3600 X82.819 Y94.133 E0.29497
G1 X82.889 Y94.203
G0 F7200 X82.887 Y93.995
G0 X86.037 Y93.818
G0 X86.045 Y93.955
G1 F3600 X88.23 Y91.77 E0.07708
G1 X88.3 Y91.7
G0 F7200 X88.109 Y91.841
G0 X89.295 Y92.955
G0 X90.155 Y92.978
G0 X91.192 Y92.29
G0 X91.596 Y91.524
G0 X91.467 Y91.467
G1 F3600 X93.936 Y93.936 E0.0871
G1 X94.006 Y94.006
G0 F7200 X94.002 Y93.795
G0 X97.196 Y93.975
G0 X97.197 Y94.116
G1 F3600 X105.593 Y85.72 E0.29619
G1 X105.663 Y85.65
G0 F7200 X105.663 Y85.863
G0 X105.507 Y94.054
G0 X105.506 Y94.192
G1 F3600 X97.102 Y85.788 E0.29647
G1 X97.032 Y85.718
G0 F7200 X97.036 Y85.933
G0 X94.004 Y86.134
G0 X94.006 Y85.993
G1 F3600 X91.616 Y88.384 E0.08433
G1 X91.546 Y88.454
G0 F7200 X91.756 Y88.356
G0 X90.924 Y87.602
G0 X90.061 Y87.118
G0 X89.092 Y87.59
G0 X88.283 Y88.286
G0 X88.383 Y88.383
G1 F3600 X86.078 Y86.078 E0.08132
G1 X86.008 Y86.008
G0 F7200 X86.01 Y86.219
G0 X82.802 Y86.018
G0 X82.808 Y85.878
G1 F3600 X74.458 Y94.228 E0.29457
G1 X74.388 Y94.298
G0 F7200 X73.524 Y94.4
;TYPE:WALL-INNER
G1 F3600 X76.447 Y94.364 E0.07292
G1 X77.086 Y94.384 E0.01595
G1 X79.214 Y94.36 E0.05309
G1 X80.061 Y94.367 E0.02113
G1 X82.091 Y94.304 E0.05066
G1 X82.929 Y94.292 E0.02091
G1 X85.062 Y94.129 E0.05336
G1 X85.836 Y94.128 E0.01931
G1 X88.064 Y93.981 E0.0557
G1 X88.664 Y93.988 E0.01497
G1 X90.616 Y93.964 E0.0487
G1 X91.293 Y93.977 E0.01689
G1 X93.049 Y94.119 E0.04395
G1 X94.091 Y94.092 E0.026
G1 X95.861 Y94.256 E0.04434
G1 X97.145 Y94.276 E0.03203
G1 X98.292 Y94.264 E0.02861
G1 X100.088 Y94.336 E0.04484
G1 X102.977 Y94.368 E0.07207
G1 X103.719 Y94.344 E0.01852
G1 X106.244 Y94.356 E0.06299
G1 X110.746 Y94.471 E0.11234
G1 X110.776 Y94.472 E0.00075
G1 X110.884 Y93.952 E0.01325
G1 X111.243 Y92.445 E0.03864
G1 X111.505 Y90.867 E0.0399
G1 X111.596 Y89.999 E0.02177
G1 X111.301 Y88.67 E0.03396
G1 X111.14 Y87.502 E0.02941
G1 X111.119 Y87.435 E0.00175
G1 X110.496 Y85.48 E0.05118
G1 X106.161 Y85.556 E0.10815
G1 X103.606 Y85.576 E0.06374
G1 X102.912 Y85.557 E0.01732
G1 X100.074 Y85.564 E0.07079
G1 X98.266 Y85.64 E0.04514
G1 X97.076 Y85.628 E0.02969
G1 X95.874 Y85.656 E0.02999
G1 X94.094 Y85.836 E0.04463
G1 X93.053 Y85.817 E0.02597
G1 X91.303 Y85.924 E0.04374
G1 X89.31 Y86.012 E0.04976
G1 X88.594 Y86.032 E0.01787
G1 X86.672 Y85.909 E0.04804
G1 X85.832 Y85.92 E0.02096
G1 X83.856 Y85.732 E0.04951
G1 X82.917 Y85.723 E0.02342
G1 X80.964 Y85.64 E0.04876
G1 X79.991 Y85.633 E0.02427
G1 X77.119 Y85.648 E0.07164
G1 X73.95 Y85.604 E0.07906
G1 X69.576 Y85.474 E0.10916
G1 X69.194 Y86.75 E0.03323
G1 X69.174 Y86.806 E0.00148
G1 X68.937 Y87.472 E0.01763
G1 F1500 X68.834 Y89.95 E0.04949
G1 F3600 X69.014 Y91.545 E0.04004
G1 X69.092 Y92.464 E0.02301
G1 X69.312 Y93.087 E0.01648
G1 X69.827 Y94.482 E0.03709
G1 X69.842 Y94.482 E0.00037
G1 X73.524 Y94.4 E0.09187
G0 F7200 X73.529 Y94.8
;TYPE:WALL-OUTER
G1 F1800 X76.435 Y94.764 E0.0725
G1 X77.082 Y94.784 E0.01615
G1 X79.21 Y94.76 E0.05309
G1 X80.065 Y94.767 E0.02133
G1 X82.097 Y94.704 E0.05071
G1 X82.947 Y94.692 E0.02121
G1 X85.092 Y94.528 E0.05366
G1 X85.849 Y94.528 E0.01888
G1 X88.09 Y94.38 E0.05602
G1 X88.669 Y94.388 E0.01444
G1 X90.608 Y94.364 E0.04837
G1 X91.261 Y94.376 E0.01629
G1 X93.038 Y94.519 E0.04447
G1 X94.087 Y94.492 E0.02618
G1 X95.839 Y94.656 E0.04389
G1 X97.149 Y94.676 E0.03268
G1 X98.276 Y94.664 E0.02811
G1 X100.078 Y94.736 E0.04499
G1 X102.981 Y94.768 E0.07242
G1 X103.717 Y94.744 E0.01837
G1 X106.234 Y94.756 E0.06279
G1 X110.652 Y94.87 E0.11024
G1 X111.099 Y94.882 E0.01115
G1 X111.273 Y94.045 E0.02133
G1 X111.635 Y92.524 E0.039
G1 X111.901 Y90.921 E0.04053
G1 X112.001 Y89.976 E0.0237
G1 X111.697 Y88.616 E0.03476
G1 X111.532 Y87.413 E0.03029
G1 X111.383 Y86.947 E0.0122
G1 X111.063 Y85.943 E0.02629
G1 X110.992 Y85.721 E0.00581
G1 X110.803 Y85.075 E0.01679
G1 X110.374 Y85.082 E0.0107
G1 X106.158 Y85.156 E0.10518
G1 X103.618 Y85.176 E0.06336
G1 X102.917 Y85.157 E0.01749
G1 X100.065 Y85.164 E0.07114
G1 X98.237 Y85.24 E0.04564
G1 X97.074 Y85.228 E0.02901
G1 X95.849 Y85.256 E0.03057
G1 X94.09 Y85.436 E0.04411
G1 X93.045 Y85.417 E0.02607
G1 X91.285 Y85.524 E0.04398
G1 X89.298 Y85.612 E0.04961
G1 X88.591 Y85.632 E0.01764
G1 X86.682 Y85.509 E0.04772
G1 X85.832 Y85.52 E0.02121
G1 X83.877 Y85.332 E0.04899
G1 X82.934 Y85.323 E0.02352
G1 X80.974 Y85.24 E0.04894
G1 X79.989 Y85.233 E0.02457
G1 X77.125 Y85.248 E0.07144
G1 X73.962 Y85.204 E0.07891
G1 X69.28 Y85.065 E0.11684
G1 X68.905 Y86.322 E0.03272
G1 X68.817 Y86.616 E0.00766
G1 X68.539 Y87.395 E0.02063
G1 F1500 X68.433 Y89.964 E0.05131
G1 F1800 X68.616 Y91.579 E0.04054
G1 X68.698 Y92.549 E0.02428
G1 X68.937 Y93.225 E0.01789
G1 X69.551 Y94.888 E0.04422
G1 X69.978 Y94.879 E0.01065
G1 X73.529 Y94.8 E0.0886
G0 F7200 X73.729 Y94.798
G0 X73.721 Y94.098
G0 X71.953 Y92.436
G0 X71.678 Y92.493
;TYPE:SKIN
G1 F1800 X72.21 Y94.046 E0.04095
G1 X70.087 Y94.092 E0.05297
G1 X69.466 Y92.385 E0.04531
G1 X69.4 Y91.56 E0.02065
G1 X69.213 Y89.928 E0.04098
G1 X69.315 Y87.543 E0.05955
G1 X69.553 Y86.876 E0.01767
G1 X69.856 Y85.861 E0.02642
G1 X71.979 Y85.925 E0.05298
G1 X71.558 Y87.466 E0.03985
G1 X71.46 Y89.968 E0.06246
G1 X71.567 Y90.972 E0.02519
G1 X71.678 Y92.493 E0.03804
G0 F7200 X71.953 Y92.436
G0 X72.32 Y93.658
G0 X70.685 Y93.878
G1 F1800 X69.958 Y93.151 E0.02565
G1 X69.888 Y93.081
G0 F7200 X69.659 Y92.286
G1 F1800 X71.24 Y93.867 E0.05577
G0 F7200 X71.793 Y93.855
G1 F1800 X69.609 Y91.671 E0.07705
G0 F7200 X69.541 Y91.037
G1 F1800 X71.711 Y93.207 E0.07655
G1 X71.781 Y93.277
G0 F7200 X71.471 Y92.401
G1 F1800 X69.468 Y90.399 E0.07064
G0 F7200 X69.42 Y89.784
G1 F1800 X71.426 Y91.791 E0.07078
G0 F7200 X71.382 Y91.181
G1 F1800 X69.443 Y89.242 E0.0684
G0 F7200 X69.466 Y88.699
G1 F1800 X71.323 Y90.556 E0.06551
G0 F7200 X71.261 Y89.928
G1 F1800 X69.49 Y88.157 E0.06248
G0 F7200 X69.513 Y87.615
G1 F1800 X71.283 Y89.385 E0.06244
G0 F7200 X71.305 Y88.841
G1 F1800 X69.653 Y87.189 E0.05828
G0 F7200 X69.794 Y86.764
G1 F1800 X71.327 Y88.297 E0.05408
G0 F7200 X71.348 Y87.753
G1 F1800 X69.924 Y86.329 E0.05024
G0 F7200 X70.234 Y86.073
G1 F1800 X71.411 Y87.25 E0.04152
G0 F7200 X71.532 Y86.806
G1 F1800 X70.817 Y86.091 E0.02522
G0 F7200 X71.4 Y86.108
G1 F1800 X71.653 Y86.361 E0.00893
G0 F7200 X72.118 Y86.489
G0 X89.295 Y92.955
G0 X90.155 Y92.978
G0 X91.192 Y92.29
G0 X91.953 Y90.716
G0 X91.703 Y90.581
G1 F1800 X91.016 Y92.142 E0.04254
G1 X90.093 Y92.758 E0.02768
G1 X89.372 Y92.738 E0.01799
G1 X88.711 Y92.181 E0.02156
G1 X87.629 Y90.725 E0.04525
G1 X87.366 Y90.154 E0.01568
G1 X87.382 Y89.623 E0.01325
G1 X89.112 Y87.82 E0.06233
G1 X90.053 Y87.359 E0.02614
G1 X90.791 Y87.778 E0.02117
G1 X91.494 Y88.455 E0.02435
G1 X92.124 Y89.801 E0.03707
G1 X91.703 Y90.581 E0.02211
G0 F7200 X91.953 Y90.716
G0 X92.366 Y89.807
G0 X91.761 Y89.499
G1 F1800 X89.913 Y87.65 E0.06521
G0 F7200 X89.534 Y87.837
G1 F1800 X91.758 Y90.061 E0.07846
G0 F7200 X91.56 Y90.428
G1 F1800 X89.175 Y88.043 E0.08414
G0 F7200 X88.897 Y88.332
G1 F1800 X91.381 Y90.815 E0.08761
G0 F7200 X91.208 Y91.208
G1 F1800 X88.621 Y88.621 E0.09126
G0 F7200 X88.344 Y88.909
G1 F1800 X91.035 Y91.601 E0.09495
G0 F7200 X90.863 Y91.994
G1 F1800 X88.067 Y89.198 E0.09864
G0 F7200 X87.789 Y89.486
G1 F1800 X90.529 Y92.226 E0.09666
G0 F7200 X90.189 Y92.452
G1 F1800 X87.576 Y89.839 E0.09218
G1 X87.506 Y89.769
G0 F7200 X87.826 Y90.655
G1 F1800 X89.718 Y92.547 E0.06675
G1 X89.788 Y92.617
G0 F7200 X89.777 Y93.03
G0 X108.631 Y89.971
G0 X108.908 Y89.986
G1 F1800 X108.745 Y88.755 E0.03098
G1 X108.603 Y87.458 E0.03255
G1 X108.101 Y85.9 E0.04083
G1 X110.222 Y85.867 E0.05291
G1 X110.764 Y87.585 E0.04494
G1 X110.921 Y88.716 E0.02848
G1 X111.209 Y90.016 E0.03321
G1 X111.133 Y90.765 E0.01878
G1 X110.867 Y92.364 E0.04044
G1 X110.458 Y94.083 E0.04408
G1 X108.35 Y94.026 E0.0526
G1 X108.676 Y92.502 E0.03888
G1 X108.771 Y91.265 E0.03095
G1 X108.908 Y89.986 E0.03209
G0 F7200 X108.631 Y89.971
G0 X108.222 Y93.315
G0 X108.686 Y93.412
G1 F1800 X109.121 Y93.847 E0.01535
G0 F7200 X109.702 Y93.863
G1 F1800 X108.786 Y92.946 E0.03233
G0 F7200 X108.877 Y92.473
G1 F1800 X110.283 Y93.878 E0.04958
G0 F7200 X110.407 Y93.436
G1 F1800 X108.918 Y91.947 E0.05253
G0 F7200 X108.959 Y91.423
G1 F1800 X110.516 Y92.98 E0.05493
G0 F7200 X110.625 Y92.523
G1 F1800 X109.008 Y90.906 E0.05704
G0 F7200 X109.061 Y90.394
G1 F1800 X110.717 Y92.049 E0.0584
G0 F7200 X110.797 Y91.564
G1 F1800 X109.096 Y89.863 E0.06001
G0 F7200 X109.008 Y89.209
G1 F1800 X110.878 Y91.079 E0.06597
G0 F7200 X110.95 Y90.585
G1 F1800 X108.925 Y88.56 E0.07144
G0 F7200 X108.858 Y87.927
G1 F1800 X111.002 Y90.072 E0.07565
G0 F7200 X110.859 Y89.363
G1 F1800 X108.737 Y87.241 E0.07486
G1 X108.667 Y87.171
G0 F7200 X108.474 Y86.413
G1 F1800 X110.709 Y88.647 E0.07883
G0 F7200 X110.618 Y87.99
G1 F1800 X108.718 Y86.091 E0.06701
G0 F7200 X109.275 Y86.082
G1 F1800 X110.451 Y87.258 E0.04149
G1 X110.521 Y87.328
G0 F7200 X110.191 Y86.432
G1 F1800 X109.831 Y86.073 E0.01268
;MESH:NONMESH
G0 F600 X109.831 Y86.073 Z12.65
G0 F7200 X109.824 Y85.592
G0 X92.64 Y86.042
G0 X74.447 Y85.911
G0 X74.449 Y85.763
;TIME_ELAPSED:898.928478
;LAYER:83
;TYPE:FILL
;MESH:pi 3mm_deformed_tet.stl
G1 F3600 X82.827 Y94.141 E0.29556
G1 X82.897 Y94.211
G0 F7200 X82.895 Y94.002
G0 X86.018 Y93.838
G0 X86.026 Y93.974
G1 F3600 X88.579 Y91.42 E0.09008
G1 X88.649 Y91.35
G0 F7200 X88.468 Y91.505
G0 X89.415 Y92.63
G0 X90.682 Y92.319
G0 X91.311 Y91.254
G0 X91.187 Y91.187
G1 F3600 X93.955 Y93.955 E0.09765
G1 X94.025 Y94.025
G0 F7200 X94.021 Y93.816
G0 X97.189 Y93.984
G0 X97.189 Y94.124
G1 F3600 X105.586 Y85.728 E0.29621
G1 X105.656 Y85.658
G0 F7200 X105.656 Y85.87
G0 X105.502 Y94.049
G0 X105.501 Y94.187
G1 F3600 X97.095 Y85.781 E0.29654
G1 X97.025 Y85.711
G0 F7200 X97.029 Y85.925
G0 X94.024 Y86.115
G0 X94.026 Y85.974
G1 F3600 X91.343 Y88.657 E0.09465
G1 X91.273 Y88.727
G0 F7200 X91.483 Y88.629
G0 X90.019 Y87.28
G0 X88.584 Y88.58
G0 X88.68 Y88.68
G1 F3600 X86.053 Y86.053 E0.09267
G1 X85.983 Y85.983
G0 F7200 X85.985 Y86.197
G0 X82.809 Y86.012
G0 X82.815 Y85.871
G1 F3600 X74.466 Y94.22 E0.29453
G1 X74.396 Y94.29
G0 F7200 X74.394 Y94.082
G0 X90.455 Y93.759
G0 X108.388 Y94.106
G0 X108.385 Y94.242
G1 F3600 X108.627 Y94 E0.00854
G0 F7200 X108.492 Y93.969
G0 X98.463 Y93.974
G0 X98.452 Y94.272
;TYPE:WALL-INNER
G1 F3600 X100.091 Y94.336 E0.04092
G1 X102.965 Y94.368 E0.0717
G1 X103.823 Y94.34 E0.02141
G1 X106.327 Y94.352 E0.06246
G1 X111.188 Y94.468 E0.12129
G1 X111.221 Y94.469 E0.00082
G1 X111.448 Y93.376 E0.02785
G1 X111.671 Y92.445 E0.02388
G1 F1500 X112.065 Y90.061 E0.04822
G1 F3600 X111.665 Y88.26 E0.04602
G1 X111.56 Y87.51 E0.01889
G1 X111.54 Y87.446 E0.00167
G1 X111.22 Y86.434 E0.02648
G1 X111.202 Y86.373 E0.00159
G1 X110.941 Y85.484 E0.02311
G1 X110.924 Y85.484 E0.00042
G1 X106.248 Y85.564 E0.11666
G1 X103.706 Y85.58 E0.06341
G1 X102.903 Y85.557 E0.02004
G1 X100.074 Y85.564 E0.07057
G1 X98.426 Y85.636 E0.04115
G1 X97.096 Y85.62 E0.03318
G1 X95.742 Y85.652 E0.03379
G1 X94.115 Y85.816 E0.04079
G1 X92.929 Y85.793 E0.02959
G1 X91.316 Y85.892 E0.04031
G1 X89.469 Y85.976 E0.04612
G1 X88.544 Y85.999 E0.02308
G1 X86.792 Y85.885 E0.0438
G1 X85.808 Y85.896 E0.02455
G1 X83.981 Y85.724 E0.04578
G1 X82.907 Y85.715 E0.02679
G1 X81.108 Y85.64 E0.04492
G1 X79.995 Y85.628 E0.02777
G1 X77.134 Y85.644 E0.07137
G1 X74.336 Y85.601 E0.0698
G1 X73.989 Y85.608 E0.00866
G1 X69.164 Y85.474 E0.12041
G1 X68.882 Y86.414 E0.02448
G1 X68.863 Y86.469 E0.00145
G1 X68.504 Y87.476 E0.02667
G1 F1500 X68.398 Y89.95 E0.04942
G1 F3600 X68.518 Y91.004 E0.02646
G1 X68.643 Y92.46 E0.03645
G1 X68.98 Y93.412 E0.02519
G1 X69.375 Y94.479 E0.02838
G1 X69.4 Y94.478 E0.00062
G1 X73.932 Y94.385 E0.11307
G1 X76.347 Y94.36 E0.06025
G1 X77.11 Y94.384 E0.01904
G1 X79.072 Y94.36 E0.04895
G1 X80.061 Y94.372 E0.02467
G1 X81.928 Y94.312 E0.0466
G1 X82.917 Y94.3 E0.02467
G1 X84.882 Y94.149 E0.04916
G1 X85.812 Y94.148 E0.0232
G1 X87.916 Y94.012 E0.05259
G1 X88.676 Y94.016 E0.01896
G1 X90.46 Y93.996 E0.0445
G1 X91.3 Y94.014 E0.02096
G1 X92.92 Y94.143 E0.04054
G1 X94.115 Y94.112 E0.02982
G1 X95.733 Y94.264 E0.04054
G1 X97.159 Y94.284 E0.03558
G1 X98.452 Y94.272 E0.03226
G0 F7200 X98.463 Y93.974
G0 X90.455 Y93.759
G0 X73.929 Y94.087
G0 X73.936 Y94.785
;TYPE:WALL-OUTER
G1 F1800 X76.335 Y94.76 E0.05985
G1 X77.106 Y94.784 E0.01924
G1 X79.067 Y94.76 E0.04892
G1 X80.065 Y94.772 E0.0249
G1 X81.933 Y94.712 E0.04662
G1 X82.935 Y94.7 E0.025
G1 X84.912 Y94.548 E0.04946
G1 X85.825 Y94.548 E0.02277
G1 X87.898 Y94.412 E0.05182
G1 X88.68 Y94.416 E0.01951
G1 X90.452 Y94.396 E0.04421
G1 X91.268 Y94.412 E0.02036
G1 X92.91 Y94.543 E0.04109
G1 X94.111 Y94.512 E0.02997
G1 X95.711 Y94.664 E0.04009
G1 X97.163 Y94.684 E0.03622
G1 X98.436 Y94.672 E0.03176
G1 X100.081 Y94.736 E0.04107
G1 X102.969 Y94.768 E0.07205
G1 X103.821 Y94.74 E0.02126
G1 X106.317 Y94.752 E0.06226
G1 X110.825 Y94.864 E0.11249
G1 X111.104 Y94.867 E0.00696
G1 X111.545 Y94.873 E0.011
G1 X111.837 Y93.469 E0.03577
G1 X112.063 Y92.524 E0.02424
G1 F1500 X112.472 Y90.05 E0.05004
G1 F1800 X112.061 Y88.204 E0.04718
G1 X111.952 Y87.421 E0.01972
G1 X111.805 Y86.956 E0.01217
G1 X111.698 Y86.619 E0.00882
G1 X111.604 Y86.321 E0.00779
G1 X111.239 Y85.079 E0.03229
G1 X110.808 Y85.086 E0.01075
G1 X106.246 Y85.164 E0.11382
G1 X103.718 Y85.18 E0.06306
G1 X102.909 Y85.157 E0.02019
G1 X100.065 Y85.164 E0.07094
G1 X98.397 Y85.236 E0.04165
G1 X97.094 Y85.22 E0.03251
G1 X95.717 Y85.252 E0.03436
G1 X94.11 Y85.416 E0.04029
G1 X92.921 Y85.393 E0.02967
G1 X91.298 Y85.492 E0.04056
G1 X89.458 Y85.576 E0.04595
G1 X88.57 Y85.6 E0.02216
G1 X86.802 Y85.485 E0.0442
G1 X85.809 Y85.496 E0.02477
G1 X84.001 Y85.324 E0.0453
G1 X82.923 Y85.315 E0.02689
G1 X81.118 Y85.24 E0.04506
G1 X79.993 Y85.228 E0.02806
G1 X77.14 Y85.244 E0.07117
G1 X74.328 Y85.201 E0.07015
G1 X73.999 Y85.208 E0.00821
G1 X69.876 Y85.088 E0.10289
G1 X68.868 Y85.068 E0.02515
G1 X68.587 Y86.006 E0.02443
G1 X68.505 Y86.28 E0.00713
G1 X68.107 Y87.399 E0.02963
G1 F1500 X67.997 Y89.964 E0.05123
G1 F1800 X68.12 Y91.038 E0.02697
G1 X68.249 Y92.545 E0.03773
G1 X68.613 Y93.572 E0.02718
G1 X69.099 Y94.885 E0.03492
G1 X69.547 Y94.876 E0.01118
G1 X73.936 Y94.785 E0.10951
G0 F7200 X74.136 Y94.783
G0 X74.129 Y94.085
G0 X71.536 Y92.432
G0 X71.258 Y92.489
;TYPE:SKIN
G1 F1800 X71.79 Y94.045 E0.04102
G1 X69.635 Y94.089 E0.05377
G1 X69.017 Y92.377 E0.0454
G1 X68.904 Y91.019 E0.03399
G1 X68.777 Y89.928 E0.0274
G1 X68.883 Y87.547 E0.05945
G1 X69.253 Y86.499 E0.02772
G1 X69.444 Y85.861 E0.01661
G1 X71.546 Y85.917 E0.05245
G1 X71.126 Y87.458 E0.03984
G1 X71.025 Y89.987 E0.06314
G1 X71.179 Y91.356 E0.03437
G1 X71.258 Y92.489 E0.02833
G0 F7200 X71.536 Y92.432
G0 X71.923 Y93.559
G0 X71.465 Y93.715
G1 F1800 X71.325 Y93.855 E0.00494
G0 F7200 X71.321 Y93.294
G1 F1800 X70.748 Y93.866 E0.0202
G0 F7200 X70.17 Y93.878
G1 F1800 X71.177 Y92.871 E0.03552
G0 F7200 X71.053 Y92.43
G1 F1800 X69.727 Y93.756 E0.04678
G0 F7200 X69.578 Y93.34
G1 F1800 X71.015 Y91.902 E0.05071
G0 F7200 X70.979 Y91.373
G1 F1800 X69.428 Y92.924 E0.05472
G0 F7200 X69.278 Y92.508
G1 F1800 X70.921 Y90.865 E0.05796
G0 F7200 X70.865 Y90.356
G1 F1800 X69.189 Y92.031 E0.05911
G0 F7200 X69.145 Y91.51
G1 F1800 X70.833 Y89.822 E0.05955
G0 F7200 X70.857 Y89.232
G1 F1800 X69.101 Y90.988 E0.06195
G0 F7200 X69.043 Y90.48
G1 F1800 X70.88 Y88.643 E0.06481
G0 F7200 X70.904 Y88.054
G1 F1800 X68.985 Y89.973 E0.0677
G0 F7200 X69.002 Y89.39
G1 F1800 X70.927 Y87.465 E0.06791
G0 F7200 X71.126 Y86.7
G1 F1800 X69.028 Y88.798 E0.07401
G0 F7200 X69.055 Y88.206
G1 F1800 X71.154 Y86.107 E0.07405
G0 F7200 X70.603 Y86.092
G1 F1800 X69.082 Y87.613 E0.05366
G1 X69.012 Y87.683
G0 F7200 X69.376 Y86.753
G1 F1800 X70.052 Y86.077 E0.02385
G1 X70.122 Y86.007
G0 F7200 X70.132 Y85.602
G0 X71.827 Y85.724
G0 X88.663 Y91.731
G0 X88.881 Y91.556
G1 F1800 X87.531 Y89.992 E0.05154
G1 X90.018 Y87.567 E0.08665
G1 X91.214 Y88.715 E0.04135
G1 X91.744 Y89.849 E0.03122
G1 X90.767 Y91.669 E0.05153
G1 X90.564 Y92.133 E0.01263
G1 X90.118 Y92.426 E0.01331
G1 X89.522 Y92.414 E0.01487
G1 X88.881 Y91.556 E0.02672
G0 F7200 X88.664 Y91.731
G0 X89.415 Y92.63
G0 X90.682 Y92.319
G0 X90.607 Y91.543
G1 F1800 X89.928 Y92.223 E0.02397
G0 F7200 X89.515 Y92.07
G1 F1800 X91.263 Y90.322 E0.06167
G0 F7200 X91.411 Y89.609
G1 F1800 X89.273 Y91.746 E0.07541
G0 F7200 X89.031 Y91.423
G1 F1800 X91.23 Y89.223 E0.07759
G0 F7200 X91.05 Y88.838
G1 F1800 X88.769 Y91.118 E0.08045
G0 F7200 X88.507 Y90.815
G1 F1800 X90.763 Y88.559 E0.07959
G0 F7200 X90.474 Y88.282
G1 F1800 X88.245 Y90.512 E0.07865
G0 F7200 X87.982 Y90.208
G1 F1800 X90.186 Y88.005 E0.07773
G1 X90.256 Y87.935
G0 F7200 X90.519 Y87.662
G0 X109.061 Y89.976
G0 X109.34 Y89.958
G1 F1800 X109.121 Y88.354 E0.04038
G1 X109.027 Y87.489 E0.0217
G1 X108.524 Y85.904 E0.04148
G1 X110.659 Y85.871 E0.05326
G1 X110.864 Y86.569 E0.01815
G1 X111.184 Y87.589 E0.02667
G1 X111.288 Y88.324 E0.01852
G1 X111.676 Y90.074 E0.04471
G1 X111.287 Y92.399 E0.0588
G1 X111.081 Y93.253 E0.02191
G1 X110.913 Y94.08 E0.02105
G1 X108.763 Y94.029 E0.05365
G1 X108.891 Y93.478 E0.01411
G1 X109.092 Y92.505 E0.02478
G1 X109.159 Y91.674 E0.0208
G1 X109.34 Y89.958 E0.04304
G0 F7200 X109.061 Y89.976
G0 X108.406 Y86.444
G0 X108.861 Y86.301
G1 F1800 X109.066 Y86.095 E0.00725
G0 F7200 X109.641 Y86.086
G1 F1800 X108.998 Y86.729 E0.02268
G0 F7200 X109.135 Y87.158
G1 F1800 X110.216 Y86.077 E0.03814
G0 F7200 X110.572 Y86.286
G1 F1800 X109.242 Y87.616 E0.04692
G0 F7200 X109.298 Y88.126
G1 F1800 X110.702 Y86.722 E0.04953
G0 F7200 X110.837 Y87.153
G1 F1800 X109.361 Y88.629 E0.05207
G0 F7200 X109.428 Y89.127
G1 F1800 X110.972 Y87.584 E0.05445
G0 F7200 X111.05 Y88.071
G1 F1800 X109.496 Y89.625 E0.05482
G0 F7200 X109.517 Y90.17
G1 F1800 X111.134 Y88.553 E0.05704
G0 F7200 X111.236 Y89.016
G1 F1800 X109.451 Y90.802 E0.06299
G0 F7200 X109.384 Y91.434
G1 F1800 X111.339 Y89.479 E0.06897
G0 F7200 X111.441 Y89.943
G1 F1800 X109.328 Y92.056 E0.07454
G0 F7200 X109.256 Y92.693
G1 F1800 X111.392 Y90.558 E0.07534
G0 F7200 X111.278 Y91.237
G1 F1800 X109.104 Y93.411 E0.07669
G0 F7200 X109.24 Y93.841
G1 F1800 X111.165 Y91.916 E0.06791
G0 F7200 X111.028 Y92.618
G1 F1800 X109.792 Y93.854 E0.0436
G0 F7200 X110.345 Y93.867
G1 F1800 X110.855 Y93.357 E0.01799
;MESH:NONMESH
G0 F600 X110.855 Y93.357 Z12.8
G0 F7200 X108.771 Y92.924
G0 X90.019 Y87.28
G0 X71.887 Y85.783
G0 X71.657 Y85.715
;TIME_ELAPSED:917.414866
;LAYER:84
;TYPE:FILL
;MESH:pi 3mm_deformed_tet.stl
G1 F3600 X71.207 Y86.165 E0.01587
G0 F7200 X71.339 Y86.206
G0 X74.454 Y85.907
G0 X74.453 Y85.766
G1 F3600 X82.834 Y94.148 E0.29568
G1 X82.904 Y94.218
G0 F7200 X82.892 Y94.009
G0 X85.998 Y93.856
G0 X86.006 Y93.994
G1 F3600 X88.791 Y91.209 E0.09825
G1 X88.861 Y91.139
G0 F7200 X88.681 Y91.293
G0 X90.056 Y92.769
G0 X91.08 Y91.024
G0 X90.957 Y90.957
G1 F3600 X93.976 Y93.976 E0.1065
G1 X94.046 Y94.046
G0 F7200 X94.042 Y93.836
G0 X97.181 Y93.992
G0 X97.181 Y94.132
G1 F3600 X105.581 Y85.732 E0.29633
G1 X105.651 Y85.662
G0 F7200 X105.651 Y85.876
G0 X108.325 Y85.838
G0 X108.324 Y85.696
G1 F3600 X108.915 Y86.288 E0.02087
G1 X108.985 Y86.358
G0 F7200 X108.808 Y86.414
G0 X109.021 Y93.44
G0 X109.156 Y93.471
G1 F3600 X108.394 Y94.233 E0.02688
G1 X108.324 Y94.303
G0 F7200 X108.329 Y94.096
G0 X105.498 Y94.044
G0 X105.497 Y94.183
G1 F3600 X97.091 Y85.777 E0.29654
G1 X97.021 Y85.707
G0 F7200 X97.025 Y85.919
G0 X94.043 Y86.095
G0 X94.045 Y85.954
G1 F3600 X91.07 Y88.93 E0.10497
G1 X91 Y89
G0 F7200 X91.21 Y88.903
G0 X89.936 Y87.731
G0 X88.77 Y88.767
G0 X88.867 Y88.867
G1 F3600 X86.033 Y86.033 E0.09998
G1 X85.963 Y85.963
G0 F7200 X85.965 Y86.176
G0 X82.817 Y86.005
G0 X82.823 Y85.863
G1 F3600 X74.47 Y94.216 E0.29467
G1 X74.4 Y94.286
G0 F7200 X74.398 Y94.076
G0 X90.301 Y93.792
G0 X98.628 Y93.981
G0 X98.617 Y94.276
;TYPE:WALL-INNER
G1 F3600 X100.1 Y94.336 E0.03702
G1 X102.949 Y94.368 E0.07107
G1 X103.923 Y94.336 E0.02431
G1 X106.415 Y94.348 E0.06216
G1 X110.944 Y94.456 E0.11301
G1 X111.634 Y94.465 E0.01721
G1 X111.669 Y94.465 E0.00087
G1 X112.017 Y92.793 E0.0426
G1 X112.103 Y92.44 E0.00906
G1 F1500 X112.501 Y89.998 E0.04938
G1 X112.03 Y87.855 E0.04379
G1 F3600 X111.981 Y87.519 E0.00847
G1 X111.962 Y87.457 E0.00162
G1 X111.828 Y87.033 E0.01109
G1 X111.795 Y86.92 E0.00294
G1 X111.376 Y85.484 E0.03731
G1 X111.358 Y85.484 E0.00045
G1 X106.336 Y85.568 E0.12529
G1 X103.809 Y85.584 E0.06304
G1 X102.891 Y85.557 E0.02291
G1 X100.078 Y85.564 E0.07017
G1 X98.586 Y85.628 E0.03725
G1 X97.116 Y85.616 E0.03667
G1 X95.613 Y85.648 E0.0375
G1 X94.139 Y85.796 E0.03695
G1 X92.802 Y85.773 E0.03336
G1 X91.324 Y85.864 E0.03694
G1 X89.63 Y85.94 E0.0423
G1 X88.53 Y85.963 E0.02745
G1 X86.909 Y85.861 E0.04052
G1 X85.781 Y85.876 E0.02814
G1 X84.105 Y85.716 E0.042
G1 X82.893 Y85.708 E0.03023
G1 X81.252 Y85.64 E0.04097
G1 X80.003 Y85.628 E0.03116
G1 X77.151 Y85.64 E0.07114
G1 X74.597 Y85.604 E0.06372
G1 X74.027 Y85.612 E0.01422
G1 X72.496 Y85.58 E0.0382
G1 X68.754 Y85.476 E0.09338
G1 X68.57 Y86.082 E0.0158
G1 X68.543 Y86.157 E0.00199
G1 X68.072 Y87.481 E0.03505
G1 F1500 X67.966 Y89.946 E0.04924
G1 F3600 X68.026 Y90.468 E0.01311
G1 X68.195 Y92.452 E0.04967
G1 X68.663 Y93.779 E0.0351
G1 X68.924 Y94.479 E0.01864
G1 X68.949 Y94.479 E0.00062
G1 X73.661 Y94.384 E0.11757
G1 X76.243 Y94.356 E0.06441
G1 X77.135 Y94.384 E0.02226
G1 X78.931 Y94.364 E0.0448
G1 X80.069 Y94.376 E0.02839
G1 X81.769 Y94.32 E0.04243
G1 X82.905 Y94.308 E0.02834
G1 X84.697 Y94.169 E0.04484
G1 X85.784 Y94.168 E0.02712
G1 X87.727 Y94.044 E0.04857
G1 X88.649 Y94.048 E0.023
G1 X90.306 Y94.032 E0.04134
G1 X91.312 Y94.049 E0.0251
G1 X92.792 Y94.167 E0.03704
G1 X94.139 Y94.132 E0.03361
G1 X95.601 Y94.268 E0.03663
G1 X97.189 Y94.292 E0.03962
G1 X98.617 Y94.276 E0.03562
G0 F7200 X98.601 Y94.676
;TYPE:WALL-OUTER
G1 F1800 X100.09 Y94.736 E0.03717
G1 X102.953 Y94.768 E0.07142
G1 X103.921 Y94.736 E0.02416
G1 X106.405 Y94.748 E0.06196
G1 X110.938 Y94.856 E0.11311
G1 X111.55 Y94.864 E0.01527
G1 X111.993 Y94.869 E0.01105
G1 F1500 X112.405 Y92.888 E0.04038
G1 F1800 X112.495 Y92.52 E0.00945
G1 F1500 X112.908 Y89.986 E0.05124
G1 X112.428 Y87.812 E0.04443
G1 F1800 X112.372 Y87.429 E0.00966
G1 X112.212 Y86.921 E0.01329
G1 X111.674 Y85.079 E0.04787
G1 X111.242 Y85.086 E0.01078
G1 X106.334 Y85.168 E0.12245
G1 X103.821 Y85.184 E0.06269
G1 X102.897 Y85.157 E0.02306
G1 X100.069 Y85.164 E0.07054
G1 X98.558 Y85.228 E0.03773
G1 X97.114 Y85.216 E0.03602
G1 X95.589 Y85.248 E0.03805
G1 X94.134 Y85.396 E0.03648
G1 X92.793 Y85.373 E0.03346
G1 X91.306 Y85.464 E0.03716
G1 X89.621 Y85.54 E0.04208
G1 X88.555 Y85.564 E0.0266
G1 X86.919 Y85.461 E0.04089
G1 X85.78 Y85.476 E0.02841
G1 X84.125 Y85.316 E0.04148
G1 X82.909 Y85.308 E0.03033
G1 X81.262 Y85.24 E0.04112
G1 X80.001 Y85.228 E0.03146
G1 X77.157 Y85.24 E0.07094
G1 X74.592 Y85.204 E0.06399
G1 X74.035 Y85.212 E0.0139
G1 X72.508 Y85.18 E0.0381
G1 X69.145 Y85.081 E0.08393
G1 X68.457 Y85.071 E0.01716
G1 X68.276 Y85.672 E0.01566
G1 X68.193 Y85.948 E0.00719
G1 X67.675 Y87.403 E0.03853
G1 F1500 X67.565 Y89.96 E0.05107
G1 F1800 X67.628 Y90.502 E0.01361
G1 F1500 X67.801 Y92.537 E0.04076
G1 F1800 X68.288 Y93.919 E0.03655
G1 X68.647 Y94.882 E0.02564
G1 X69.096 Y94.878 E0.0112
G1 X69.276 Y94.876 E0.00449
G1 X73.665 Y94.784 E0.10951
G1 X76.231 Y94.756 E0.06401
G1 X77.131 Y94.784 E0.02246
G1 X78.927 Y94.764 E0.0448
G1 X80.073 Y94.776 E0.02859
G1 X81.773 Y94.72 E0.04243
G1 X82.923 Y94.708 E0.02869
G1 X84.728 Y94.568 E0.04516
G1 X85.797 Y94.568 E0.02667
G1 X87.725 Y94.444 E0.04819
G1 X88.653 Y94.448 E0.02315
G1 X90.3 Y94.432 E0.04109
G1 X91.28 Y94.448 E0.02445
G1 X92.782 Y94.567 E0.03758
G1 X94.135 Y94.532 E0.03376
G1 X95.579 Y94.668 E0.03618
G1 X97.193 Y94.692 E0.04027
G1 X98.601 Y94.676 E0.03512
G0 F7200 X98.8 Y94.684
G0 X98.827 Y93.989
G0 X91.129 Y88.777
G0 X90.934 Y88.979
;TYPE:SKIN
G1 F1800 X91.364 Y89.897 E0.02529
G1 X90.013 Y92.413 E0.07124
G1 X87.919 Y89.984 E0.08
G1 X89.937 Y88.019 E0.07026
G1 X90.934 Y88.979 E0.03453
G0 F7200 X91.129 Y88.777
G0 X91.607 Y89.904
G0 X91.099 Y89.968
G1 F1800 X89.68 Y88.549 E0.05006
G0 F7200 X89.394 Y88.828
G1 F1800 X90.901 Y90.336 E0.05318
G0 F7200 X90.704 Y90.704
G1 F1800 X89.107 Y89.107 E0.05634
G0 F7200 X88.82 Y89.386
G1 F1800 X90.506 Y91.072 E0.05948
G0 F7200 X90.309 Y91.44
G1 F1800 X88.534 Y89.665 E0.06262
G0 F7200 X88.247 Y89.944
G1 F1800 X90.111 Y91.808 E0.06576
G1 X90.181 Y91.878
G0 F7200 X90.523 Y92.062
G0 X109.492 Y89.964
G0 X109.768 Y89.994
G1 F1800 X109.498 Y87.99 E0.05044
G1 X109.436 Y87.467 E0.01314
G1 X108.94 Y85.904 E0.04091
G1 X111.091 Y85.871 E0.05366
G1 X111.608 Y87.605 E0.04514
G1 X111.662 Y87.962 E0.00901
G1 X112.112 Y90.01 E0.05231
G1 X111.719 Y92.396 E0.06032
G1 X111.645 Y92.705 E0.00793
G1 X111.358 Y94.076 E0.03494
G1 X109.171 Y94.025 E0.05457
G1 X109.509 Y92.565 E0.03738
G1 X109.544 Y92.074 E0.01228
G1 X109.768 Y89.994 E0.05219
G0 F7200 X109.492 Y89.964
G0 X109.002 Y93.522
G0 X109.468 Y93.629
G1 F1800 X109.676 Y93.837 E0.00734
G0 F7200 X110.255 Y93.85
G1 F1800 X109.574 Y93.169 E0.02402
G0 F7200 X109.68 Y92.709
G1 F1800 X110.834 Y93.863 E0.04071
G0 F7200 X111.233 Y93.697
G1 F1800 X109.735 Y92.199 E0.05285
G0 F7200 X109.787 Y91.685
G1 F1800 X111.331 Y93.229 E0.05447
G0 F7200 X111.429 Y92.761
G1 F1800 X109.841 Y91.173 E0.05602
G0 F7200 X109.894 Y90.661
G1 F1800 X111.533 Y92.299 E0.0578
G0 F7200 X111.613 Y91.814
G1 F1800 X109.947 Y90.148 E0.05877
G0 F7200 X109.914 Y89.549
G1 F1800 X111.692 Y91.328 E0.06274
G0 F7200 X111.772 Y90.842
G1 F1800 X109.826 Y88.896 E0.06865
G0 F7200 X109.739 Y88.243
G1 F1800 X111.852 Y90.356 E0.07454
G0 F7200 X111.861 Y89.8
G1 F1800 X109.652 Y87.59 E0.07795
G1 X109.582 Y87.52
G0 F7200 X109.438 Y86.81
G1 F1800 X111.702 Y89.074 E0.07987
G0 F7200 X111.543 Y88.349
G1 F1800 X109.292 Y86.099 E0.07939
G0 F7200 X109.849 Y86.09
G1 F1800 X111.415 Y87.656 E0.05524
G1 X111.485 Y87.726
G0 F7200 X111.174 Y86.85
G1 F1800 X110.406 Y86.082 E0.02709
G1 X110.336 Y86.012
G0 F7200 X110.33 Y85.601
G0 X108.662 Y85.706
G0 X89.935 Y87.371
G0 X71.12 Y92.429
G0 X70.85 Y92.509
G1 F1800 X71.377 Y94.045 E0.04051
G1 X69.172 Y94.092 E0.05502
G1 X68.569 Y92.369 E0.04554
G1 X68.408 Y90.482 E0.04724
G1 X68.345 Y89.921 E0.01408
G1 X68.451 Y87.551 E0.05918
G1 X69.048 Y85.861 E0.04471
G1 X71.132 Y85.921 E0.05201
G1 X70.904 Y86.669 E0.01951
G1 X70.69 Y87.45 E0.0202
G1 X70.584 Y89.919 E0.06165
G1 X70.787 Y91.744 E0.04581
G1 X70.85 Y92.509 E0.01915
G0 F7200 X71.118 Y92.428
G0 X71.46 Y93.572
G0 X69.559 Y93.883
G1 F1800 X69.177 Y93.501 E0.01348
G0 F7200 X68.872 Y92.631
G1 F1800 X70.112 Y93.871 E0.04374
G0 F7200 X70.667 Y93.86
G1 F1800 X68.731 Y91.925 E0.06828
G0 F7200 X68.679 Y91.307
G1 F1800 X71.034 Y93.661 E0.08306
G1 X71.104 Y93.731
G0 F7200 X71.518 Y93.59
G0 X71.194 Y92.644
G0 X70.738 Y92.8
G1 F1800 X68.625 Y90.687 E0.07454
G0 F7200 X68.56 Y90.056
G1 F1800 X70.615 Y92.111 E0.0725
G0 F7200 X70.558 Y91.488
G1 F1800 X68.563 Y89.494 E0.07036
G0 F7200 X68.588 Y88.953
G1 F1800 X70.488 Y90.853 E0.06703
G0 F7200 X70.418 Y90.217
G1 F1800 X68.612 Y88.411 E0.06371
G0 F7200 X68.637 Y87.87
G1 F1800 X70.397 Y89.63 E0.06209
G0 F7200 X70.42 Y89.088
G1 F1800 X68.72 Y87.388 E0.05997
G0 F7200 X68.868 Y86.97
G1 F1800 X70.444 Y88.546 E0.0556
G0 F7200 X70.467 Y88.004
G1 F1800 X69.015 Y86.551 E0.05124
G0 F7200 X69.163 Y86.133
G1 F1800 X70.491 Y87.462 E0.04687
G0 F7200 X70.605 Y87.009
G1 F1800 X69.675 Y86.08 E0.03279
G0 F7200 X70.257 Y86.097
G1 F1800 X70.727 Y86.566 E0.01656
G0 F7200 X71.473 Y86.796
;MESH:NONMESH
G0 F600 X71.473 Y86.796 Z12.95
G0 F7200 X71.651 Y85.853
G0 X71.655 Y85.717
;TIME_ELAPSED:935.346967
;LAYER:85
;TYPE:FILL
;MESH:pi 3mm_deformed_tet.stl
G1 F3600 X70.602 Y86.77 E0.03715
G1 X70.532 Y86.84
G0 F7200 X70.709 Y86.895
G0 X74.458 Y85.911
G0 X74.457 Y85.771
G1 F3600 X82.839 Y94.153 E0.2957
G1 X82.909 Y94.223
G0 F7200 X82.894 Y94.014
G0 X85.979 Y93.876
G0 X85.987 Y94.013
G1 F3600 X89.002 Y90.998 E0.10636
G1 X89.072 Y90.928
G0 F7200 X88.892 Y91.082
G0 X89.989 Y92.237
G0 X90.852 Y90.795
G0 X90.729 Y90.729
G1 F3600 X94 Y94 E0.11539
G1 X94.07 Y94.07
G0 F7200 X94.066 Y93.858
G0 X97.173 Y94
G0 X97.173 Y94.14
G1 F3600 X105.574 Y85.74 E0.29635
G1 X105.644 Y85.67
G0 F7200 X105.644 Y85.881
G0 X108.333 Y85.842
G0 X108.332 Y85.704
G1 F3600 X109.527 Y86.899 E0.04216
G1 X109.597 Y86.969
G0 F7200 X109.419 Y87.025
G0 X109.549 Y92.911
G0 X109.685 Y92.942
G1 F3600 X108.402 Y94.226 E0.04528
G1 X108.332 Y94.296
G0 F7200 X108.337 Y94.088
G0 X105.491 Y94.045
G0 X105.49 Y94.177
G1 F3600 X97.083 Y85.769 E0.2966
G1 X97.013 Y85.699
G0 F7200 X97.017 Y85.911
G0 X94.066 Y86.075
G0 X94.068 Y85.932
G1 F3600 X90.797 Y89.203 E0.11539
G1 X90.727 Y89.273
G0 F7200 X90.936 Y89.176
G0 X89.852 Y88.18
G0 X88.957 Y88.954
G0 X89.054 Y89.054
G1 F3600 X86.012 Y86.012 E0.10731
G1 X85.942 Y85.942
G0 F7200 X85.944 Y86.154
G0 X82.823 Y85.998
G0 X82.829 Y85.857
G1 F3600 X74.475 Y94.211 E0.29471
G1 X74.405 Y94.281
G0 F7200 X74.403 Y94.071
G0 X71.627 Y94.12
G0 X71.629 Y94.257
G1 F3600 X70.95 Y93.578 E0.02395
G1 X70.88 Y93.508
G0 F7200 X71.055 Y93.449
G0 X98.787 Y93.988
G0 X98.776 Y94.284
;TYPE:WALL-INNER
G1 F3600 X100.104 Y94.336 E0.03315
G1 X102.937 Y94.368 E0.07067
G1 X104.028 Y94.332 E0.02723
G1 X106.503 Y94.34 E0.06174
G1 X111.053 Y94.448 E0.11353
G1 X112.08 Y94.461 E0.02562
G1 X112.117 Y94.461 E0.00092
G1 F1500 X112.531 Y92.466 E0.04066
G1 X112.925 Y89.987 E0.05009
G1 X112.401 Y87.503 E0.05066
G1 X111.809 Y85.484 E0.04199
G1 F3600 X111.793 Y85.484 E0.0004
G1 X106.423 Y85.576 E0.13397
G1 X103.913 Y85.588 E0.06261
G1 X102.879 Y85.557 E0.0258
G1 X100.082 Y85.564 E0.06977
G1 X98.745 Y85.62 E0.03338
G1 X97.137 Y85.608 E0.04011
G1 X95.485 Y85.644 E0.04122
G1 X94.159 Y85.776 E0.03324
G1 X92.677 Y85.749 E0.03697
G1 X91.331 Y85.832 E0.03364
G1 X89.792 Y85.9 E0.03843
G1 X88.513 Y85.931 E0.03191
G1 X87.029 Y85.837 E0.03709
G1 X85.753 Y85.856 E0.03183
G1 X84.224 Y85.712 E0.03831
G1 X82.881 Y85.7 E0.0335
G1 X81.396 Y85.636 E0.03708
G1 X80.04 Y85.624 E0.03383
G1 X77.166 Y85.64 E0.07169
G1 X74.834 Y85.605 E0.05818
G1 X74.062 Y85.616 E0.01926
G1 X71.96 Y85.571 E0.05245
G1 X69.024 Y85.484 E0.07327
G1 X68.354 Y85.475 E0.01671
G1 X68.242 Y85.79 E0.00834
G1 X67.64 Y87.489 E0.04496
G1 F1500 X67.53 Y89.955 E0.04926
G1 X67.748 Y92.447 E0.04992
G1 X68.472 Y94.475 E0.04297
G1 F3600 X68.495 Y94.475 E0.00057
G1 X73.573 Y94.38 E0.12669
G1 X76.139 Y94.352 E0.06401
G1 X77.154 Y94.384 E0.02533
G1 X78.792 Y94.364 E0.04086
G1 X80.074 Y94.379 E0.03198
G1 X81.602 Y94.332 E0.03813
G1 X82.892 Y94.312 E0.03218
G1 X84.518 Y94.189 E0.04068
G1 X85.76 Y94.188 E0.03098
G1 X87.541 Y94.072 E0.04452
G1 X88.64 Y94.08 E0.02742
G1 X90.151 Y94.064 E0.03769
G1 X91.321 Y94.085 E0.02919
G1 X92.669 Y94.195 E0.03374
G1 X94.162 Y94.156 E0.03726
G1 X95.472 Y94.276 E0.03281
G1 X97.209 Y94.3 E0.04333
G1 X98.776 Y94.284 E0.03909
G0 F7200 X98.787 Y93.988
G0 X109.371 Y93.913
G0 X111.048 Y94.848
;TYPE:WALL-OUTER
G1 F1800 X111.996 Y94.86 E0.02365
G1 X112.441 Y94.865 E0.0111
G1 F1500 X112.926 Y92.531 E0.04757
G1 X113.332 Y89.977 E0.05161
G1 X112.789 Y87.405 E0.05246
G1 X112.107 Y85.079 E0.04837
G1 F1800 X111.676 Y85.086 E0.01075
G1 X106.421 Y85.176 E0.13111
G1 X103.925 Y85.188 E0.06226
G1 X102.885 Y85.157 E0.02595
G1 X100.073 Y85.164 E0.07015
G1 X98.718 Y85.22 E0.03383
G1 X97.134 Y85.208 E0.03951
G1 X95.461 Y85.244 E0.04174
G1 X94.144 Y85.376 E0.03302
G1 X92.669 Y85.349 E0.0368
G1 X91.313 Y85.432 E0.03389
G1 X89.782 Y85.5 E0.03823
G1 X88.539 Y85.532 E0.03102
G1 X87.039 Y85.437 E0.03749
G1 X85.753 Y85.456 E0.03208
G1 X84.245 Y85.312 E0.03779
G1 X82.898 Y85.3 E0.0336
G1 X81.406 Y85.236 E0.03725
G1 X80.038 Y85.224 E0.03413
G1 X77.172 Y85.24 E0.07149
G1 X74.899 Y85.205 E0.05671
G1 X74.071 Y85.216 E0.02066
G1 X71.972 Y85.171 E0.05237
G1 X69.03 Y85.084 E0.07342
G1 X68.041 Y85.071 E0.02467
G1 X67.962 Y85.336 E0.0069
G1 X67.881 Y85.611 E0.00715
G1 X67.243 Y87.411 E0.04764
G1 F1500 X67.129 Y89.963 E0.05098
G1 X67.354 Y92.533 E0.05148
G1 F1800 X67.961 Y94.248 E0.04538
G1 X68.195 Y94.878 E0.01676
G1 X68.643 Y94.873 E0.01118
G1 X69.157 Y94.868 E0.01282
G1 X73.577 Y94.78 E0.11028
G1 X76.127 Y94.752 E0.06361
G1 X77.15 Y94.784 E0.02553
G1 X78.787 Y94.764 E0.04084
G1 X80.078 Y94.779 E0.03221
G1 X81.608 Y94.732 E0.03818
G1 X82.91 Y94.712 E0.03248
G1 X84.548 Y94.588 E0.04098
G1 X85.773 Y94.588 E0.03056
G1 X87.522 Y94.472 E0.04372
G1 X88.644 Y94.48 E0.02799
G1 X90.144 Y94.464 E0.03742
G1 X91.289 Y94.484 E0.02857
G1 X92.658 Y94.595 E0.03426
G1 X94.159 Y94.556 E0.03746
G1 X95.451 Y94.676 E0.03237
G1 X97.213 Y94.7 E0.04396
G1 X98.76 Y94.684 E0.03859
G1 X100.094 Y94.736 E0.0333
G1 X102.941 Y94.768 E0.07102
G1 X104.026 Y94.732 E0.02708
G1 X106.493 Y94.74 E0.06154
G1 X111.048 Y94.848 E0.11366
G0 F7200 X111.248 Y94.85
G0 X109.381 Y93.872
G0 X109.927 Y90.014
G0 X110.203 Y89.984
;TYPE:SKIN
G1 F1800 X109.857 Y87.479 E0.06308
G1 X109.356 Y85.904 E0.04123
G1 X111.526 Y85.871 E0.05414
G1 X112.019 Y87.551 E0.04367
G1 X112.54 Y89.998 E0.06241
G1 X112.155 Y92.396 E0.06058
G1 X111.809 Y94.076 E0.04279
G1 X109.578 Y94.032 E0.05566
G1 X109.936 Y92.469 E0.04
G1 X110.203 Y89.984 E0.06235
G0 F7200 X109.927 Y90.014
G0 X109.307 Y86.673
G0 X109.765 Y86.528
G1 F1800 X110.202 Y86.091 E0.01542
G0 F7200 X110.777 Y86.082
G1 F1800 X109.901 Y86.957 E0.03089
G0 F7200 X110.038 Y87.386
G1 F1800 X111.352 Y86.073 E0.04634
G0 F7200 X111.499 Y86.49
G1 F1800 X110.112 Y87.878 E0.04895
G0 F7200 X110.181 Y88.375
G1 F1800 X111.627 Y86.928 E0.05103
G0 F7200 X111.755 Y87.366
G1 F1800 X110.249 Y88.872 E0.05313
G0 F7200 X110.318 Y89.369
G1 F1800 X111.871 Y87.816 E0.05479
G0 F7200 X111.97 Y88.283
G1 F1800 X110.386 Y89.866 E0.05586
G0 F7200 X110.354 Y90.464
G1 F1800 X112.069 Y88.749 E0.0605
G0 F7200 X112.168 Y89.216
G1 F1800 X110.285 Y91.099 E0.06643
G0 F7200 X110.217 Y91.733
G1 F1800 X112.267 Y89.682 E0.07234
G0 F7200 X112.302 Y90.213
G1 F1800 X110.149 Y92.367 E0.07597
G0 F7200 X110.002 Y93.079
G1 F1800 X112.194 Y90.887 E0.07733
G0 F7200 X112.086 Y91.561
G1 F1800 X109.833 Y93.813 E0.07946
G0 F7200 X110.364 Y93.849
G1 F1800 X111.977 Y92.235 E0.05692
G0 F7200 X111.837 Y92.941
G1 F1800 X110.919 Y93.859 E0.03238
G0 F7200 X111.473 Y93.871
G1 F1800 X111.692 Y93.652 E0.00773
G0 F7200 X109.544 Y93.156
G0 X90.848 Y89.038
G0 X90.654 Y89.239
G1 F1800 X90.988 Y89.946 E0.01951
G1 X89.949 Y91.881 E0.05479
G1 X88.307 Y89.976 E0.06274
G1 X89.85 Y88.467 E0.05384
G1 X90.654 Y89.239 E0.0278
G0 F7200 X90.848 Y89.038
G0 X89.852 Y88.18
G0 X88.022 Y89.964
G0 X88.668 Y90.089
G1 F1800 X89.933 Y88.823 E0.04464
G0 F7200 X90.222 Y89.1
G1 F1800 X88.929 Y90.393 E0.04561
G0 F7200 X89.192 Y90.696
G1 F1800 X90.502 Y89.386 E0.04621
G0 F7200 X90.684 Y89.77
G1 F1800 X89.453 Y91 E0.04341
G0 F7200 X89.715 Y91.304
G1 F1800 X90.397 Y90.622 E0.02406
G1 X90.467 Y90.552
G0 F7200 X90.867 Y90.767
G0 X89.989 Y92.237
G0 X70.702 Y92.423
G0 X70.434 Y92.501
G1 F1800 X70.962 Y94.049 E0.0408
G1 X68.736 Y94.089 E0.05554
G1 X68.122 Y92.368 E0.04558
G1 X67.909 Y89.939 E0.06082
G1 X68.015 Y87.559 E0.05943
G1 X68.62 Y85.86 E0.04499
G1 X70.715 Y85.914 E0.05228
G1 X70.258 Y87.414 E0.03912
G1 X70.156 Y89.978 E0.06401
G1 X70.399 Y92.12 E0.05378
G1 X70.434 Y92.501 E0.00954
G0 F7200 X70.559 Y93.489
G1 F1800 X70.185 Y93.863 E0.01319
G0 F7200 X69.609 Y93.874
G1 F1800 X70.415 Y93.068 E0.02843
G0 F7200 X70.272 Y92.646
G1 F1800 X69.033 Y93.885 E0.04371
G0 F7200 X68.768 Y93.583
G1 F1800 X70.198 Y92.154 E0.05043
G0 F7200 X70.141 Y91.645
G1 F1800 X68.62 Y93.166 E0.05366
G0 F7200 X68.471 Y92.75
G1 F1800 X70.084 Y91.136 E0.05692
G0 F7200 X70.028 Y90.627
G1 F1800 X68.322 Y92.333 E0.06018
G0 F7200 X68.274 Y91.815
G1 F1800 X69.97 Y90.119 E0.05983
G0 F7200 X69.975 Y89.549
G1 F1800 X68.229 Y91.295 E0.06159
G0 F7200 X68.183 Y90.774
G1 F1800 X69.998 Y88.96 E0.06401
G0 F7200 X70.021 Y88.371
G1 F1800 X68.138 Y90.254 E0.06643
G0 F7200 X68.12 Y89.706
G1 F1800 X70.045 Y87.782 E0.06789
G0 F7200 X70.139 Y87.121
G1 F1800 X68.146 Y89.115 E0.07033
G0 F7200 X68.173 Y88.522
G1 F1800 X70.385 Y86.309 E0.07805
G0 F7200 X70.032 Y86.097
G1 F1800 X68.199 Y87.93 E0.06466
G0 F7200 X68.352 Y87.212
G1 F1800 X69.48 Y86.083 E0.03981
G0 F7200 X68.929 Y86.068
G1 F1800 X68.664 Y86.333 E0.00935
;MESH:NONMESH
G0 F600 X68.664 Y86.333 Z13.1
G0 F7200 X68.387 Y85.684
G0 X70.989 Y85.718
G0 X71.65 Y85.722
;TIME_ELAPSED:953.554886
;LAYER:86
;TYPE:FILL
;MESH:pi 3mm_deformed_tet.stl
G1 F3600 X70.003 Y87.369 E0.0581
G1 X69.933 Y87.439
G0 F7200 X70.111 Y87.493
G0 X74.462 Y85.916
G0 X74.461 Y85.775
G1 F3600 X82.846 Y94.16 E0.2958
G1 X82.916 Y94.23
G0 F7200 X82.901 Y94.02
G0 X85.959 Y93.894
G0 X85.967 Y94.033
G1 F3600 X89.214 Y90.785 E0.11456
G1 X89.284 Y90.715
G0 F7200 X89.103 Y90.87
G0 X89.921 Y91.703
G0 X90.622 Y90.565
G0 X90.498 Y90.498
G1 F3600 X94.021 Y94.021 E0.12428
G1 X94.091 Y94.091
G0 F7200 X94.087 Y93.879
G0 X97.167 Y94.01
G0 X97.165 Y94.148
G1 F3600 X105.569 Y85.744 E0.29647
G1 X105.639 Y85.674
G0 F7200 X105.639 Y85.887
G0 X108.339 Y85.85
G0 X108.338 Y85.711
G1 F3600 X110.141 Y87.514 E0.06361
G1 X110.211 Y87.584
G0 F7200 X110.015 Y87.61
G0 X110.103 Y92.356
G0 X110.239 Y92.388
G1 F3600 X108.409 Y94.218 E0.06456
G1 X108.339 Y94.288
G0 F7200 X108.344 Y94.079
G0 X105.492 Y94.041
G0 X105.491 Y94.177
G1 F3600 X97.076 Y85.762 E0.29686
G1 X97.006 Y85.692
G0 F7200 X97.01 Y85.904
G0 X94.084 Y86.056
G0 X94.086 Y85.913
G1 F3600 X90.505 Y89.495 E0.12635
G1 X90.435 Y89.565
G0 F7200 X90.626 Y89.425
G0 X89.876 Y88.533
G0 X89.144 Y89.14
G0 X89.24 Y89.24
G1 F3600 X85.988 Y85.988 E0.11472
G1 X85.918 Y85.918
G0 F7200 X85.92 Y86.133
G0 X82.829 Y85.991
G0 X82.835 Y85.851
G1 F3600 X74.483 Y94.203 E0.29464
G1 X74.413 Y94.273
G0 F7200 X74.412 Y94.065
G0 X71.62 Y94.112
G0 X71.621 Y94.249
G1 F3600 X70.317 Y92.944 E0.04602
G1 X70.247 Y92.874
G0 F7200 X70.421 Y92.815
G0 X76.044 Y94.052
G0 X76.035 Y94.348
;TYPE:WALL-INNER
G1 F3600 X77.179 Y94.384 E0.02855
G1 X78.651 Y94.368 E0.03672
G1 X80.077 Y94.384 E0.03557
G1 X81.443 Y94.34 E0.03409
G1 X82.881 Y94.32 E0.03587
G1 X84.353 Y94.208 E0.03683
G1 X85.736 Y94.208 E0.0345
G1 X87.349 Y94.104 E0.04032
G1 X88.575 Y94.112 E0.03058
G1 X90 Y94.096 E0.03555
G1 X91.333 Y94.121 E0.03326
G1 X92.541 Y94.219 E0.03023
G1 X94.187 Y94.176 E0.04107
G1 X95.341 Y94.284 E0.02891
G1 X97.222 Y94.308 E0.04693
G1 X98.935 Y94.292 E0.04273
G1 X100.107 Y94.336 E0.02926
G1 X102.921 Y94.368 E0.0702
G1 X104.129 Y94.328 E0.03015
G1 X105.867 Y94.34 E0.04336
G1 X106.59 Y94.336 E0.01804
G1 X111.168 Y94.44 E0.11423
G1 X112.526 Y94.457 E0.03388
G1 X112.561 Y94.457 E0.00087
G1 F1500 X112.978 Y92.469 E0.04054
G1 F3600 X113.059 Y91.742 E0.01825
G1 X113.349 Y89.986 E0.0444
G1 X112.952 Y88.111 E0.04781
G1 X112.823 Y87.361 E0.01898
G1 X112.246 Y85.486 E0.04894
G1 X112.229 Y85.486 E0.00042
G1 X111.018 Y85.5 E0.03021
G1 X106.511 Y85.58 E0.11245
G1 X104.017 Y85.592 E0.06221
G1 X102.867 Y85.557 E0.0287
G1 X100.086 Y85.564 E0.06937
G1 X98.907 Y85.616 E0.02944
G1 X97.156 Y85.6 E0.04368
G1 X95.357 Y85.64 E0.04489
G1 X94.183 Y85.756 E0.02943
G1 X92.549 Y85.725 E0.04077
G1 X91.344 Y85.8 E0.03012
G1 X89.952 Y85.864 E0.03476
G1 X88.497 Y85.899 E0.03631
G1 X87.148 Y85.813 E0.03372
G1 X85.729 Y85.832 E0.0354
G1 X84.349 Y85.704 E0.03457
G1 X82.867 Y85.692 E0.03697
G1 X81.537 Y85.636 E0.03321
G1 X80.015 Y85.624 E0.03797
G1 X77.178 Y85.636 E0.07077
G1 X75.077 Y85.605 E0.05242
G1 X74.098 Y85.62 E0.02442
G1 X71.547 Y85.564 E0.06365
G1 X68.906 Y85.492 E0.0659
G1 X67.932 Y85.479 E0.0243
G1 X67.922 Y85.479 E0.00025
G1 X67.566 Y86.483 E0.02657
G1 X67.261 Y87.245 E0.02047
G1 X67.15 Y87.89 E0.01633
G1 F1500 X67.051 Y89.934 E0.04084
G1 F3600 X67.128 Y90.343 E0.01038
G1 F1500 X67.308 Y92.45 E0.0422
G1 X68.022 Y94.471 E0.04277
G1 F3600 X68.045 Y94.471 E0.00057
G1 X69.031 Y94.46 E0.0246
G1 X73.486 Y94.372 E0.11115
G1 X76.035 Y94.348 E0.06359
G0 F7200 X76.023 Y94.748
;TYPE:WALL-OUTER
G1 F1800 X77.175 Y94.784 E0.02875
G1 X78.647 Y94.768 E0.03672
G1 X80.081 Y94.784 E0.03577
G1 X81.449 Y94.74 E0.03414
G1 X82.899 Y94.72 E0.03617
G1 X84.384 Y94.608 E0.03715
G1 X85.749 Y94.608 E0.03405
G1 X87.346 Y94.504 E0.03992
G1 X88.579 Y94.512 E0.03076
G1 X89.992 Y94.496 E0.03525
G1 X91.301 Y94.52 E0.03266
G1 X92.53 Y94.619 E0.03076
G1 X94.183 Y94.576 E0.04125
G1 X95.319 Y94.684 E0.02847
G1 X97.226 Y94.708 E0.04757
G1 X98.92 Y94.692 E0.04226
G1 X100.097 Y94.736 E0.02938
G1 X102.925 Y94.768 E0.07055
G1 X104.126 Y94.728 E0.02998
G1 X105.869 Y94.74 E0.04348
G1 X106.581 Y94.736 E0.01776
G1 X111.163 Y94.84 E0.11433
G1 X112.443 Y94.856 E0.03193
G1 X112.885 Y94.861 E0.01103
G1 F1500 X113.374 Y92.532 E0.04749
G1 F1800 X113.454 Y91.807 E0.01819
G1 X113.756 Y89.977 E0.04627
G1 X113.346 Y88.043 E0.04932
G1 X113.213 Y87.267 E0.01964
G1 F1500 X112.543 Y85.082 E0.04561
G1 F1800 X112.112 Y85.087 E0.01075
G1 X111.011 Y85.1 E0.02747
G1 X106.509 Y85.18 E0.11232
G1 X104.029 Y85.192 E0.06186
G1 X102.873 Y85.157 E0.02885
G1 X100.077 Y85.164 E0.06975
G1 X98.878 Y85.216 E0.02994
G1 X97.154 Y85.2 E0.04301
G1 X95.333 Y85.24 E0.04544
G1 X94.168 Y85.356 E0.0292
G1 X92.541 Y85.325 E0.04059
G1 X91.326 Y85.4 E0.03037
G1 X89.942 Y85.464 E0.03456
G1 X88.523 Y85.5 E0.03541
G1 X87.158 Y85.413 E0.03412
G1 X85.729 Y85.432 E0.03565
G1 X84.369 Y85.304 E0.03408
G1 X82.883 Y85.292 E0.03707
G1 X81.547 Y85.236 E0.03336
G1 X80.013 Y85.224 E0.03827
G1 X77.184 Y85.236 E0.07057
G1 X75.071 Y85.205 E0.05271
G1 X74.107 Y85.22 E0.02405
G1 X71.558 Y85.164 E0.0636
G1 X68.912 Y85.092 E0.06603
G1 X67.977 Y85.079 E0.02333
G1 X67.641 Y85.075 E0.00838
G1 X67.194 Y86.335 E0.03335
G1 X66.874 Y87.135 E0.02149
G1 X66.752 Y87.846 E0.018
G1 F1500 X66.649 Y89.962 E0.04228
G1 F1800 X66.734 Y90.41 E0.01137
G1 F1500 X66.914 Y92.534 E0.04254
G1 X67.741 Y94.874 E0.04953
G1 F1800 X68.19 Y94.869 E0.0112
G1 X69.039 Y94.86 E0.02118
G1 X73.49 Y94.772 E0.11105
G1 X76.023 Y94.748 E0.06319
G0 F7200 X76.222 Y94.754
G0 X76.244 Y94.058
G0 X70.278 Y92.404
G0 X70.01 Y92.482
;TYPE:SKIN
G1 F1800 X70.549 Y94.045 E0.04124
G1 X68.285 Y94.085 E0.05648
G1 X67.682 Y92.373 E0.04528
G1 X67.512 Y90.355 E0.05052
G1 X67.434 Y89.907 E0.01134
G1 X67.528 Y87.926 E0.04947
G1 X67.626 Y87.355 E0.01445
G1 X67.918 Y86.623 E0.01966
G1 X68.189 Y85.863 E0.02013
G1 X70.296 Y85.91 E0.05257
G1 X69.824 Y87.471 E0.04068
G1 X69.72 Y89.947 E0.06182
G1 X70.01 Y92.482 E0.06365
G0 F7200 X70.278 Y92.404
G0 X70.652 Y93.639
G0 X68.983 Y93.873
G1 F1800 X68.116 Y93.006 E0.03059
G1 X68.046 Y92.936
G0 F7200 X67.867 Y92.192
G1 F1800 X69.538 Y93.863 E0.05895
G0 F7200 X70.094 Y93.853
G1 F1800 X67.815 Y91.574 E0.0804
G0 F7200 X67.763 Y90.956
G1 F1800 X70.067 Y93.26 E0.08128
G1 X70.137 Y93.33
G0 F7200 X69.798 Y92.425
G1 F1800 X67.711 Y90.339 E0.07361
G0 F7200 X67.644 Y89.706
G1 F1800 X69.726 Y91.787 E0.07343
G0 F7200 X69.653 Y91.149
G1 F1800 X67.669 Y89.165 E0.06999
G0 F7200 X67.695 Y88.625
G1 F1800 X69.58 Y90.51 E0.0665
G0 F7200 X69.527 Y89.892
G1 F1800 X67.72 Y88.085 E0.06375
G0 F7200 X67.789 Y87.588
G1 F1800 X69.55 Y89.349 E0.06212
G0 F7200 X69.572 Y88.805
G1 F1800 X67.921 Y87.154 E0.05824
G0 F7200 X68.082 Y86.75
G1 F1800 X69.594 Y88.262 E0.05334
G0 F7200 X69.617 Y87.719
G1 F1800 X68.233 Y86.335 E0.04882
G0 F7200 X68.533 Y86.07
G1 F1800 X69.69 Y87.226 E0.0408
G0 F7200 X69.821 Y86.792
G1 F1800 X69.112 Y86.082 E0.02503
G0 F7200 X69.691 Y86.096
G1 F1800 X69.952 Y86.357 E0.00921
G0 F7200 X70.413 Y86.496
G0 X89.876 Y88.533
G0 X90.873 Y89.759
G0 X90.647 Y89.925
G1 F1800 X89.881 Y91.345 E0.04025
G1 X88.691 Y89.965 E0.04546
G1 X89.847 Y88.843 E0.04019
G1 X90.647 Y89.925 E0.03357
G0 F7200 X90.873 Y89.759
G0 X89.876 Y88.533
G0 X89.766 Y89.2
G1 F1800 X90.137 Y89.571 E0.01309
G0 F7200 X89.479 Y89.479
G1 F1800 X90.247 Y90.247 E0.02709
G0 F7200 X90.049 Y90.614
G1 F1800 X89.192 Y89.757 E0.03023
G1 X89.122 Y89.687
G0 F7200 X88.86 Y89.416
G0 X89.346 Y91.152
G0 X89.709 Y90.841
G1 F1800 X89.851 Y90.982 E0.00499
G0 F7200 X90.274 Y91.21
G0 X110.384 Y90.014
G0 X110.665 Y90.004
G1 F1800 X110.557 Y89.516 E0.01247
G1 X110.276 Y87.48 E0.05127
G1 X109.773 Y85.904 E0.04127
G1 X111.965 Y85.871 E0.05469
G1 X112.453 Y87.451 E0.04125
G1 X112.574 Y88.17 E0.01819
G1 X112.96 Y89.997 E0.04658
G1 X112.678 Y91.683 E0.04264
G1 X112.602 Y92.412 E0.01828
G1 X112.254 Y94.073 E0.04233
G1 X109.996 Y94.032 E0.05634
G1 X110.411 Y92.258 E0.04545
G1 X110.665 Y90.004 E0.05658
G0 F7200 X110.384 Y90.014
G0 X109.887 Y93.273
G0 X110.352 Y93.382
G1 F1800 X110.816 Y93.846 E0.01637
G0 F7200 X111.393 Y93.856
G1 F1800 X110.46 Y92.924 E0.0329
G0 F7200 X110.567 Y92.466
G1 F1800 X111.969 Y93.867 E0.04944
G0 F7200 X112.17 Y93.502
G1 F1800 X110.642 Y91.975 E0.05389
G0 F7200 X110.7 Y91.466
G1 F1800 X112.267 Y93.034 E0.0553
G0 F7200 X112.366 Y92.567
G1 F1800 X110.757 Y90.958 E0.05676
G0 F7200 X110.814 Y90.45
G1 F1800 X112.437 Y92.072 E0.05724
G0 F7200 X112.495 Y91.565
G1 F1800 X110.847 Y89.917 E0.05814
G0 F7200 X110.719 Y89.223
G1 F1800 X112.576 Y91.08 E0.06551
G0 F7200 X112.658 Y90.596
G1 F1800 X110.629 Y88.567 E0.07158
G0 F7200 X110.539 Y87.912
G1 F1800 X112.738 Y90.111 E0.07758
G0 F7200 X112.64 Y89.447
G1 F1800 X110.391 Y87.198 E0.07934
G1 X110.321 Y87.128
G0 F7200 X110.13 Y86.372
G1 F1800 X112.489 Y88.73 E0.0832
G0 F7200 X112.347 Y88.023
G1 F1800 X110.419 Y86.094 E0.06803
G0 F7200 X110.976 Y86.086
G1 F1800 X112.2 Y87.31 E0.04318
G1 X112.27 Y87.38
G0 F7200 X111.948 Y86.492
G1 F1800 X111.533 Y86.078 E0.01462
;MESH:NONMESH
G0 F600 X111.533 Y86.078 Z13.25
G0 F7200 X109.767 Y86.641
G0 X71.64 Y85.867
G0 X71.643 Y85.729
;TIME_ELAPSED:971.411818
;LAYER:87
;TYPE:FILL
;MESH:pi 3mm_deformed_tet.stl
G1 F3600 X69.516 Y87.857 E0.07505
G1 X69.446 Y87.927
G0 F7200 X69.65 Y87.936
G0 X69.828 Y92.305
G0 X69.689 Y92.316
G1 F3600 X71.613 Y94.24 E0.06787
G1 X71.683 Y94.31
G0 F7200 X71.68 Y94.102
G0 X74.488 Y94.059
G0 X74.488 Y94.198
G1 F3600 X82.839 Y85.847 E0.2946
G1 X82.909 Y85.777
G0 F7200 X82.908 Y85.988
G0 X85.97 Y86.111
G0 X85.969 Y85.969
G1 F3600 X94.04 Y94.04 E0.28473
G1 X94.11 Y94.11
G0 F7200 X94.105 Y93.9
G0 X97.161 Y94.018
G0 X97.159 Y94.155
G1 F3600 X105.562 Y85.752 E0.29644
G1 X105.632 Y85.682
G0 F7200 X105.632 Y85.892
G0 X108.35 Y85.858
G0 X108.349 Y85.721
G1 F3600 X110.631 Y88.004 E0.08052
G1 X110.701 Y88.074
G0 F7200 X110.503 Y88.1
G0 X110.612 Y91.856
G0 X110.748 Y91.879
G1 F3600 X108.416 Y94.211 E0.08227
G1 X108.346 Y94.281
G0 F7200 X108.351 Y94.071
G0 X105.488 Y94.036
G0 X105.487 Y94.173
G1 F3600 X97.068 Y85.754 E0.297
G1 X96.998 Y85.684
G0 F7200 X97.002 Y85.897
G0 X94.104 Y86.036
G0 X94.106 Y85.894
G1 F3600 X85.947 Y94.052 E0.28781
G1 X85.877 Y94.122
G0 F7200 X85.865 Y93.918
G0 X82.854 Y94.028
G0 X82.855 Y94.168
G1 F3600 X74.465 Y85.779 E0.29596
G1 X74.395 Y85.709
G0 F7200 X74.397 Y85.921
G0 X70.3 Y93.817
G0 X68.912 Y94.452
;TYPE:WALL-INNER
G1 F3600 X73.402 Y94.368 E0.11202
G1 X75.931 Y94.344 E0.06309
G1 X77.198 Y94.383 E0.03162
G1 X78.511 Y94.368 E0.03276
G1 X80.081 Y94.384 E0.03917
G1 X81.28 Y94.348 E0.02992
G1 X82.869 Y94.328 E0.03964
G1 X84.154 Y94.229 E0.03215
G1 X85.711 Y94.228 E0.03884
G1 X87.162 Y94.131 E0.03628
G1 X88.561 Y94.144 E0.0349
G1 X89.844 Y94.128 E0.03201
G1 X91.34 Y94.157 E0.03732
G1 X92.412 Y94.243 E0.02683
G1 X94.211 Y94.196 E0.04489
G1 X95.212 Y94.288 E0.02508
G1 X97.251 Y94.316 E0.05087
G1 X99.102 Y94.296 E0.04618
G1 X100.112 Y94.34 E0.02522
G1 X102.908 Y94.368 E0.06975
G1 X104.229 Y94.324 E0.03297
G1 X105.831 Y94.336 E0.03996
G1 X106.678 Y94.332 E0.02113
G1 X111.279 Y94.432 E0.1148
G1 X112.975 Y94.455 E0.04231
G1 X113.016 Y94.456 E0.00102
G1 F1500 X113.426 Y92.465 E0.04057
G1 F3600 X113.571 Y91.186 E0.03211
G1 X113.769 Y89.983 E0.03041
G1 X113.496 Y88.695 E0.03284
G1 X113.292 Y87.518 E0.0298
G1 X113.102 Y86.767 E0.01932
G1 X112.707 Y85.491 E0.03332
G1 X112.664 Y85.492 E0.00107
G1 X106.598 Y85.588 E0.15134
G1 X104.121 Y85.596 E0.06179
G1 X102.855 Y85.557 E0.0316
G1 X100.09 Y85.564 E0.06897
G1 X99.066 Y85.608 E0.02557
G1 X97.177 Y85.592 E0.04712
G1 X95.225 Y85.636 E0.04871
G1 X94.207 Y85.736 E0.02552
G1 X92.426 Y85.705 E0.04443
G1 X91.352 Y85.772 E0.02684
G1 X90.116 Y85.828 E0.03086
G1 X88.477 Y85.867 E0.0409
G1 X87.265 Y85.789 E0.0303
G1 X85.701 Y85.812 E0.03902
G1 X84.473 Y85.696 E0.03077
G1 X82.865 Y85.688 E0.04011
G1 X81.68 Y85.636 E0.02959
G1 X80.015 Y85.62 E0.04154
G1 X77.193 Y85.636 E0.0704
G1 X75.319 Y85.605 E0.04675
G1 X74.135 Y85.624 E0.02954
G1 X70.808 Y85.554 E0.08301
G1 X68.791 Y85.5 E0.05033
G1 X67.497 Y85.482 E0.03228
G1 X67.476 Y85.482 E0.00052
G1 X66.912 Y86.882 E0.03765
G1 X66.78 Y87.486 E0.01542
G1 X66.647 Y88.452 E0.02432
G1 X66.575 Y89.935 E0.03704
G1 X66.731 Y90.776 E0.02134
G1 X66.872 Y92.434 E0.04151
G1 F1500 X67.578 Y94.467 E0.04295
G1 F3600 X67.597 Y94.467 E0.00047
G1 X68.912 Y94.452 E0.0328
G0 F7200 X70.3 Y93.817
G0 X78.515 Y94.071
G0 X78.507 Y94.768
;TYPE:WALL-OUTER
G1 F1800 X80.085 Y94.784 E0.03937
G1 X81.285 Y94.748 E0.02995
G1 X82.887 Y94.728 E0.03997
G1 X84.184 Y94.628 E0.03245
G1 X85.725 Y94.628 E0.03844
G1 X87.158 Y94.531 E0.03583
G1 X88.566 Y94.544 E0.03512
G1 X89.836 Y94.528 E0.03168
G1 X91.308 Y94.556 E0.03673
G1 X92.402 Y94.643 E0.02738
G1 X94.207 Y94.596 E0.04504
G1 X95.191 Y94.688 E0.02465
G1 X97.255 Y94.716 E0.05149
G1 X99.085 Y94.696 E0.04565
G1 X100.102 Y94.74 E0.02539
G1 X102.913 Y94.768 E0.07012
G1 X104.226 Y94.724 E0.03277
G1 X105.833 Y94.736 E0.04009
G1 X106.669 Y94.732 E0.02085
G1 X111.273 Y94.832 E0.11487
G1 X112.891 Y94.855 E0.04037
G1 X113.341 Y94.861 E0.01123
G1 F1500 X113.822 Y92.528 E0.04754
G1 F1800 X113.966 Y91.251 E0.03206
G1 X114.176 Y89.973 E0.03231
G1 X113.89 Y88.627 E0.03433
G1 X113.684 Y87.434 E0.0302
G1 X113.487 Y86.659 E0.01995
G1 X113.001 Y85.087 E0.04104
G1 X112.548 Y85.094 E0.0113
G1 X106.597 Y85.188 E0.14847
G1 X104.133 Y85.196 E0.06147
G1 X102.861 Y85.157 E0.03175
G1 X100.081 Y85.164 E0.06935
G1 X99.038 Y85.208 E0.02604
G1 X97.174 Y85.192 E0.0465
G1 X95.201 Y85.236 E0.04923
G1 X94.192 Y85.336 E0.02529
G1 X92.417 Y85.305 E0.04428
G1 X91.334 Y85.372 E0.02707
G1 X90.106 Y85.428 E0.03066
G1 X88.503 Y85.468 E0.04
G1 X87.275 Y85.389 E0.0307
G1 X85.7 Y85.412 E0.03929
G1 X84.493 Y85.296 E0.03025
G1 X82.883 Y85.288 E0.04016
G1 X81.69 Y85.236 E0.02979
G1 X80.013 Y85.22 E0.04183
G1 X77.2 Y85.236 E0.07017
G1 X75.313 Y85.205 E0.04708
G1 X74.143 Y85.224 E0.02919
G1 X70.819 Y85.154 E0.08294
G1 X68.797 Y85.1 E0.05046
G1 X67.638 Y85.084 E0.02891
G1 X67.207 Y85.078 E0.01075
G1 X66.528 Y86.764 E0.04534
G1 X66.386 Y87.416 E0.01665
G1 X66.248 Y88.415 E0.02516
G1 X66.173 Y89.962 E0.03864
G1 X66.34 Y90.867 E0.02296
G1 X66.478 Y92.518 E0.04133
G1 F1500 X67.294 Y94.87 E0.04968
G1 F1800 X67.74 Y94.865 E0.01113
G1 X68.919 Y94.852 E0.02941
G1 X73.406 Y94.768 E0.11195
G1 X75.919 Y94.744 E0.06269
G1 X77.194 Y94.783 E0.03182
G1 X78.507 Y94.768 E0.03276
G0 F7200 X78.707 Y94.77
G0 X78.715 Y94.073
G0 X69.835 Y92.401
G0 X69.566 Y92.486
;TYPE:SKIN
G1 F1800 X70.139 Y94.044 E0.04141
G1 X67.846 Y94.081 E0.05721
G1 X67.246 Y92.35 E0.0457
G1 X67.116 Y90.803 E0.03873
G1 X66.958 Y89.91 E0.02262
G1 X67.024 Y88.491 E0.03544
G1 X67.154 Y87.555 E0.02357
G1 X67.273 Y86.999 E0.01418
G1 X67.731 Y85.863 E0.03055
G1 X69.878 Y85.906 E0.05357
G1 X69.545 Y87.04 E0.02948
G1 X69.392 Y87.474 E0.01148
G1 X69.288 Y89.951 E0.06184
G1 X69.517 Y91.983 E0.05101
G1 X69.566 Y92.486 E0.01261
G0 F7200 X69.835 Y92.401
G0 X70.246 Y93.524
G0 X69.795 Y93.688
G1 F1800 X69.63 Y93.854 E0.00584
G0 F7200 X69.055 Y93.862
G1 F1800 X69.642 Y93.275 E0.02071
G0 F7200 X69.49 Y92.862
G1 F1800 X68.48 Y93.871 E0.03561
G0 F7200 X67.967 Y93.819
G1 F1800 X69.362 Y92.424 E0.04921
G0 F7200 X69.306 Y91.915
G1 F1800 X67.821 Y93.399 E0.05237
G0 F7200 X67.676 Y92.979
G1 F1800 X69.25 Y91.405 E0.05553
G0 F7200 X69.193 Y90.896
G1 F1800 X67.53 Y92.559 E0.05867
G0 F7200 X67.425 Y92.098
G1 F1800 X69.137 Y90.387 E0.06038
G0 F7200 X69.091 Y89.867
G1 F1800 X67.382 Y91.576 E0.06029
G0 F7200 X67.338 Y91.054
G1 F1800 X69.116 Y89.276 E0.06272
G0 F7200 X69.142 Y88.685
G1 F1800 X67.275 Y90.551 E0.06585
G0 F7200 X67.19 Y90.071
G1 F1800 X69.167 Y88.093 E0.06976
G0 F7200 X69.193 Y87.502
G1 F1800 X67.177 Y89.518 E0.07112
G0 F7200 X67.204 Y88.925
G1 F1800 X69.439 Y86.691 E0.07883
G0 F7200 X69.467 Y86.097
G1 F1800 X67.251 Y88.313 E0.07818
G0 F7200 X67.343 Y87.655
G1 F1800 X68.913 Y86.085 E0.05539
G0 F7200 X68.357 Y86.075
G1 F1800 X67.527 Y86.906 E0.0293
G1 X67.457 Y86.976
G0 F7200 X67.05 Y86.811
G0 X67.588 Y85.651
G0 X69.896 Y85.707
G0 X110.838 Y90.017
G0 X111.121 Y90.008
G1 F1800 X110.921 Y89.108 E0.023
G1 X110.702 Y87.493 E0.04066
G1 X110.197 Y85.908 E0.0415
G1 X112.425 Y85.875 E0.05558
G1 X112.724 Y86.844 E0.0253
G1 X112.92 Y87.598 E0.01943
G1 X113.118 Y88.758 E0.02935
G1 X113.384 Y89.993 E0.03151
G1 X113.19 Y91.126 E0.02867
G1 X113.05 Y92.408 E0.03217
G1 X112.705 Y94.069 E0.04232
G1 X110.417 Y94.031 E0.05708
G1 X110.795 Y92.451 E0.04053
G1 X110.954 Y91.501 E0.02403
G1 X111.121 Y90.008 E0.03748
G0 F7200 X110.84 Y90.017
G0 X110.08 Y86.465
G0 X110.538 Y86.32
G1 F1800 X110.76 Y86.099 E0.00781
G0 F7200 X111.334 Y86.09
G1 F1800 X110.676 Y86.749 E0.02323
G0 F7200 X110.812 Y87.178
G1 F1800 X111.908 Y86.082 E0.03866
G0 F7200 X112.325 Y86.23
G1 F1800 X110.922 Y87.633 E0.04949
G0 F7200 X110.99 Y88.131
G1 F1800 X112.459 Y86.662 E0.05182
G0 F7200 X112.586 Y87.101
G1 F1800 X111.057 Y88.629 E0.05392
G0 F7200 X111.129 Y89.124
G1 F1800 X112.701 Y87.552 E0.05546
G0 F7200 X112.79 Y88.028
G1 F1800 X111.231 Y89.588 E0.05502
G0 F7200 X111.313 Y90.071
G1 F1800 X112.873 Y88.511 E0.05503
G0 F7200 X112.963 Y88.987
G1 F1800 X111.243 Y90.707 E0.06068
G0 F7200 X111.172 Y91.343
G1 F1800 X113.063 Y89.453 E0.06669
G0 F7200 X113.163 Y89.919
G1 F1800 X111.072 Y92.009 E0.07375
G0 F7200 X110.939 Y92.707
G1 F1800 X113.083 Y90.564 E0.07562
G0 F7200 X112.977 Y91.236
G1 F1800 X110.76 Y93.452 E0.07819
G0 F7200 X110.938 Y93.84
G1 F1800 X112.907 Y91.871 E0.06946
G0 F7200 X112.822 Y92.522
G1 F1800 X111.495 Y93.849 E0.04681
G0 F7200 X112.052 Y93.858
G1 F1800 X112.673 Y93.236 E0.02193
G1 X112.743 Y93.166
;MESH:NONMESH
G0 F600 X112.743 Y93.166 Z13.4
G0 F7200 X113.16 Y93.253
G0 X112.878 Y94.285
G0 X110.161 Y94.232
G0 X71.638 Y85.87
G0 X71.641 Y85.732
;TIME_ELAPSED:988.435138
;LAYER:88
;TYPE:FILL
;MESH:pi 3mm_deformed_tet.stl
G1 F3600 X69.064 Y88.308 E0.09089
G1 X68.994 Y88.378
G0 F7200 X69.199 Y88.387
G0 X69.337 Y91.815
G0 X69.198 Y91.826
G1 F3600 X71.606 Y94.233 E0.08493
G1 X71.676 Y94.303
G0 F7200 X71.674 Y94.094
G0 X74.493 Y94.054
G0 X74.493 Y94.193
G1 F3600 X82.846 Y85.84 E0.29467
G1 X82.916 Y85.77
G0 F7200 X82.915 Y85.98
G0 X85.949 Y86.089
G0 X85.948 Y85.948
G1 F3600 X94.061 Y94.061 E0.28621
G1 X94.131 Y94.131
G0 F7200 X94.126 Y93.921
G0 X97.153 Y94.026
G0 X97.151 Y94.163
G1 F3600 X105.558 Y85.756 E0.29658
G1 X105.628 Y85.686
G0 F7200 X105.628 Y85.898
G0 X108.356 Y85.868
G0 X108.355 Y85.728
G1 F3600 X111.118 Y88.49 E0.09745
G1 X111.188 Y88.56
G0 F7200 X110.989 Y88.586
G0 X111.125 Y91.343
G0 X111.261 Y91.366
G1 F3600 X108.425 Y94.202 E0.10005
G1 X108.355 Y94.272
G0 F7200 X108.36 Y94.063
G0 X105.484 Y94.033
G0 X105.483 Y94.17
G1 F3600 X97.062 Y85.748 E0.29709
G1 X96.992 Y85.678
G0 F7200 X96.996 Y85.888
G0 X94.124 Y86.017
G0 X94.126 Y85.874
G1 F3600 X85.928 Y94.072 E0.28921
G1 X85.858 Y94.142
G0 F7200 X85.846 Y93.938
G0 X82.849 Y94.035
G0 X82.858 Y94.172
G1 F3600 X74.47 Y85.784 E0.29591
G1 X74.4 Y85.714
G0 F7200 X74.402 Y85.926
G0 X75.835 Y94.045
G0 X75.827 Y94.34
;TYPE:WALL-INNER
G1 F3600 X77.223 Y94.383 E0.03484
G1 X78.37 Y94.372 E0.02861
G1 X80.085 Y94.387 E0.04278
G1 X81.119 Y94.356 E0.0258
G1 X82.857 Y94.332 E0.04336
G1 X83.975 Y94.249 E0.02797
G1 X85.688 Y94.248 E0.04273
G1 X86.973 Y94.164 E0.03212
G1 X88.59 Y94.176 E0.04034
G1 X89.691 Y94.164 E0.02747
G1 X91.352 Y94.193 E0.04144
G1 X92.284 Y94.267 E0.02332
G1 X94.231 Y94.216 E0.04858
G1 X95.085 Y94.296 E0.0214
G1 X97.271 Y94.324 E0.05453
G1 X99.261 Y94.304 E0.04964
G1 X100.116 Y94.34 E0.02135
G1 X102.893 Y94.367 E0.06928
G1 X104.332 Y94.324 E0.03591
G1 X105.793 Y94.332 E0.03645
G1 X106.766 Y94.324 E0.02427
G1 X111.389 Y94.428 E0.11535
G1 X113.424 Y94.456 E0.05077
G1 X113.469 Y94.457 E0.00112
G1 X113.64 Y93.592 E0.022
G1 X113.878 Y92.464 E0.02876
G1 X114.083 Y90.627 E0.04611
G1 X114.189 Y89.98 E0.01635
G1 X114.036 Y89.275 E0.018
G1 X113.732 Y87.517 E0.0445
G1 X113.449 Y86.387 E0.02906
G1 X113.172 Y85.495 E0.0233
G1 X113.129 Y85.496 E0.00107
G1 X106.686 Y85.592 E0.16074
G1 X104.221 Y85.6 E0.06149
G1 X102.843 Y85.556 E0.03439
G1 X100.094 Y85.564 E0.06857
G1 X99.225 Y85.6 E0.0217
G1 X97.197 Y85.584 E0.05059
G1 X95.097 Y85.632 E0.0524
G1 X94.228 Y85.716 E0.02178
G1 X92.302 Y85.681 E0.04805
G1 X91.359 Y85.74 E0.02357
G1 X90.277 Y85.788 E0.02702
G1 X88.46 Y85.835 E0.04534
G1 X87.385 Y85.765 E0.02687
G1 X85.677 Y85.792 E0.04261
G1 X84.597 Y85.688 E0.02707
G1 X82.85 Y85.68 E0.04358
G1 X81.823 Y85.636 E0.02564
G1 X80.03 Y85.616 E0.04473
G1 X77.21 Y85.632 E0.07035
G1 X75.574 Y85.609 E0.04081
G1 X74.17 Y85.628 E0.03503
G1 X68.68 Y85.508 E0.13698
G1 X67.043 Y85.484 E0.04084
G1 X66.98 Y85.483 E0.00157
G1 X66.569 Y86.509 E0.02757
G1 X66.356 Y87.494 E0.02514
G1 X66.138 Y89.017 E0.03838
G1 X66.095 Y89.93 E0.0228
G1 X66.334 Y91.209 E0.03246
G1 X66.44 Y92.427 E0.0305
G1 F1500 X67.142 Y94.462 E0.04296
G1 F3600 X67.152 Y94.462 E0.00025
G1 X68.991 Y94.441 E0.04588
G1 X73.314 Y94.364 E0.10785
G1 X75.827 Y94.34 E0.06269
G0 F7200 X75.815 Y94.74
;TYPE:WALL-OUTER
G1 F1800 X77.219 Y94.783 E0.03504
G1 X78.366 Y94.772 E0.02861
G1 X80.089 Y94.787 E0.04298
G1 X81.125 Y94.756 E0.02585
G1 X82.875 Y94.732 E0.04366
G1 X84.005 Y94.648 E0.02827
G1 X85.701 Y94.648 E0.04231
G1 X86.97 Y94.564 E0.03172
G1 X88.594 Y94.576 E0.04051
G1 X89.684 Y94.564 E0.02719
G1 X91.32 Y94.592 E0.04082
G1 X92.274 Y94.667 E0.02387
G1 X94.227 Y94.616 E0.04873
G1 X95.063 Y94.696 E0.02095
G1 X97.275 Y94.724 E0.05518
G1 X99.245 Y94.704 E0.04914
G1 X100.106 Y94.74 E0.0215
G1 X102.897 Y94.767 E0.06963
G1 X104.33 Y94.724 E0.03576
G1 X105.796 Y94.732 E0.03657
G1 X106.757 Y94.724 E0.02397
G1 X111.383 Y94.828 E0.11543
G1 X113.345 Y94.855 E0.04895
G1 X113.796 Y94.861 E0.01125
G1 X114.032 Y93.674 E0.03019
G1 X114.274 Y92.528 E0.02922
G1 X114.478 Y90.691 E0.04611
G1 X114.596 Y89.97 E0.01822
G1 X114.43 Y89.207 E0.01948
G1 X114.124 Y87.434 E0.04488
G1 X113.835 Y86.279 E0.0297
G1 X113.465 Y85.091 E0.03104
G1 X113.006 Y85.098 E0.01145
G1 X106.685 Y85.192 E0.1577
G1 X104.233 Y85.2 E0.06117
G1 X102.849 Y85.156 E0.03454
G1 X100.085 Y85.164 E0.06895
G1 X99.198 Y85.2 E0.02214
G1 X97.194 Y85.184 E0.04999
G1 X95.073 Y85.232 E0.05292
G1 X94.212 Y85.316 E0.02158
G1 X92.293 Y85.281 E0.04788
G1 X91.341 Y85.34 E0.02379
G1 X90.266 Y85.388 E0.02684
G1 X88.486 Y85.436 E0.04442
G1 X87.395 Y85.365 E0.02727
G1 X85.676 Y85.392 E0.04289
G1 X84.617 Y85.288 E0.02654
G1 X82.867 Y85.28 E0.04365
G1 X81.834 Y85.236 E0.02579
G1 X80.028 Y85.216 E0.04505
G1 X77.216 Y85.232 E0.07015
G1 X75.568 Y85.209 E0.04111
G1 X74.179 Y85.228 E0.03465
G1 X68.686 Y85.108 E0.13706
G1 X67.203 Y85.086 E0.037
G1 X66.711 Y85.079 E0.01227
G1 X66.185 Y86.391 E0.03526
G1 X65.962 Y87.424 E0.02636
G1 X65.74 Y88.979 E0.03918
G1 X65.693 Y89.958 E0.02445
G1 X65.944 Y91.303 E0.03413
G1 X66.046 Y92.51 E0.03022
G1 F1500 X66.859 Y94.866 E0.04974
G1 F1800 X67.29 Y94.861 E0.01075
G1 X68.998 Y94.841 E0.04261
G1 X73.318 Y94.764 E0.10778
G1 X75.815 Y94.74 E0.06229
G0 F7200 X76.014 Y94.746
G0 X76.034 Y94.051
G0 X69.386 Y92.401
G0 X69.118 Y92.482
;TYPE:SKIN
G1 F1800 X69.688 Y94.047 E0.04155
G1 X67.41 Y94.078 E0.05683
G1 X66.814 Y92.342 E0.04579
G1 X66.72 Y91.239 E0.02761
G1 X66.477 Y89.902 E0.0339
G1 X66.516 Y89.055 E0.02115
G1 X66.73 Y87.564 E0.03757
G1 X66.932 Y86.628 E0.02389
G1 X67.239 Y85.867 E0.02047
G1 X69.468 Y85.904 E0.05561
G1 X69.226 Y86.713 E0.02106
G1 X68.956 Y87.477 E0.02021
G1 X68.852 Y89.947 E0.06167
G1 X69.024 Y91.472 E0.03828
G1 X69.118 Y92.482 E0.0253
G0 F7200 X69.386 Y92.401
G0 X69.628 Y93.218
G0 X67.85 Y93.872
G1 F1800 X67.394 Y93.415 E0.0161
G0 F7200 X67.099 Y92.555
G1 F1800 X68.408 Y93.864 E0.04618
G0 F7200 X68.967 Y93.857
G1 F1800 X66.974 Y91.864 E0.07031
G0 F7200 X66.921 Y91.245
G1 F1800 X69.334 Y93.658 E0.08513
G1 X69.404 Y93.728
G0 F7200 X69.813 Y93.578
G0 X69.462 Y92.611
G0 X69.011 Y92.77
G1 F1800 X66.8 Y90.558 E0.07802
G0 F7200 X66.679 Y89.872
G1 F1800 X68.876 Y92.07 E0.07752
G0 F7200 X68.821 Y91.448
G1 F1800 X66.703 Y89.33 E0.07472
G0 F7200 X66.752 Y88.813
G1 F1800 X68.75 Y90.812 E0.0705
G0 F7200 X68.679 Y90.175
G1 F1800 X66.823 Y88.319 E0.06548
G0 F7200 X66.894 Y87.824
G1 F1800 X68.666 Y89.597 E0.06253
G0 F7200 X68.688 Y89.053
G1 F1800 X66.981 Y87.346 E0.06022
G0 F7200 X67.082 Y86.881
G1 F1800 X68.711 Y88.51 E0.05747
G0 F7200 X68.733 Y87.966
G1 F1800 X67.218 Y86.452 E0.05343
G0 F7200 X67.402 Y86.07
G1 F1800 X68.763 Y87.43 E0.048
G0 F7200 X68.91 Y87.012
G1 F1800 X67.978 Y86.08 E0.03288
G0 F7200 X68.553 Y86.089
G1 F1800 X69.054 Y86.59 E0.01767
G0 F7200 X69.185 Y86.155
G1 F1800 X69.128 Y86.099 E0.00199
G0 F7200 X69.656 Y86.257
G0 X111.297 Y90.018
G0 X111.577 Y90.007
G1 F1800 X111.285 Y88.7 E0.03341
G1 X111.122 Y87.507 E0.03004
G1 X110.616 Y85.912 E0.04174
G1 X112.892 Y85.879 E0.05678
G1 X113.079 Y86.486 E0.01584
G1 X113.36 Y87.598 E0.02861
G1 X113.658 Y89.338 E0.04404
G1 X113.8 Y89.993 E0.01672
G1 X113.71 Y90.526 E0.01348
G1 X113.498 Y92.404 E0.04714
G1 X113.157 Y94.069 E0.0424
G1 X110.845 Y94.035 E0.05768
G1 X111.223 Y92.443 E0.04082
G1 X111.474 Y90.958 E0.03757
G1 X111.577 Y90.007 E0.02386
G0 F7200 X111.297 Y90.018
G0 X110.687 Y93.503
G0 X111.15 Y93.614
G1 F1800 X111.379 Y93.843 E0.00808
G0 F7200 X111.953 Y93.851
G1 F1800 X111.259 Y93.157 E0.02448
G0 F7200 X111.367 Y92.7
G1 F1800 X112.528 Y93.86 E0.04094
G0 F7200 X113.013 Y93.779
G1 F1800 X111.462 Y92.229 E0.0547
G0 F7200 X111.543 Y91.744
G1 F1800 X113.109 Y93.31 E0.05524
G0 F7200 X113.205 Y92.84
G1 F1800 X111.625 Y91.261 E0.05572
G0 F7200 X111.696 Y90.766
G1 F1800 X113.3 Y92.37 E0.05659
G0 F7200 X113.358 Y91.862
G1 F1800 X111.75 Y90.254 E0.05673
G0 F7200 X111.695 Y89.634
G1 F1800 X113.416 Y91.354 E0.0607
G0 F7200 X113.473 Y90.846
G1 F1800 X111.535 Y88.908 E0.06837
G0 F7200 X111.422 Y88.229
G1 F1800 X113.538 Y90.345 E0.07465
G0 F7200 X113.551 Y89.793
G1 F1800 X111.331 Y87.572 E0.07833
G1 X111.261 Y87.502
G0 F7200 X111.098 Y86.774
G1 F1800 X113.412 Y89.088 E0.08163
G0 F7200 X113.295 Y88.405
G1 F1800 X110.997 Y86.107 E0.08107
G0 F7200 X111.555 Y86.099
G1 F1800 X113.179 Y87.723 E0.05729
G0 F7200 X112.996 Y86.974
G1 F1800 X112.112 Y86.091 E0.03117
G0 F7200 X112.67 Y86.082
G1 F1800 X112.803 Y86.216 E0.00471
;MESH:NONMESH
G0 F600 X112.803 Y86.216 Z13.55
G0 F7200 X113.248 Y86.078
G0 X71.63 Y85.872
G0 X71.633 Y85.739
;TIME_ELAPSED:1005.219699
;LAYER:89
;TYPE:FILL
;MESH:pi 3mm_deformed_tet.stl
G1 F3600 X68.611 Y88.761 E0.10661
G1 X68.541 Y88.831
G0 F7200 X68.747 Y88.84
G0 X68.847 Y91.324
G0 X68.707 Y91.335
G1 F3600 X71.597 Y94.224 E0.10193
G1 X71.667 Y94.294
G0 F7200 X71.665 Y94.087
G0 X74.492 Y94.053
G0 X74.493 Y94.193
G1 F3600 X82.854 Y85.832 E0.29496
G1 X82.924 Y85.762
G0 F7200 X82.923 Y85.972
G0 X85.926 Y86.068
G0 X85.925 Y85.925
G1 F3600 X94.081 Y94.081 E0.28772
G1 X94.151 Y94.151
G0 F7200 X94.147 Y93.942
G0 X97.144 Y94.034
G0 X97.142 Y94.171
G1 F3600 X105.554 Y85.759 E0.29676
G1 X105.624 Y85.689
G0 F7200 X105.624 Y85.903
G0 X108.362 Y85.876
G0 X108.361 Y85.734
G1 F3600 X111.678 Y89.051 E0.11702
G1 X111.748 Y89.121
G0 F7200 X111.559 Y89.162
G0 X111.638 Y90.829
G0 X111.775 Y90.852
G1 F3600 X108.433 Y94.194 E0.1179
G1 X108.363 Y94.264
G0 F7200 X108.368 Y94.055
G0 X105.48 Y94.029
G0 X105.479 Y94.165
G1 F3600 X97.054 Y85.74 E0.29721
G1 X96.984 Y85.67
G0 F7200 X96.988 Y85.881
G0 X94.144 Y85.997
G0 X94.146 Y85.854
G1 F3600 X85.912 Y94.088 E0.29048
G1 X85.842 Y94.158
G0 F7200 X85.83 Y93.956
G0 X82.855 Y94.04
G0 X82.864 Y94.177
G1 F3600 X74.475 Y85.788 E0.29594
G1 X74.405 Y85.718
G0 F7200 X74.407 Y85.931
G0 X78.235 Y94.075
G0 X78.231 Y94.372
;TYPE:WALL-INNER
G1 F3600 X80.089 Y94.392 E0.04635
G1 X80.956 Y94.364 E0.02164
G1 X82.844 Y94.34 E0.0471
G1 X83.792 Y94.265 E0.02372
G1 X85.664 Y94.264 E0.0467
G1 X86.766 Y94.192 E0.02755
G1 X88.531 Y94.208 E0.04403
G1 X89.535 Y94.196 E0.02505
G1 X91.359 Y94.229 E0.04551
G1 X92.16 Y94.291 E0.02004
G1 X94.255 Y94.236 E0.05228
G1 X94.952 Y94.3 E0.01746
G1 X97.286 Y94.332 E0.05823
G1 X99.42 Y94.312 E0.05324
G1 X100.119 Y94.34 E0.01745
G1 X102.881 Y94.367 E0.0689
G1 X104.432 Y94.32 E0.03871
G1 X105.755 Y94.328 E0.033
G1 X106.853 Y94.32 E0.02739
G1 X111.502 Y94.42 E0.116
G1 X113.88 Y94.452 E0.05932
G1 X113.926 Y94.453 E0.00115
G1 F1500 X114.326 Y92.463 E0.04051
G1 X114.606 Y89.972 E0.05002
G1 X114.176 Y87.517 E0.04974
G1 F3600 X113.798 Y86.006 E0.03885
G1 X113.64 Y85.495 E0.01334
G1 X113.596 Y85.496 E0.0011
G1 X106.774 Y85.596 E0.17019
G1 X104.324 Y85.604 E0.06112
G1 X102.831 Y85.556 E0.03726
G1 X100.095 Y85.564 E0.06825
G1 X99.387 Y85.596 E0.01768
G1 X97.216 Y85.576 E0.05416
G1 X94.968 Y85.628 E0.05609
G1 X94.251 Y85.696 E0.01797
G1 X92.174 Y85.661 E0.05182
G1 X91.37 Y85.712 E0.0201
G1 X90.437 Y85.752 E0.0233
G1 X88.444 Y85.803 E0.04973
G1 X87.504 Y85.741 E0.0235
G1 X85.65 Y85.768 E0.04625
G1 X84.718 Y85.684 E0.02334
G1 X82.825 Y85.672 E0.04722
G1 X81.968 Y85.636 E0.0214
G1 X80.024 Y85.616 E0.0485
G1 X77.227 Y85.628 E0.06977
G1 X75.817 Y85.609 E0.03518
G1 X74.207 Y85.632 E0.04017
G1 X68.566 Y85.516 E0.14075
G1 X66.548 Y85.487 E0.05034
G1 X66.484 Y85.486 E0.0016
G1 X66.224 Y86.137 E0.01749
G1 X65.928 Y87.494 E0.03465
G1 F1500 X65.635 Y89.58 E0.04204
G1 F3600 X65.619 Y89.93 E0.00874
G1 X65.946 Y91.708 E0.0451
G1 X66.008 Y92.422 E0.01788
G1 X66.404 Y93.572 E0.03034
G1 X66.664 Y94.458 E0.02303
G1 X66.715 Y94.457 E0.00127
G1 X68.674 Y94.436 E0.04887
G1 X73.232 Y94.356 E0.11372
G1 X74.26 Y94.356 E0.02564
G1 X75.741 Y94.336 E0.03695
G1 X77.246 Y94.383 E0.03756
G1 X78.231 Y94.372 E0.02457
G0 F7200 X78.227 Y94.772
;TYPE:WALL-OUTER
G1 F1800 X80.093 Y94.792 E0.04655
G1 X80.961 Y94.764 E0.02166
G1 X82.862 Y94.74 E0.04742
G1 X83.824 Y94.664 E0.02407
G1 X85.677 Y94.664 E0.04622
G1 X86.778 Y94.592 E0.02752
G1 X88.535 Y94.608 E0.04383
G1 X89.528 Y94.596 E0.02477
G1 X91.328 Y94.628 E0.04491
G1 X92.15 Y94.691 E0.02057
G1 X94.251 Y94.636 E0.05243
G1 X94.931 Y94.7 E0.01704
G1 X97.29 Y94.732 E0.05885
G1 X99.404 Y94.712 E0.05274
G1 X100.109 Y94.74 E0.0176
G1 X102.885 Y94.767 E0.06925
G1 X104.43 Y94.72 E0.03856
G1 X105.758 Y94.728 E0.03313
G1 X106.845 Y94.72 E0.02712
G1 X111.496 Y94.82 E0.11605
G1 X113.801 Y94.851 E0.0575
G1 X114.252 Y94.857 E0.01125
G1 F1500 X114.722 Y92.525 E0.04747
G1 X114.991 Y90.084 E0.04901
G1 F1800 X115.015 Y89.967 E0.00298
G1 X114.974 Y89.787 E0.00461
G1 F1500 X114.568 Y87.434 E0.04765
G1 F1800 X114.183 Y85.898 E0.0395
G1 X113.933 Y85.091 E0.02107
G1 X113.472 Y85.098 E0.0115
G1 X106.773 Y85.196 E0.16713
G1 X104.337 Y85.204 E0.06077
G1 X102.837 Y85.156 E0.03744
G1 X100.085 Y85.164 E0.06865
G1 X99.358 Y85.196 E0.01815
G1 X97.214 Y85.176 E0.05348
G1 X94.944 Y85.228 E0.05664
G1 X94.236 Y85.296 E0.01774
G1 X92.165 Y85.261 E0.05167
G1 X91.353 Y85.312 E0.0203
G1 X90.426 Y85.352 E0.02315
G1 X88.47 Y85.404 E0.04881
G1 X87.514 Y85.341 E0.0239
G1 X85.649 Y85.368 E0.04653
G1 X84.738 Y85.284 E0.02282
G1 X82.841 Y85.272 E0.04732
G1 X81.978 Y85.236 E0.02155
G1 X80.022 Y85.216 E0.0488
G1 X77.233 Y85.228 E0.06957
G1 X75.811 Y85.209 E0.03548
G1 X74.215 Y85.232 E0.03982
G1 X68.572 Y85.116 E0.14079
G1 X66.708 Y85.089 E0.0465
G1 X66.215 Y85.082 E0.0123
G1 X65.84 Y86.019 E0.02518
G1 X65.534 Y87.424 E0.03587
G1 F1500 X65.236 Y89.543 E0.0427
G1 F1800 X65.217 Y89.958 E0.01036
G1 X65.548 Y91.742 E0.04526
G1 X65.614 Y92.506 E0.01913
G1 X66.026 Y93.702 E0.03155
G1 X66.366 Y94.862 E0.03015
G1 X66.833 Y94.857 E0.01165
G1 X68.681 Y94.836 E0.0461
G1 X73.232 Y94.756 E0.11354
G1 X74.266 Y94.756 E0.02579
G1 X75.729 Y94.736 E0.0365
G1 X77.242 Y94.783 E0.03776
G1 X78.227 Y94.772 E0.02457
G0 F7200 X78.427 Y94.774
G0 X78.435 Y94.077
G0 X68.935 Y92.385
G0 X68.67 Y92.478
;TYPE:SKIN
G1 F1800 X68.979 Y93.351 E0.0231
G1 X69.237 Y94.043 E0.01842
G1 X66.946 Y94.074 E0.05715
G1 X66.762 Y93.442 E0.01642
G1 X66.382 Y92.338 E0.02913
G1 X66.324 Y91.643 E0.0174
G1 X65.985 Y89.812 E0.04645
G1 X66.302 Y87.564 E0.05663
G1 X66.585 Y86.255 E0.03341
G1 X66.739 Y85.867 E0.01041
G1 X69.056 Y85.905 E0.05781
G1 X68.912 Y86.388 E0.01257
G1 X68.524 Y87.481 E0.02893
G1 X68.42 Y89.939 E0.06137
G1 X68.531 Y90.929 E0.02485
G1 X68.67 Y92.478 E0.0388
G0 F7200 X68.935 Y92.385
G0 X69.28 Y93.355
G0 X68.832 Y93.52
G1 F1800 X68.498 Y93.854 E0.01178
G0 F7200 X67.925 Y93.861
G1 F1800 X68.682 Y93.104 E0.02671
G0 F7200 X68.533 Y92.688
G1 F1800 X67.351 Y93.869 E0.04168
G0 F7200 X67.025 Y93.629
G1 F1800 X68.44 Y92.215 E0.0499
G0 F7200 X68.396 Y91.693
G1 F1800 X66.89 Y93.199 E0.05313
G0 F7200 X66.745 Y92.778
G1 F1800 X68.35 Y91.173 E0.05662
G0 F7200 X68.299 Y90.658
G1 F1800 X66.6 Y92.357 E0.05994
G0 F7200 X66.542 Y91.85
G1 F1800 X68.244 Y90.148 E0.06004
G0 F7200 X68.234 Y89.593
G1 F1800 X66.473 Y91.353 E0.06211
G0 F7200 X66.385 Y90.876
G1 F1800 X68.258 Y89.002 E0.06609
G0 F7200 X68.282 Y88.412
G1 F1800 X66.297 Y90.398 E0.07004
G0 F7200 X66.209 Y89.92
G1 F1800 X68.307 Y87.823 E0.07399
G0 F7200 X68.44 Y87.123
G1 F1800 X66.259 Y89.304 E0.07694
G0 F7200 X66.352 Y88.646
G1 F1800 X68.748 Y86.25 E0.08453
G0 F7200 X68.339 Y86.093
G1 F1800 X66.445 Y87.987 E0.06682
G0 F7200 X66.563 Y87.303
G1 F1800 X67.783 Y86.084 E0.04302
G0 F7200 X67.226 Y86.075
G1 F1800 X66.72 Y86.581 E0.01785
G0 F7200 X66.253 Y86.479
G0 X66.597 Y85.655
G0 X69.057 Y85.703
G0 X111.762 Y90.069
G0 X112.04 Y90.058
G1 F1800 X111.65 Y88.292 E0.04511
G1 X111.542 Y87.511 E0.01967
G1 X111.192 Y86.411 E0.0288
G1 X111.044 Y85.912 E0.01298
G1 X113.372 Y85.879 E0.05808
G1 X113.796 Y87.562 E0.04329
G1 X114.217 Y89.975 E0.0611
G1 X113.946 Y92.405 E0.06099
G1 X113.612 Y94.065 E0.04224
G1 X111.294 Y94.035 E0.05783
G1 X111.422 Y93.419 E0.01569
G1 X111.655 Y92.443 E0.02503
G1 X112.04 Y90.058 E0.06026
G0 F7200 X111.765 Y90.069
G0 X110.987 Y86.688
G0 X111.448 Y86.542
G1 F1800 X111.89 Y86.099 E0.01561
G0 F7200 X112.464 Y86.092
G1 F1800 X111.583 Y86.973 E0.03108
G0 F7200 X111.718 Y87.403
G1 F1800 X113.038 Y86.083 E0.04657
G0 F7200 X113.295 Y86.392
G1 F1800 X111.796 Y87.891 E0.05288
G0 F7200 X111.873 Y88.38
G1 F1800 X113.409 Y86.844 E0.05419
G0 F7200 X113.522 Y87.296
G1 F1800 X111.975 Y88.843 E0.05457
G0 F7200 X112.077 Y89.307
G1 F1800 X113.626 Y87.758 E0.05465
G0 F7200 X113.711 Y88.239
G1 F1800 X112.18 Y89.77 E0.05401
G0 F7200 X112.208 Y90.307
G1 F1800 X113.795 Y88.721 E0.05597
G0 F7200 X113.879 Y89.202
G1 F1800 X112.097 Y90.984 E0.06286
G0 F7200 X111.986 Y91.661
G1 F1800 X113.962 Y89.684 E0.06973
G0 F7200 X113.987 Y90.225
G1 F1800 X111.874 Y92.338 E0.07454
G0 F7200 X111.712 Y93.066
G1 F1800 X113.916 Y90.862 E0.07775
G0 F7200 X113.845 Y91.499
G1 F1800 X111.535 Y93.808 E0.08147
G0 F7200 X112.064 Y93.846
G1 F1800 X113.774 Y92.135 E0.06034
G0 F7200 X113.659 Y92.816
G1 F1800 X112.622 Y93.853 E0.03658
G0 F7200 X113.181 Y93.86
G1 F1800 X113.517 Y93.524 E0.01185
;MESH:NONMESH
G0 F600 X113.517 Y93.524 Z13.7
G0 F7200 X111.291 Y92.984
G0 X71.63 Y85.878
G0 X71.633 Y85.739
;TIME_ELAPSED:1022.326915
;LAYER:90
;TYPE:FILL
;MESH:pi 3mm_deformed_tet.stl
G1 F3600 X68.159 Y89.214 E0.12257
G1 X68.089 Y89.284
G0 F7200 X68.294 Y89.293
G0 X68.356 Y90.833
G0 X68.217 Y90.844
G1 F3600 X71.595 Y94.222 E0.11917
G1 X71.665 Y94.292
G0 F7200 X71.662 Y94.081
G0 X74.496 Y94.049
G0 X74.497 Y94.189
G1 F3600 X82.862 Y85.824 E0.2951
G1 X82.932 Y85.754
G0 F7200 X82.931 Y85.964
G0 X85.905 Y86.047
G0 X85.904 Y85.904
G1 F3600 X94.104 Y94.104 E0.28928
G1 X94.174 Y94.174
G0 F7200 X94.17 Y93.963
G0 X97.137 Y94.042
G0 X97.135 Y94.178
G1 F3600 X105.547 Y85.766 E0.29676
G1 X105.617 Y85.696
G0 F7200 X105.617 Y85.908
G0 X108.371 Y85.883
G0 X108.37 Y85.742
G1 F3600 X112.262 Y89.634 E0.1373
G0 F7200 X112.285 Y90.342
G1 F3600 X108.436 Y94.191 E0.13578
G1 X108.366 Y94.261
G0 F7200 X108.371 Y94.051
G0 X105.477 Y94.025
G0 X105.476 Y94.162
G1 F3600 X97.047 Y85.733 E0.29736
G1 X96.977 Y85.663
G0 F7200 X96.981 Y85.874
G0 X94.163 Y85.978
G0 X94.165 Y85.835
G1 F3600 X85.892 Y94.107 E0.29183
G1 X85.822 Y94.177
G0 F7200 X85.81 Y93.976
G0 X82.861 Y94.045
G0 X82.87 Y94.184
G1 F3600 X74.48 Y85.793 E0.296
G1 X74.41 Y85.723
G0 F7200 X74.412 Y85.935
G0 X80.783 Y94.076
G0 X80.797 Y94.372
;TYPE:WALL-INNER
G1 F3600 X82.832 Y94.348 E0.05077
G1 X83.607 Y94.285 E0.0194
G1 X85.64 Y94.284 E0.05071
G1 X86.578 Y94.224 E0.02345
G1 X88.516 Y94.24 E0.04835
G1 X89.384 Y94.228 E0.02165
G1 X91.373 Y94.265 E0.04962
G1 X92.033 Y94.319 E0.01652
G1 X94.277 Y94.26 E0.056
G1 X94.823 Y94.308 E0.01367
G1 X97.305 Y94.34 E0.06192
G1 X99.582 Y94.32 E0.0568
G1 X100.123 Y94.34 E0.0135
G1 X102.865 Y94.372 E0.0684
G1 X104.533 Y94.316 E0.04163
G1 X105.721 Y94.324 E0.02964
G1 X106.938 Y94.316 E0.03036
G1 X109.398 Y94.372 E0.06138
G1 X114.338 Y94.451 E0.12324
G1 X114.384 Y94.452 E0.00115
G1 X114.74 Y92.641 E0.04604
G1 X114.74 Y92.385 E0.00639
G1 X114.737 Y90.077 E0.05757
G1 X114.722 Y88.309 E0.0441
G1 X114.72 Y88.094 E0.00536
G1 X114.62 Y87.517 E0.01461
G1 F1500 X114.111 Y85.495 E0.04161
G1 F3600 X114.059 Y85.496 E0.0013
G1 X106.861 Y85.604 E0.17958
G1 X104.428 Y85.608 E0.06069
G1 X102.819 Y85.556 E0.04016
G1 X100.098 Y85.564 E0.06788
G1 X99.546 Y85.588 E0.01378
G1 X97.236 Y85.568 E0.05763
G1 X94.841 Y85.624 E0.05976
G1 X94.27 Y85.68 E0.01431
G1 X92.05 Y85.637 E0.05539
G1 X91.381 Y85.68 E0.01672
G1 X90.6 Y85.716 E0.0195
G1 X88.427 Y85.771 E0.05422
G1 X87.62 Y85.717 E0.02018
G1 X85.626 Y85.748 E0.04975
G1 X84.842 Y85.676 E0.01964
G1 X82.821 Y85.664 E0.05041
G1 X82.111 Y85.632 E0.01773
G1 X80.016 Y85.612 E0.05226
G1 X77.241 Y85.628 E0.06922
G1 X76.123 Y85.609 E0.02789
G1 X74.242 Y85.636 E0.04693
G1 X71.65 Y85.58 E0.06467
G1 X66.054 Y85.488 E0.13961
G1 X65.993 Y85.487 E0.00152
G1 X65.881 Y85.766 E0.0075
G1 X65.5 Y87.499 E0.04426
G1 X65.229 Y89.428 E0.04859
G1 X65.234 Y89.641 E0.00531
G1 X65.241 Y89.949 E0.00769
G1 X65.24 Y90.079 E0.00324
G1 X65.237 Y90.442 E0.00906
G1 X65.555 Y92.151 E0.04336
G1 X65.576 Y92.418 E0.00668
G1 X65.744 Y92.902 E0.01278
G1 X66.2 Y94.454 E0.04035
G1 X66.248 Y94.453 E0.0012
G1 X70.727 Y94.4 E0.11174
G1 X73.144 Y94.352 E0.0603
G1 X74.297 Y94.352 E0.02876
G1 X75.622 Y94.336 E0.03305
G1 X77.266 Y94.384 E0.04103
G1 X78.09 Y94.376 E0.02056
G1 X80.092 Y94.396 E0.04994
G1 X80.797 Y94.372 E0.0176
G0 F7200 X80.801 Y94.772
;TYPE:WALL-OUTER
G1 F1800 X82.85 Y94.748 E0.05112
G1 X83.639 Y94.684 E0.01975
G1 X85.653 Y94.684 E0.05024
G1 X86.59 Y94.624 E0.02342
G1 X88.521 Y94.64 E0.04817
G1 X89.376 Y94.628 E0.02133
G1 X91.341 Y94.664 E0.04903
G1 X92.022 Y94.719 E0.01704
G1 X94.274 Y94.66 E0.0562
G1 X94.803 Y94.708 E0.01325
G1 X97.309 Y94.74 E0.06252
G1 X99.568 Y94.72 E0.05635
G1 X100.113 Y94.74 E0.0136
G1 X102.869 Y94.772 E0.06875
G1 X104.53 Y94.716 E0.04146
G1 X105.723 Y94.724 E0.02976
G1 X106.929 Y94.716 E0.03008
G1 X109.392 Y94.772 E0.06146
G1 X114.258 Y94.85 E0.1214
G1 X114.712 Y94.857 E0.01133
G1 F1500 X115.14 Y92.68 E0.04428
G1 F1800 X115.139 Y91.994 E0.01711
G1 X115.137 Y90.077 E0.04782
G1 X115.125 Y88.685 E0.03472
G1 X115.12 Y88.058 E0.01564
G1 X115.012 Y87.434 E0.0158
G1 F1500 X114.422 Y85.091 E0.04822
G1 F1800 X113.936 Y85.098 E0.01212
G1 X106.861 Y85.204 E0.17651
G1 X104.441 Y85.208 E0.06037
G1 X102.825 Y85.156 E0.04033
G1 X100.089 Y85.164 E0.06825
G1 X99.518 Y85.188 E0.01426
G1 X97.234 Y85.168 E0.05698
G1 X94.817 Y85.224 E0.06031
G1 X94.256 Y85.28 E0.01406
G1 X92.041 Y85.237 E0.05526
G1 X91.362 Y85.28 E0.01697
G1 X90.59 Y85.316 E0.01928
G1 X88.454 Y85.372 E0.0533
G1 X87.63 Y85.317 E0.0206
G1 X85.625 Y85.348 E0.05002
G1 X84.862 Y85.276 E0.01912
G1 X82.839 Y85.264 E0.05046
G1 X82.122 Y85.232 E0.0179
G1 X80.014 Y85.212 E0.05259
G1 X77.248 Y85.228 E0.069
G1 X76.123 Y85.209 E0.02807
G1 X74.251 Y85.236 E0.0467
G1 X71.656 Y85.18 E0.06475
G1 X66.213 Y85.091 E0.13579
G1 X65.723 Y85.083 E0.01222
G1 X65.497 Y85.648 E0.01518
G1 X65.106 Y87.428 E0.04546
G1 X64.829 Y89.404 E0.04977
G1 X64.841 Y89.946 E0.01352
G1 X64.837 Y90.478 E0.01327
G1 X65.156 Y92.183 E0.04327
G1 X65.182 Y92.502 E0.00798
G1 X65.36 Y93.015 E0.01355
G1 X65.902 Y94.858 E0.04792
G1 X66.366 Y94.852 E0.01158
G1 X70.735 Y94.8 E0.10899
G1 X73.144 Y94.752 E0.0601
G1 X74.302 Y94.752 E0.02889
G1 X75.61 Y94.736 E0.03263
G1 X77.262 Y94.784 E0.04123
G1 X78.086 Y94.776 E0.02056
G1 X80.097 Y94.796 E0.05017
G1 X80.801 Y94.772 E0.01757
G0 F7200 X81.001 Y94.77
G0 X80.993 Y94.072
G0 X68.488 Y92.389
G0 X68.22 Y92.461
;TYPE:SKIN
G1 F1800 X68.785 Y94.043 E0.0419
G1 X66.482 Y94.07 E0.05745
G1 X66.096 Y92.759 E0.03409
G1 X65.949 Y92.34 E0.01108
G1 X65.917 Y92.011 E0.00825
G1 X65.617 Y90.41 E0.04063
G1 X65.609 Y89.456 E0.0238
G1 X65.874 Y87.568 E0.04756
G1 X66.245 Y85.871 E0.04333
G1 X68.651 Y85.909 E0.06003
G1 X68.092 Y87.485 E0.04171
G1 X67.984 Y89.939 E0.06127
G1 X68.035 Y90.392 E0.01137
G1 X68.22 Y92.461 E0.05182
G0 F7200 X68.488 Y92.389
G0 X68.816 Y93.455
G0 X66.713 Y93.866
G1 F1800 X66.596 Y93.749 E0.00413
G0 F7200 X67.273 Y93.86
G1 F1800 X66.36 Y92.947 E0.03221
G1 X66.29 Y92.877
G0 F7200 X66.131 Y92.152
G1 F1800 X67.832 Y93.854 E0.06003
G0 F7200 X68.391 Y93.847
G1 F1800 X66.02 Y91.476 E0.08364
G0 F7200 X65.89 Y90.78
G1 F1800 X68.25 Y93.14 E0.08326
G1 X68.32 Y93.21
G0 F7200 X68.003 Y92.328
G1 F1800 X65.815 Y90.139 E0.07721
G0 F7200 X65.81 Y89.569
G1 F1800 X67.949 Y91.708 E0.07546
G0 F7200 X67.895 Y91.088
G1 F1800 X65.866 Y89.059 E0.07158
G0 F7200 X65.936 Y88.564
G1 F1800 X67.841 Y90.468 E0.06719
G0 F7200 X67.788 Y89.85
G1 F1800 X66.006 Y88.067 E0.06288
G0 F7200 X66.077 Y87.573
G1 F1800 X67.812 Y89.308 E0.06121
G0 F7200 X67.837 Y88.767
G1 F1800 X66.179 Y87.109 E0.05849
G0 F7200 X66.281 Y86.645
G1 F1800 X67.862 Y88.226 E0.05577
G0 F7200 X67.886 Y87.685
G1 F1800 X66.382 Y86.181 E0.05306
G0 F7200 X66.848 Y86.081
G1 F1800 X67.978 Y87.212 E0.03988
G0 F7200 X68.126 Y86.794
G1 F1800 X67.423 Y86.09 E0.02482
G0 F7200 X67.998 Y86.099
G1 F1800 X68.274 Y86.376 E0.00975
G0 F7200 X68.727 Y86.537
G0 X112.201 Y90.001
G0 X112.48 Y89.988
G1 F1800 X112.013 Y87.876 E0.05396
G1 X111.962 Y87.519 E0.009
G1 X111.805 Y87.02 E0.01305
G1 X111.479 Y85.912 E0.02881
G1 X113.816 Y85.879 E0.0583
G1 X114.248 Y87.598 E0.04421
G1 X114.34 Y88.119 E0.0132
G1 X114.356 Y89.979 E0.0464
G1 X114.36 Y92.604 E0.06548
G1 X114.072 Y94.065 E0.03715
G1 X111.738 Y94.027 E0.05823
G1 X111.984 Y92.854 E0.0299
G1 X112.083 Y92.453 E0.0103
G1 X112.48 Y89.988 E0.06228
G0 F7200 X112.201 Y90.001
G0 X111.608 Y93.307
G0 X112.073 Y93.405
G1 F1800 X112.506 Y93.839 E0.01529
G0 F7200 X113.082 Y93.849
G1 F1800 X112.171 Y92.938 E0.03214
G0 F7200 X112.281 Y92.482
G1 F1800 X113.657 Y93.858 E0.04854
G0 F7200 X113.962 Y93.597
G1 F1800 X112.359 Y91.995 E0.05653
G0 F7200 X112.436 Y91.506
G1 F1800 X114.054 Y93.124 E0.05708
G0 F7200 X114.148 Y92.651
G1 F1800 X112.513 Y91.017 E0.05766
G0 F7200 X112.591 Y90.529
G1 F1800 X114.16 Y92.098 E0.05535
G0 F7200 X114.159 Y91.531
G1 F1800 X112.668 Y90.041 E0.05258
G0 F7200 X112.544 Y89.351
G1 F1800 X114.158 Y90.965 E0.05694
G0 F7200 X114.157 Y90.398
G1 F1800 X112.383 Y88.624 E0.06258
G0 F7200 X112.221 Y87.897
G1 F1800 X114.155 Y89.831 E0.06823
G0 F7200 X114.15 Y89.26
G1 F1800 X112.068 Y87.178 E0.07345
G1 X111.998 Y87.108
G0 F7200 X111.823 Y86.367
G1 F1800 X114.145 Y88.689 E0.08191
G0 F7200 X114.136 Y88.115
G1 F1800 X112.125 Y86.103 E0.07096
G0 F7200 X112.682 Y86.095
G1 F1800 X113.993 Y87.405 E0.04623
G0 F7200 X113.804 Y86.651
G1 F1800 X113.24 Y86.087 E0.0199
;MESH:NONMESH
G0 F600 X113.24 Y86.087 Z13.85
G0 F7200 X114.102 Y85.871
G0 X71.621 Y85.881
G0 X71.623 Y85.749
;TIME_ELAPSED:1039.255270
;LAYER:91
;TYPE:FILL
;MESH:pi 3mm_deformed_tet.stl
G1 F3600 X67.703 Y89.669 E0.13829
G0 F7200 X67.723 Y90.351
G1 F3600 X71.59 Y94.217 E0.1364
G1 X71.66 Y94.287
G0 F7200 X71.657 Y94.075
G0 X74.505 Y94.043
G0 X74.506 Y94.18
G1 F3600 X82.87 Y85.816 E0.29506
G1 X82.94 Y85.746
G0 F7200 X82.939 Y85.957
G0 X85.885 Y86.025
G0 X85.884 Y85.884
G1 F3600 X94.125 Y94.125 E0.29072
G1 X94.195 Y94.195
G0 F7200 X94.19 Y93.983
G0 X97.129 Y94.05
G0 X97.127 Y94.186
G1 F3600 X105.543 Y85.77 E0.2969
G1 X105.613 Y85.7
G0 F7200 X105.613 Y85.913
G0 X108.376 Y85.886
G0 X108.375 Y85.748
G1 F3600 X112.745 Y90.118 E0.15416
G0 F7200 X112.743 Y89.885
G1 F3600 X108.443 Y94.185 E0.15169
G1 X108.373 Y94.255
G0 F7200 X108.378 Y94.044
G0 X105.472 Y94.021
G0 X105.471 Y94.158
G1 F3600 X97.04 Y85.726 E0.29744
G1 X96.97 Y85.656
G0 F7200 X96.974 Y85.866
G0 X94.18 Y85.958
G0 X94.182 Y85.817
G1 F3600 X85.872 Y94.127 E0.29316
G1 X85.802 Y94.197
G0 F7200 X85.79 Y93.995
G0 X82.864 Y94.051
G0 X82.873 Y94.187
G1 F3600 X74.485 Y85.798 E0.29593
G1 X74.415 Y85.728
G0 F7200 X74.417 Y85.94
G0 X80.09 Y94.102
G0 X80.098 Y94.399
;TYPE:WALL-INNER
G1 F3600 X82.816 Y94.352 E0.06781
G1 X83.43 Y94.305 E0.01536
G1 X85.617 Y94.304 E0.05455
G1 X86.401 Y94.256 E0.01959
G1 X88.499 Y94.272 E0.05234
G1 X89.228 Y94.26 E0.01819
G1 X91.38 Y94.301 E0.05369
G1 X91.904 Y94.343 E0.01311
G1 X94.3 Y94.28 E0.05979
G1 X94.69 Y94.312 E0.00976
G1 X97.332 Y94.348 E0.06591
G1 X99.745 Y94.324 E0.0602
G1 X100.128 Y94.34 E0.00956
G1 X102.853 Y94.372 E0.06798
G1 X104.637 Y94.312 E0.04453
G1 X105.682 Y94.32 E0.02607
G1 X107.026 Y94.312 E0.03353
G1 X109.484 Y94.368 E0.06133
G1 X114.7 Y94.447 E0.13013
G1 X114.664 Y87.392 E0.17599
G1 X114.67 Y86.072 E0.03293
G1 X114.671 Y85.968 E0.00259
G1 X114.555 Y85.499 E0.01205
G1 X114.527 Y85.499 E0.0007
G1 X106.949 Y85.608 E0.18905
G1 X104.532 Y85.612 E0.06029
G1 X102.807 Y85.556 E0.04305
G1 X100.101 Y85.564 E0.0675
G1 X99.675 Y85.58 E0.01063
G1 X97.257 Y85.56 E0.06032
G1 X94.713 Y85.62 E0.06348
G1 X94.293 Y85.66 E0.01052
G1 X91.918 Y85.617 E0.05925
G1 X90.76 Y85.676 E0.02892
G1 X88.409 Y85.735 E0.05866
G1 X87.741 Y85.693 E0.0167
G1 X85.599 Y85.728 E0.05344
G1 X84.965 Y85.668 E0.01589
G1 X82.806 Y85.656 E0.05386
G1 X82.256 Y85.632 E0.01373
G1 X80.035 Y85.613 E0.05541
G1 X77.26 Y85.624 E0.06922
G1 X76.31 Y85.613 E0.0237
G1 X74.279 Y85.64 E0.05067
G1 X68.329 Y85.528 E0.14845
G1 X65.56 Y85.492 E0.06908
G1 X65.516 Y85.491 E0.0011
G1 X65.242 Y86.748 E0.03209
G1 X65.243 Y86.809 E0.00152
G1 X65.288 Y89.79 E0.07437
G1 X65.262 Y92.735 E0.07347
G1 X65.261 Y92.852 E0.00292
G1 X65.732 Y94.451 E0.04158
G1 X65.782 Y94.45 E0.00125
G1 X70.641 Y94.396 E0.12122
G1 X73.054 Y94.348 E0.0602
G1 X75.518 Y94.332 E0.06147
G1 X77.29 Y94.383 E0.04422
G1 X77.951 Y94.376 E0.01649
G1 X80.098 Y94.399 E0.05356
G0 F7200 X80.09 Y94.102
G0 X77.955 Y94.079
G0 X77.947 Y94.776
;TYPE:WALL-OUTER
G1 F1800 X80.102 Y94.799 E0.05376
G1 X82.834 Y94.752 E0.06816
G1 X83.46 Y94.704 E0.01566
G1 X85.629 Y94.704 E0.05411
G1 X86.398 Y94.656 E0.01922
G1 X88.505 Y94.672 E0.05256
G1 X89.22 Y94.66 E0.01784
G1 X91.348 Y94.7 E0.05309
G1 X91.894 Y94.743 E0.01366
G1 X94.297 Y94.68 E0.05996
G1 X94.67 Y94.712 E0.00934
G1 X97.336 Y94.748 E0.06651
G1 X99.729 Y94.724 E0.0597
G1 X100.118 Y94.74 E0.00971
G1 X102.857 Y94.772 E0.06833
G1 X104.634 Y94.712 E0.04435
G1 X105.684 Y94.72 E0.02619
G1 X107.017 Y94.712 E0.03325
G1 X109.478 Y94.768 E0.06141
G1 X115.102 Y94.853 E0.14031
G1 X115.083 Y89.937 E0.12263
G1 X115.064 Y87.394 E0.06344
G1 X115.069 Y86.431 E0.02402
G1 X115.071 Y85.92 E0.01275
G1 X114.867 Y85.095 E0.0212
G1 X114.404 Y85.102 E0.01155
G1 X106.949 Y85.208 E0.18598
G1 X104.545 Y85.212 E0.05997
G1 X102.813 Y85.156 E0.04323
G1 X100.093 Y85.164 E0.06785
G1 X99.678 Y85.18 E0.01036
G1 X97.254 Y85.16 E0.06047
G1 X94.689 Y85.22 E0.064
G1 X94.29 Y85.26 E0.01
G1 X91.912 Y85.217 E0.05933
G1 X90.75 Y85.276 E0.02902
G1 X88.435 Y85.336 E0.05777
G1 X87.751 Y85.293 E0.0171
G1 X85.596 Y85.328 E0.05376
G1 X84.985 Y85.268 E0.01531
G1 X82.823 Y85.256 E0.05393
G1 X82.266 Y85.232 E0.01391
G1 X80.033 Y85.213 E0.0557
G1 X77.265 Y85.224 E0.06905
G1 X76.304 Y85.213 E0.02397
G1 X74.287 Y85.24 E0.05032
G1 X68.335 Y85.128 E0.1485
G1 X65.719 Y85.093 E0.06526
G1 X65.228 Y85.087 E0.01225
G1 X65.153 Y85.275 E0.00505
G1 X64.841 Y86.708 E0.03658
G1 X64.848 Y87.177 E0.0117
G1 X64.888 Y89.786 E0.06509
G1 X64.865 Y92.399 E0.06518
G1 X64.861 Y92.908 E0.0127
G1 F1500 X65.434 Y94.854 E0.04048
G1 F1800 X65.899 Y94.849 E0.0116
G1 X70.649 Y94.796 E0.1185
G1 X73.055 Y94.748 E0.06003
G1 X75.506 Y94.732 E0.06114
G1 X77.286 Y94.783 E0.04442
G1 X77.947 Y94.776 E0.01649
G0 F7200 X78.147 Y94.778
G0 X78.155 Y94.081
G0 X68.039 Y92.382
G0 X67.763 Y92.44
;TYPE:SKIN
G1 F1800 X68.333 Y94.042 E0.04242
G1 X66.014 Y94.066 E0.05785
G1 X65.641 Y92.8 E0.03292
G1 X65.669 Y89.79 E0.07509
G1 X65.621 Y86.785 E0.07497
G1 X65.821 Y85.875 E0.02324
G1 X68.225 Y85.905 E0.05997
G1 X67.657 Y87.495 E0.04212
G1 X67.548 Y89.978 E0.062
G1 X67.763 Y92.44 E0.06165
G0 F7200 X68.039 Y92.382
G0 X68.475 Y93.605
G0 X68.021 Y93.765
G1 F1800 X67.94 Y93.847 E0.00288
G0 F7200 X67.872 Y93.348
G1 F1800 X67.368 Y93.852 E0.01778
G0 F7200 X66.797 Y93.858
G1 F1800 X67.724 Y92.931 E0.0327
G0 F7200 X67.575 Y92.514
G1 F1800 X66.225 Y93.864 E0.04762
G0 F7200 X66.049 Y93.475
G1 F1800 X67.524 Y92 E0.05203
G0 F7200 X67.479 Y91.478
G1 F1800 X65.92 Y93.038 E0.05502
G0 F7200 X65.843 Y92.549
G1 F1800 X67.435 Y90.957 E0.05616
G0 F7200 X67.39 Y90.436
G1 F1800 X65.849 Y91.978 E0.05438
G0 F7200 X65.854 Y91.406
G1 F1800 X67.349 Y89.911 E0.05274
G0 F7200 X67.376 Y89.319
G1 F1800 X65.859 Y90.836 E0.05352
G0 F7200 X65.865 Y90.264
G1 F1800 X67.402 Y88.727 E0.05422
G0 F7200 X67.429 Y88.134
G1 F1800 X65.868 Y89.696 E0.05509
G0 F7200 X65.859 Y89.139
G1 F1800 X67.455 Y87.543 E0.0563
G1 X67.525 Y87.473
G0 F7200 X67.727 Y86.705
G1 F1800 X65.85 Y88.582 E0.06622
G0 F7200 X65.841 Y88.026
G1 F1800 X67.767 Y86.099 E0.06796
G0 F7200 X67.208 Y86.092
G1 F1800 X65.832 Y87.468 E0.04854
G0 F7200 X65.823 Y86.912
G1 F1800 X66.65 Y86.085 E0.02917
G0 F7200 X66.091 Y86.078
G1 F1800 X65.95 Y86.22 E0.00499
G0 F7200 X65.482 Y86.118
G0 X68.225 Y85.704
G0 X112.622 Y89.993
G0 X112.904 Y89.988
G1 F1800 X112.388 Y87.523 E0.06282
G1 X111.915 Y85.917 E0.04176
G1 X114.254 Y85.883 E0.05835
G1 X114.287 Y86.016 E0.00342
G1 X114.284 Y87.236 E0.03043
G1 X114.315 Y94.057 E0.17015
G1 X112.186 Y94.027 E0.05311
G1 X112.512 Y92.461 E0.0399
G1 X112.904 Y89.988 E0.06246
G0 F7200 X112.624 Y89.994
G0 X111.782 Y86.448
G0 X112.242 Y86.314
G1 F1800 X112.447 Y86.109 E0.00723
G0 F7200 X113.021 Y86.1
G1 F1800 X112.371 Y86.751 E0.02295
G0 F7200 X112.499 Y87.188
G1 F1800 X113.595 Y86.092 E0.03866
G0 F7200 X114.085 Y86.167
G1 F1800 X112.616 Y87.637 E0.05184
G0 F7200 X112.714 Y88.105
G1 F1800 X114.085 Y86.734 E0.04837
G0 F7200 X114.084 Y87.3
G1 F1800 X112.812 Y88.572 E0.04487
G0 F7200 X112.909 Y89.04
G1 F1800 X114.087 Y87.863 E0.04154
G0 F7200 X114.089 Y88.427
G1 F1800 X113.008 Y89.508 E0.03814
G0 F7200 X113.105 Y89.976
G1 F1800 X114.092 Y88.989 E0.03482
G0 F7200 X114.095 Y89.552
G1 F1800 X113.003 Y90.644 E0.03852
G0 F7200 X112.896 Y91.316
G1 F1800 X114.097 Y90.116 E0.04235
G0 F7200 X114.099 Y90.679
G1 F1800 X112.79 Y91.988 E0.04618
G0 F7200 X112.673 Y92.671
G1 F1800 X114.102 Y91.242 E0.05041
G0 F7200 X114.104 Y91.805
G1 F1800 X112.524 Y93.385 E0.05574
G0 F7200 X112.641 Y93.834
G1 F1800 X114.107 Y92.368 E0.05172
G0 F7200 X114.109 Y92.932
G1 F1800 X113.199 Y93.842 E0.0321
G0 F7200 X113.757 Y93.849
G1 F1800 X114.112 Y93.494 E0.01252
;MESH:NONMESH
G0 F600 X114.112 Y93.494 Z14
G0 F7200 X112.062 Y93.504
G0 X71.62 Y85.886
G0 X71.622 Y85.75
;TIME_ELAPSED:1055.876226
;LAYER:92
;TYPE:FILL
;MESH:pi 3mm_deformed_tet.stl
G1 F3600 X67.252 Y90.121 E0.15418
G0 F7200 X67.219 Y89.846
G1 F3600 X71.58 Y94.207 E0.15385
G1 X71.65 Y94.277
G0 F7200 X71.647 Y94.068
G0 X74.505 Y94.039
G0 X74.506 Y94.18
G1 F3600 X82.879 Y85.807 E0.29538
G1 X82.949 Y85.737
G0 F7200 X82.948 Y85.949
G0 X85.861 Y86.004
G0 X85.86 Y85.86
G1 F3600 X94.145 Y94.145 E0.29228
G1 X94.215 Y94.215
G0 F7200 X94.21 Y94.004
G0 X97.119 Y94.058
G0 X97.117 Y94.197
G1 F3600 X105.537 Y85.776 E0.29706
G1 X105.607 Y85.706
G0 F7200 X105.607 Y85.918
G0 X108.381 Y85.892
G0 X108.38 Y85.752
G1 F3600 X113.106 Y90.479 E0.16674
G1 X113.176 Y90.549
G0 F7200 X112.959 Y90.514
G0 X112.953 Y89.566
G0 X113.089 Y89.538
G1 F3600 X108.452 Y94.175 E0.16358
G1 X108.382 Y94.245
G0 F7200 X108.387 Y94.038
G0 X105.469 Y94.017
G0 X105.468 Y94.154
G1 F3600 X97.031 Y85.718 E0.29762
G1 X96.961 Y85.648
G0 F7200 X96.965 Y85.859
G0 X94.203 Y85.939
G0 X94.205 Y85.795
G1 F3600 X85.853 Y94.146 E0.29462
G1 X85.783 Y94.216
G0 F7200 X85.771 Y94.014
G0 X82.87 Y94.056
G0 X82.879 Y94.193
G1 F3600 X74.488 Y85.802 E0.29602
G1 X74.418 Y85.732
G0 F7200 X74.42 Y85.944
G0 X80.094 Y94.106
G0 X80.101 Y94.404
;TYPE:WALL-INNER
G1 F3600 X82.804 Y94.36 E0.06744
G1 X83.249 Y94.325 E0.01113
G1 X85.587 Y94.324 E0.05832
G1 X86.213 Y94.284 E0.01565
G1 X88.586 Y94.3 E0.0592
G1 X89.071 Y94.296 E0.0121
G1 X91.39 Y94.337 E0.05786
G1 X91.776 Y94.367 E0.00966
G1 X94.324 Y94.3 E0.06358
G1 X94.563 Y94.32 E0.00598
G1 X97.348 Y94.36 E0.06948
G1 X99.893 Y94.332 E0.06349
G1 X102.841 Y94.371 E0.07354
G1 X104.738 Y94.308 E0.04735
G1 X105.653 Y94.316 E0.02283
G1 X107.114 Y94.304 E0.03645
G1 X109.566 Y94.36 E0.06118
G1 X114.647 Y94.442 E0.12676
G1 X114.632 Y89.936 E0.1124
G1 X114.612 Y87.119 E0.07027
G1 X114.623 Y85.504 E0.04029
G1 X109.455 Y85.572 E0.12893
G1 X107.036 Y85.616 E0.06035
G1 X104.632 Y85.616 E0.05997
G1 X102.795 Y85.556 E0.04585
G1 X100.108 Y85.564 E0.06703
G1 X99.834 Y85.576 E0.00684
G1 X97.272 Y85.552 E0.06391
G1 X94.588 Y85.612 E0.06697
G1 X94.314 Y85.64 E0.00687
G1 X91.791 Y85.593 E0.06295
G1 X90.924 Y85.64 E0.02166
G1 X88.393 Y85.703 E0.06316
G1 X87.861 Y85.669 E0.0133
G1 X85.573 Y85.704 E0.05708
G1 X85.09 Y85.66 E0.0121
G1 X82.779 Y85.648 E0.05765
G1 X82.397 Y85.632 E0.00954
G1 X80.032 Y85.608 E0.059
G1 X77.276 Y85.62 E0.06875
G1 X76.557 Y85.613 E0.01794
G1 X74.314 Y85.644 E0.05596
G1 X72.286 Y85.6 E0.0506
G1 X65.279 Y85.498 E0.17481
G1 X65.336 Y89.633 E0.10316
G1 X65.298 Y94.383 E0.11849
G1 X65.297 Y94.446 E0.00157
G1 X65.316 Y94.446 E0.00047
G1 X70.557 Y94.388 E0.13075
G1 X72.968 Y94.34 E0.06015
G1 X74.435 Y94.34 E0.03659
G1 X75.414 Y94.328 E0.02442
G1 X77.311 Y94.384 E0.04734
G1 X77.807 Y94.38 E0.01237
G1 X80.101 Y94.404 E0.05723
G0 F7200 X80.105 Y94.804
;TYPE:WALL-OUTER
G1 F1800 X82.822 Y94.76 E0.06778
G1 X83.28 Y94.724 E0.01146
G1 X85.601 Y94.724 E0.0579
G1 X86.21 Y94.684 E0.01522
G1 X88.588 Y94.7 E0.05932
G1 X89.064 Y94.696 E0.01187
G1 X91.36 Y94.736 E0.05728
G1 X91.766 Y94.767 E0.01016
G1 X94.322 Y94.7 E0.06378
G1 X94.543 Y94.72 E0.00554
G1 X97.352 Y94.76 E0.07008
G1 X99.887 Y94.732 E0.06324
G1 X102.845 Y94.771 E0.07379
G1 X104.734 Y94.708 E0.04715
G1 X105.656 Y94.716 E0.023
G1 X107.105 Y94.704 E0.03615
G1 X109.56 Y94.76 E0.06126
G1 X115.05 Y94.848 E0.13697
G1 X115.036 Y92.861 E0.04957
G1 X115.032 Y89.933 E0.07304
G1 X115.012 Y87.122 E0.07012
G1 X115.026 Y85.099 E0.05047
G1 X109.448 Y85.172 E0.13916
G1 X107.036 Y85.216 E0.06018
G1 X104.645 Y85.216 E0.05964
G1 X102.801 Y85.156 E0.04602
G1 X100.098 Y85.164 E0.06743
G1 X99.838 Y85.176 E0.00649
G1 X97.27 Y85.152 E0.06406
G1 X94.562 Y85.212 E0.06757
G1 X94.31 Y85.24 E0.00632
G1 X91.784 Y85.193 E0.06302
G1 X90.914 Y85.24 E0.02173
G1 X88.419 Y85.304 E0.06226
G1 X87.871 Y85.269 E0.0137
G1 X85.573 Y85.304 E0.05733
G1 X85.11 Y85.26 E0.0116
G1 X82.795 Y85.248 E0.05775
G1 X82.407 Y85.232 E0.00969
G1 X80.03 Y85.208 E0.0593
G1 X77.281 Y85.22 E0.06857
G1 X76.551 Y85.213 E0.01821
G1 X74.323 Y85.244 E0.05558
G1 X72.292 Y85.2 E0.05068
G1 X64.875 Y85.092 E0.18504
G1 X64.9 Y87.406 E0.05773
G1 X64.936 Y89.63 E0.05549
G1 X64.901 Y94.037 E0.10994
G1 X64.896 Y94.596 E0.01394
G1 X64.97 Y94.85 E0.0066
G1 X65.434 Y94.845 E0.01158
G1 X70.565 Y94.788 E0.128
G1 X72.968 Y94.74 E0.05996
G1 X74.439 Y94.74 E0.03669
G1 X75.402 Y94.728 E0.02402
G1 X77.307 Y94.784 E0.04754
G1 X77.803 Y94.78 E0.01237
G1 X80.105 Y94.804 E0.05743
G0 F7200 X80.305 Y94.801
G0 X80.283 Y94.098
G0 X67.602 Y92.385
G0 X67.326 Y92.433
;TYPE:SKIN
G1 F1800 X67.599 Y93.23 E0.02102
G1 X67.889 Y94.038 E0.02141
G1 X65.678 Y94.062 E0.05516
G1 X65.717 Y89.629 E0.11059
G1 X65.664 Y85.883 E0.09345
G1 X67.789 Y85.912 E0.05301
G1 X67.573 Y86.517 E0.01602
G1 X67.278 Y87.262 E0.01999
G1 X67.17 Y87.89 E0.0159
G1 X67.074 Y89.953 E0.05152
G1 X67.153 Y90.364 E0.01044
G1 X67.326 Y92.433 E0.05179
G0 F7200 X67.602 Y92.385
G0 X67.955 Y93.537
G0 X66.138 Y93.856
G1 F1800 X65.882 Y93.6 E0.00903
G0 F7200 X65.887 Y93.04
G1 F1800 X66.698 Y93.851 E0.02861
G0 F7200 X67.257 Y93.844
G1 F1800 X65.892 Y92.479 E0.04815
G0 F7200 X65.897 Y91.918
G1 F1800 X67.491 Y93.513 E0.05625
G1 X67.561 Y93.583
G0 F7200 X67.972 Y93.437
G0 X67.637 Y92.483
G0 X67.183 Y92.639
G1 F1800 X65.902 Y91.357 E0.04521
G0 F7200 X65.907 Y90.797
G1 F1800 X67.088 Y91.978 E0.04166
G0 F7200 X67.037 Y91.361
G1 F1800 X65.912 Y90.236 E0.03969
G0 F7200 X65.916 Y89.675
G1 F1800 X66.984 Y90.743 E0.03768
G0 F7200 X66.897 Y90.09
G1 F1800 X65.909 Y89.103 E0.03484
G0 F7200 X65.901 Y88.528
G1 F1800 X66.892 Y89.519 E0.03496
G0 F7200 X66.918 Y88.979
G1 F1800 X65.893 Y87.955 E0.03614
G0 F7200 X65.885 Y87.381
G1 F1800 X66.945 Y88.441 E0.03739
G0 F7200 X66.971 Y87.901
G1 F1800 X65.877 Y86.807 E0.03859
G0 F7200 X65.868 Y86.233
G1 F1800 X67.049 Y87.414 E0.04166
G0 F7200 X67.174 Y86.973
G1 F1800 X66.293 Y86.092 E0.03108
G0 F7200 X66.866 Y86.099
G1 F1800 X67.336 Y86.569 E0.01658
G0 F7200 X67.498 Y86.165
G1 F1800 X67.44 Y86.107 E0.00205
G0 F7200 X67.26 Y85.627
G0 X113.043 Y89.99
G0 X113.324 Y89.984
G1 F1800 X112.935 Y88.137 E0.04708
G1 X112.802 Y87.365 E0.01954
G1 X112.354 Y85.913 E0.03791
G1 X114.238 Y85.891 E0.047
G1 X114.232 Y87.114 E0.03051
G1 X114.263 Y94.052 E0.17307
G1 X112.634 Y94.027 E0.04064
G1 X112.962 Y92.458 E0.03998
G1 X113.029 Y91.811 E0.01623
G1 X113.324 Y89.984 E0.04616
G0 F7200 X113.045 Y89.991
G0 X112.444 Y93.58
G0 X112.911 Y93.678
G1 F1800 X113.066 Y93.833 E0.00547
G0 F7200 X113.641 Y93.842
G1 F1800 X113.008 Y93.209 E0.02233
G0 F7200 X113.106 Y92.741
G1 F1800 X114.062 Y93.697 E0.03373
G0 F7200 X114.059 Y93.129
G1 F1800 X113.184 Y92.253 E0.03089
G0 F7200 X113.241 Y91.745
G1 F1800 X114.057 Y92.561 E0.02879
G0 F7200 X114.054 Y91.992
G1 F1800 X113.319 Y91.257 E0.02593
G0 F7200 X113.396 Y90.768
G1 F1800 X114.052 Y91.425 E0.02316
G0 F7200 X114.049 Y90.856
G1 F1800 X113.474 Y90.281 E0.02028
G0 F7200 X113.472 Y89.713
G1 F1800 X114.047 Y90.288 E0.02028
G0 F7200 X114.044 Y89.72
G1 F1800 X113.321 Y88.996 E0.02552
G0 F7200 X113.169 Y88.279
G1 F1800 X114.042 Y89.152 E0.0308
G0 F7200 X114.039 Y88.584
G1 F1800 X113.043 Y87.587 E0.03515
G0 F7200 X112.842 Y86.821
G1 F1800 X114.039 Y88.018 E0.04223
G0 F7200 X114.039 Y87.451
G1 F1800 X112.697 Y86.109 E0.04734
G0 F7200 X113.256 Y86.103
G1 F1800 X114.038 Y86.885 E0.02759
G0 F7200 X114.037 Y86.319
G1 F1800 X113.814 Y86.096 E0.00787
;MESH:NONMESH
G0 F600 X113.814 Y86.096 Z14.15
G0 F7200 X113.809 Y85.614
G0 X112.829 Y85.671
G0 X67.378 Y89.418
G0 X66.761 Y89.389
;TIME_ELAPSED:1071.905333
;LAYER:93
;TYPE:FILL
;MESH:pi 3mm_deformed_tet.stl
G1 F3600 X71.574 Y94.201 E0.16977
G1 X71.644 Y94.271
G0 F7200 X71.64 Y94.063
G0 X74.51 Y94.034
G0 X74.511 Y94.175
G1 F3600 X82.891 Y85.795 E0.29563
G1 X82.961 Y85.725
G0 F7200 X82.96 Y85.942
G0 X85.84 Y85.982
G0 X85.839 Y85.839
G1 F3600 X94.165 Y94.165 E0.29372
G1 X94.235 Y94.235
G0 F7200 X94.231 Y94.025
G0 X97.115 Y94.065
G0 X97.113 Y94.201
G1 F3600 X105.534 Y85.78 E0.29707
G1 X105.604 Y85.71
G0 F7200 X105.604 Y85.923
G0 X108.386 Y85.899
G0 X108.385 Y85.757
G1 F3600 X113.469 Y90.842 E0.17937
G1 X113.539 Y90.912
G0 F7200 X113.322 Y90.877
G0 X113.3 Y89.219
G0 X113.436 Y89.191
G1 F3600 X108.458 Y94.169 E0.17561
G1 X108.388 Y94.239
G0 F7200 X108.393 Y94.031
G0 X105.466 Y94.014
G0 X105.465 Y94.151
G1 F3600 X97.024 Y85.71 E0.29778
G1 X96.954 Y85.64
G0 F7200 X96.958 Y85.852
G0 X94.222 Y85.919
G0 X94.224 Y85.776
G1 F3600 X85.834 Y94.166 E0.29598
G1 X85.764 Y94.236
G0 F7200 X85.751 Y94.033
G0 X82.876 Y94.061
G0 X82.885 Y94.199
G1 F3600 X74.492 Y85.806 E0.29609
G1 X74.422 Y85.736
G0 F7200 X74.424 Y85.949
G0 X71.613 Y85.896
G0 X71.615 Y85.757
G1 F3600 X66.848 Y90.524 E0.16817
G1 X66.778 Y90.594
G0 F7200 X66.996 Y90.554
G0 X80.164 Y94.107
G0 X80.168 Y94.408
;TYPE:WALL-INNER
G1 F3600 X82.791 Y94.368 E0.06544
G1 X83.07 Y94.345 E0.00698
G1 X85.564 Y94.344 E0.06221
G1 X86.025 Y94.316 E0.01152
G1 X88.419 Y94.332 E0.05972
G1 X88.919 Y94.328 E0.01247
G1 X91.395 Y94.373 E0.06177
G1 X91.65 Y94.391 E0.00638
G1 X94.341 Y94.32 E0.06715
G1 X97.325 Y94.364 E0.07444
G1 X100.051 Y94.34 E0.068
G1 X102.825 Y94.371 E0.0692
G1 X104.84 Y94.308 E0.05029
G1 X105.606 Y94.312 E0.01911
G1 X107.202 Y94.3 E0.03981
G1 X109.651 Y94.356 E0.06111
G1 X114.595 Y94.434 E0.12334
G1 X114.584 Y93.009 E0.03555
G1 X114.58 Y89.932 E0.07676
G1 X114.56 Y87.404 E0.06306
G1 X114.572 Y85.512 E0.0472
G1 X109.538 Y85.576 E0.12558
G1 X107.124 Y85.62 E0.06023
G1 X104.736 Y85.62 E0.05957
G1 X102.783 Y85.557 E0.04874
G1 X99.998 Y85.568 E0.06947
G1 X97.226 Y85.545 E0.06915
G1 X94.459 Y85.608 E0.06904
G1 X94.279 Y85.62 E0.0045
G1 X91.667 Y85.573 E0.06517
G1 X91.084 Y85.604 E0.01456
G1 X88.376 Y85.671 E0.06757
G1 X87.977 Y85.645 E0.00997
G1 X85.547 Y85.684 E0.06062
G1 X85.215 Y85.656 E0.00831
G1 X80.029 Y85.609 E0.12937
G1 X77.289 Y85.62 E0.06835
G1 X76.789 Y85.613 E0.01247
G1 X74.351 Y85.648 E0.06082
G1 X72.605 Y85.612 E0.04356
G1 X65.331 Y85.506 E0.18147
G1 X65.352 Y87.404 E0.04735
G1 X65.388 Y89.482 E0.05184
G1 X65.365 Y92.168 E0.067
G1 X65.368 Y92.875 E0.01764
G1 X65.351 Y94.44 E0.03904
G1 X70.473 Y94.384 E0.12778
G1 X72.884 Y94.336 E0.06015
G1 X74.424 Y94.336 E0.03842
G1 X75.31 Y94.324 E0.0221
G1 X77.334 Y94.383 E0.05051
G1 X80.168 Y94.408 E0.0707
G0 F7200 X80.174 Y94.808
;TYPE:WALL-OUTER
G1 F1800 X82.81 Y94.768 E0.06576
G1 X83.098 Y94.744 E0.00721
G1 X85.577 Y94.744 E0.06184
G1 X86.022 Y94.716 E0.01112
G1 X88.419 Y94.732 E0.05979
G1 X88.912 Y94.728 E0.0123
G1 X91.367 Y94.772 E0.06125
G1 X91.641 Y94.791 E0.00685
G1 X94.335 Y94.72 E0.06723
G1 X97.329 Y94.764 E0.07469
G1 X100.047 Y94.74 E0.0678
G1 X102.829 Y94.771 E0.0694
G1 X104.838 Y94.708 E0.05014
G1 X105.609 Y94.712 E0.01923
G1 X107.193 Y94.7 E0.03951
G1 X109.645 Y94.756 E0.06118
G1 X114.998 Y94.84 E0.13355
G1 X114.984 Y93.009 E0.04568
G1 X114.98 Y89.929 E0.07683
G1 X114.96 Y87.406 E0.06294
G1 X114.974 Y85.107 E0.05735
G1 X109.531 Y85.176 E0.13579
G1 X107.124 Y85.22 E0.06005
G1 X104.749 Y85.22 E0.05924
G1 X102.789 Y85.157 E0.04892
G1 X100.002 Y85.168 E0.06952
G1 X97.217 Y85.145 E0.06947
G1 X94.431 Y85.208 E0.06951
G1 X94.333 Y85.22 E0.00246
G1 X91.66 Y85.173 E0.06669
G1 X91.074 Y85.204 E0.01464
G1 X88.402 Y85.272 E0.06667
G1 X87.987 Y85.245 E0.01037
G1 X85.546 Y85.284 E0.0609
G1 X85.234 Y85.256 E0.00781
G1 X80.027 Y85.209 E0.12989
G1 X77.296 Y85.22 E0.06813
G1 X76.783 Y85.213 E0.0128
G1 X74.359 Y85.248 E0.06047
G1 X72.611 Y85.212 E0.04361
G1 X64.927 Y85.1 E0.1917
G1 X64.952 Y87.411 E0.05765
G1 X64.988 Y89.478 E0.05157
G1 X64.965 Y92.17 E0.06715
G1 X64.968 Y92.871 E0.01749
G1 X64.947 Y94.845 E0.04924
G1 X70.481 Y94.784 E0.13805
G1 X72.884 Y94.736 E0.05996
G1 X74.43 Y94.736 E0.03857
G1 X75.298 Y94.724 E0.02165
G1 X77.33 Y94.783 E0.05071
G1 X80.174 Y94.808 E0.07095
G0 F7200 X80.374 Y94.805
G0 X80.365 Y94.104
G0 X67.204 Y86.96
G0 X66.547 Y86.709
;TYPE:SKIN
G1 F1297.3 X66.268 Y87.435 E0.02692
G1 X66.149 Y86.699 E0.0258
G1 F1607.1 X66.144 Y86.32 E0.01059
G1 X66.699 Y86.328 E0.01551
G1 X66.547 Y86.709 E0.01146
G0 F7200 X66.268 Y87.435
G1 F1224.5 X66.209 Y88.405 E0.03563
G1 F1528.7 X66.178 Y89.938 E0.04504
G1 F1395.3 X66.257 Y90.865 E0.02994
G1 F1100.9 X66.298 Y91.916 E0.0429
G0 F7200 X66.892 Y92.409
G1 F1800 X67.448 Y94.035 E0.04287
G1 X65.735 Y94.053 E0.04273
G1 X65.748 Y92.879 E0.02929
G1 X65.744 Y92.167 E0.01776
G1 X65.769 Y89.482 E0.06698
G1 X65.715 Y85.891 E0.08959
G1 X67.322 Y85.912 E0.04009
G1 X66.942 Y86.865 E0.02559
G1 X66.8 Y87.492 E0.01604
G1 X66.664 Y88.454 E0.02424
G1 X66.598 Y89.953 E0.03743
G1 X66.757 Y90.803 E0.02157
G1 X66.892 Y92.409 E0.0402
G0 F7200 X67.169 Y92.377
G0 X67.531 Y93.421
G0 X67.078 Y93.577
G1 F1800 X66.812 Y93.842 E0.00937
G0 F7200 X66.241 Y93.848
G1 F1800 X66.934 Y93.155 E0.02445
G0 F7200 X66.79 Y92.733
G1 F1800 X65.94 Y93.583 E0.02999
G0 F7200 X65.943 Y93.015
G1 F1800 X66.646 Y92.311 E0.02482
G0 F7200 X66.083 Y92.309
G1 F1800 X65.945 Y92.447 E0.00487
G0 F7200 X65.465 Y92.231
G0 X65.526 Y94.266
G0 X67.732 Y94.237
G0 X112.545 Y85.715
G0 X114.398 Y85.687
G0 X114.464 Y86.615
G0 X113.792 Y86.611
G1 F1592.9 X113.719 Y87.412 E0.02267
G1 F1475.4 X113.328 Y86.297 E0.03596
G1 F1730.8 X113.793 Y86.292 E0.01206
G1 F1889.8 X113.792 Y86.611 E0.00758
G0 F7200 X113.719 Y87.412
G1 F1472.4 X113.753 Y87.817 E0.01239
G0 F7200 X113.061 Y87.936
G0 X112.857 Y93.985
G0 X113.776 Y93.528
G1 F1172.6 X113.738 Y93.594 E0.00292
G1 X113.662 Y93.594 E0.00291
G1 X113.624 Y93.528 E0.00292
G1 X113.662 Y93.462 E0.00292
G1 X113.738 Y93.462 E0.00291
G1 X113.776 Y93.528 E0.00292
G0 F7200 X112.857 Y93.985
G0 X113.148 Y92.297
G0 X113.519 Y92.339
G1 F1283.4 X113.606 Y91.254 E0.03808
G1 F1425.7 X113.757 Y89.98 E0.0404
G1 F1387.3 X113.555 Y88.704 E0.04181
G1 F1254.4 X113.504 Y88.318 E0.01394
G1 F1451.6 X113.342 Y87.942 E0.01266
G1 F1800 X113.268 Y87.506 E0.01103
G1 X113.08 Y86.761 E0.01917
G1 X112.819 Y85.914 E0.02211
G1 X114.186 Y85.899 E0.0341
G1 X114.183 Y87.869 E0.04914
G1 F1451.6 X114.09 Y88.267 E0.01264
G1 F1309.1 X114.135 Y89.126 E0.0295
G1 F1538.5 X114.18 Y89.985 E0.0251
G1 F1506.3 X114.134 Y91.282 E0.03869
G1 F1283.4 X114.108 Y92.37 E0.03808
G1 F1451.6 X114.206 Y92.768 E0.01268
G1 F1800 X114.211 Y94.045 E0.03186
G1 X113.081 Y94.027 E0.02819
G1 X113.363 Y92.682 E0.03428
G1 F1451.6 X113.519 Y92.339 E0.01166
G0 F7200 X112.85 Y92.264
;MESH:NONMESH
G0 F600 X112.85 Y92.264 Z14.3
G0 F7200 X66.92 Y88.968
G0 X66.312 Y88.94
;TIME_ELAPSED:1086.490688
;LAYER:94
;TYPE:FILL
;MESH:pi 3mm_deformed_tet.stl
G1 F3600 X71.569 Y94.197 E0.18545
G1 X71.639 Y94.267
G0 F7200 X71.635 Y94.056
G0 X74.522 Y94.024
G0 X74.522 Y94.164
G1 F3600 X82.898 Y85.788 E0.29549
G1 X82.968 Y85.718
G0 F7200 X82.967 Y85.93
G0 X85.82 Y85.961
G0 X85.819 Y85.819
G1 F3600 X94.175 Y94.175 E0.29478
G1 X94.245 Y94.245
G0 F7200 X94.238 Y94.034
G0 X97.104 Y94.074
G0 X97.102 Y94.211
G1 F3600 X105.529 Y85.784 E0.29729
G1 X105.599 Y85.714
G0 F7200 X105.599 Y85.927
G0 X108.391 Y85.905
G0 X108.39 Y85.763
G1 F3600 X114.371 Y91.744 E0.211
G1 X114.441 Y91.814
G0 F7200 X114.236 Y91.814
G0 X114.216 Y88.275
G0 X114.353 Y88.275
G1 F3600 X108.464 Y94.163 E0.20773
G1 X108.394 Y94.233
G0 F7200 X108.399 Y94.024
G0 X105.461 Y94.009
G0 X105.46 Y94.146
G1 F3600 X97.02 Y85.706 E0.29774
G1 X96.95 Y85.636
G0 F7200 X96.954 Y85.849
G0 X94.23 Y85.905
G0 X94.233 Y85.767
G1 F3600 X85.815 Y94.185 E0.29697
G1 X85.745 Y94.255
G0 F7200 X85.731 Y94.051
G0 X82.88 Y94.065
G0 X82.891 Y94.204
G1 F3600 X74.497 Y85.811 E0.2961
G1 X74.427 Y85.741
G0 F7200 X74.429 Y85.953
G0 X71.602 Y85.9
G0 X71.604 Y85.769
G1 F3600 X66.445 Y90.928 E0.182
G1 X66.375 Y90.998
G0 F7200 X66.593 Y90.958
G0 X91.396 Y94.11
G0 X91.391 Y94.408
;TYPE:WALL-INNER
G1 F3600 X91.521 Y94.419 E0.00325
G1 X94.273 Y94.332 E0.06868
G1 X97.189 Y94.372 E0.07275
G1 X100.119 Y94.344 E0.07309
G1 X102.809 Y94.372 E0.06711
G1 X104.94 Y94.304 E0.05319
G1 X105.572 Y94.308 E0.01577
G1 X107.29 Y94.296 E0.04286
G1 X109.736 Y94.352 E0.06103
G1 X114.544 Y94.426 E0.11995
G1 X114.508 Y87.413 E0.17494
G1 X114.517 Y85.52 E0.04722
G1 X109.625 Y85.58 E0.12204
G1 X107.212 Y85.624 E0.0602
G1 X104.84 Y85.624 E0.05917
G1 X102.771 Y85.556 E0.05164
G1 X100.041 Y85.564 E0.0681
G1 X97.238 Y85.541 E0.06992
G1 X94.266 Y85.608 E0.07416
G1 X91.542 Y85.549 E0.06797
G1 X91.245 Y85.564 E0.00742
G1 X88.366 Y85.64 E0.07184
G1 X88.1 Y85.625 E0.00665
G1 X85.516 Y85.664 E0.06447
G1 X85.333 Y85.648 E0.00458
G1 X80.059 Y85.605 E0.13156
G1 X77.137 Y85.611 E0.07289
G1 X74.39 Y85.652 E0.06853
G1 X65.383 Y85.51 E0.22471
G1 X65.436 Y89.326 E0.0952
G1 X65.413 Y92.006 E0.06686
G1 X65.42 Y92.53 E0.01307
G1 X65.402 Y94.433 E0.04747
G1 X70.387 Y94.38 E0.12436
G1 X72.792 Y94.332 E0.06
G1 X75.206 Y94.32 E0.06022
G1 X77.36 Y94.384 E0.05376
G1 X80.169 Y94.412 E0.07007
G1 X82.893 Y94.365 E0.06796
G1 X85.537 Y94.364 E0.06595
G1 X85.805 Y94.344 E0.0067
G1 X88.768 Y94.36 E0.07391
G1 X91.391 Y94.408 E0.06544
G0 F7200 X91.377 Y94.808
;TYPE:WALL-OUTER
G1 F1800 X91.51 Y94.819 E0.00333
G1 X94.267 Y94.732 E0.06881
G1 X97.193 Y94.772 E0.073
G1 X100.115 Y94.744 E0.07289
G1 X102.813 Y94.772 E0.06731
G1 X104.938 Y94.704 E0.05304
G1 X105.575 Y94.708 E0.01589
G1 X107.281 Y94.696 E0.04256
G1 X109.73 Y94.752 E0.06111
G1 X114.946 Y94.832 E0.13013
G1 X114.908 Y87.415 E0.18502
G1 X114.919 Y85.115 E0.05737
G1 X109.618 Y85.18 E0.13224
G1 X107.212 Y85.224 E0.06003
G1 X104.853 Y85.224 E0.05885
G1 X102.777 Y85.156 E0.05181
G1 X100.045 Y85.164 E0.06815
G1 X97.229 Y85.141 E0.07025
G1 X94.275 Y85.208 E0.07371
G1 X91.536 Y85.149 E0.06834
G1 X91.234 Y85.164 E0.00754
G1 X88.388 Y85.24 E0.07102
G1 X88.108 Y85.225 E0.00699
G1 X85.517 Y85.264 E0.06464
G1 X85.353 Y85.248 E0.00411
G1 X80.058 Y85.205 E0.13209
G1 X77.136 Y85.211 E0.07289
G1 X74.396 Y85.252 E0.06836
G1 X64.979 Y85.104 E0.23494
G1 X65.004 Y87.419 E0.05775
G1 X65.036 Y89.322 E0.04748
G1 X65.013 Y92.012 E0.0671
G1 X65.02 Y92.526 E0.01282
G1 X64.998 Y94.837 E0.05765
G1 X70.395 Y94.78 E0.13464
G1 X72.794 Y94.732 E0.05986
G1 X75.194 Y94.72 E0.05987
G1 X77.352 Y94.784 E0.05386
G1 X80.175 Y94.812 E0.07042
G1 X82.932 Y94.764 E0.06878
G1 X85.552 Y94.764 E0.06536
G1 X85.834 Y94.744 E0.00705
G1 X88.76 Y94.76 E0.07299
G1 X91.377 Y94.808 E0.06529
G0 F7200 X91.51 Y94.819
G0 X91.576 Y94.817
G1 F4200 E-3.5
G1 F600 Z14.8
G0 F7200 X91.55 Y93.82 Z14.8
G0 X114.12 Y93.997
;TYPE:SKIN
G1 F600 Z14.3
G1 F4200 E3.5
G1 F1503.1 X113.585 Y93.988 E0.01598
G1 X113.879 Y92.569 E0.04329
G1 X114.114 Y92.595 E0.00706
G1 X114.12 Y93.997 E0.04188
G1 F4200 E-3.5
G1 F600 Z14.8
G0 F7200 X114.055 Y85.984 Z14.8
G1 F600 Z14.3
G1 F4200 E3.5
G1 F1283.4 X114.052 Y87.91 E0.06738
G1 X113.901 Y87.928 E0.00532
G1 X113.416 Y85.992 E0.06982
G1 X114.055 Y85.984 E0.02236
G0 F7200 X113.171 Y86.324
G0 X66.864 Y86.576
G0 X66.254 Y86.33
G1 F1585.9 X66.226 Y86.378 E0.00157
G1 X66.17 Y86.378 E0.00159
G1 X66.142 Y86.33 E0.00157
G1 X66.17 Y86.282 E0.00157
G1 X66.226 Y86.282 E0.00159
G1 X66.254 Y86.33 E0.00157
G0 F7200 X66.864 Y86.576
G0 X66.65 Y87.553
G0 X66.329 Y87.487
G1 F1629 X66.161 Y89.052 E0.04339
G1 F1739.1 X65.797 Y89.029 E0.00942
G1 F1531.9 X65.836 Y87.437 E0.04668
G1 F1607.1 X65.774 Y86.439 E0.02794
G1 F1800 X65.767 Y85.897 E0.01352
G1 X66.827 Y85.913 E0.02644
G1 X66.598 Y86.489 E0.01546
G1 F1607.1 X66.329 Y87.487 E0.02888
G0 F7200 X66.65 Y87.553
G0 X67.058 Y93.302
G0 X66.376 Y93.536
G1 F1168.8 X66.338 Y93.603 E0.00296
G1 X66.261 Y93.603 E0.00296
G1 X66.222 Y93.536 E0.00298
G1 X66.26 Y93.469 E0.00296
G1 X66.337 Y93.469 E0.00296
G1 X66.376 Y93.536 E0.00298
G0 F7200 X67.058 Y93.302
G0 X66.735 Y92.371
G0 X66.397 Y92.459
G1 F1535.2 X66.782 Y93.367 E0.02885
G1 F1800 X67.013 Y94.035 E0.01763
G1 X65.782 Y94.05 E0.03071
G1 X65.789 Y93.527 E0.01305
G1 F1535.2 X65.87 Y92.531 E0.02923
G1 F1368.8 X65.849 Y92.001 E0.0174
G1 F1445.8 X65.839 Y91.27 E0.0227
G1 F1496.9 X65.851 Y90.069 E0.03603
G1 X66.096 Y90.047 E0.00738
G1 X66.317 Y91.24 E0.03639
G1 F1411.8 X66.397 Y92.459 E0.03885
G0 F7200 X67.033 Y92.309
;MESH:NONMESH
G0 F600 X67.033 Y92.309 Z14.45
G0 F7200 X66.518 Y89.491
G0 X65.606 Y89.22
G0 X65.521 Y88.261
G0 X65.632 Y88.26
;TIME_ELAPSED:1099.954435
;LAYER:95
;TYPE:FILL
;MESH:pi 3mm_deformed_tet.stl
G1 F3600 X71.561 Y94.188 E0.20914
G1 X71.631 Y94.258
G0 F7200 X71.627 Y94.05
G0 X74.528 Y94.02
G0 X74.528 Y94.158
G1 F3600 X82.903 Y85.783 E0.29545
G1 X82.973 Y85.713
G0 F7200 X82.972 Y85.925
G0 X85.797 Y85.939
G0 X85.796 Y85.796
G1 F3600 X94.177 Y94.177 E0.29566
G1 X94.247 Y94.247
G0 F7200 X94.25 Y94.041
G0 X97.092 Y94.079
G0 X97.093 Y94.221
G1 F3600 X105.522 Y85.792 E0.29736
G1 X105.592 Y85.722
G0 F7200 X105.592 Y85.932
G0 X108.405 Y85.917
G0 X108.404 Y85.776
G1 F3600 X114.321 Y91.694 E0.20876
G1 X114.391 Y91.764
G0 F7200 X114.184 Y91.764
G0 X114.164 Y88.324
G0 X114.303 Y88.324
G1 F3600 X108.469 Y94.158 E0.20581
G1 X108.399 Y94.228
G0 F7200 X108.404 Y94.018
G0 X105.452 Y93.999
G0 X105.452 Y94.139
G1 F3600 X97.021 Y85.707 E0.29744
G1 X96.951 Y85.637
G0 F7200 X96.955 Y85.848
G0 X94.229 Y85.905
G0 X94.233 Y85.767
G1 F3600 X85.783 Y94.217 E0.2981
G1 X85.713 Y94.287
G0 F7200 X85.714 Y94.078
G0 X82.908 Y94.081
G0 X82.907 Y94.221
G1 F3600 X74.501 Y85.815 E0.29654
G1 X74.431 Y85.745
G0 F7200 X74.427 Y85.955
G0 X71.598 Y85.905
G0 X71.6 Y85.772
G1 F3600 X65.626 Y91.746 E0.21075
G1 X65.556 Y91.816
G0 F7200 X65.764 Y91.814
G0 X80.164 Y94.112
G0 X80.167 Y94.412
;TYPE:WALL-INNER
G1 F3600 X82.761 Y94.38 E0.06471
G1 X85.514 Y94.384 E0.06867
G1 X85.61 Y94.376 E0.0024
G1 X88.612 Y94.392 E0.07489
G1 X91.365 Y94.443 E0.06869
G1 X94.096 Y94.336 E0.06818
G1 X97.059 Y94.38 E0.07392
G1 X100.183 Y94.344 E0.07793
G1 X102.841 Y94.372 E0.06631
G1 X105.037 Y94.3 E0.05481
G1 X107.378 Y94.292 E0.0584
G1 X109.819 Y94.348 E0.06091
G1 X114.49 Y94.422 E0.11653
G1 X114.476 Y89.932 E0.112
G1 X114.456 Y87.417 E0.06274
G1 X114.465 Y85.524 E0.04722
G1 X109.701 Y85.584 E0.11885
G1 X108.634 Y85.612 E0.02663
G1 X107.3 Y85.632 E0.03328
G1 X104.943 Y85.632 E0.0588
G1 X102.758 Y85.557 E0.05454
G1 X100.203 Y85.564 E0.06373
G1 X97.246 Y85.541 E0.07376
G1 X94.28 Y85.608 E0.07401
G1 X91.403 Y85.525 E0.0718
G1 X88.347 Y85.608 E0.07626
G1 X88.22 Y85.601 E0.00317
G1 X85.508 Y85.64 E0.06766
G1 X80.043 Y85.605 E0.13633
G1 X77.367 Y85.615 E0.06675
G1 X74.43 Y85.656 E0.07327
G1 X65.438 Y85.518 E0.22433
G1 X65.456 Y87.419 E0.04742
G1 X65.488 Y89.17 E0.04369
G1 X65.464 Y91.835 E0.06648
G1 X65.476 Y92.526 E0.01724
G1 X65.458 Y94.424 E0.04735
G1 X68.081 Y94.392 E0.06544
G1 X70.314 Y94.376 E0.0557
G1 X72.709 Y94.324 E0.05976
G1 X75.106 Y94.316 E0.05979
G1 X77.388 Y94.384 E0.05695
G1 X80.167 Y94.412 E0.06933
G0 F7200 X80.172 Y94.812
;TYPE:WALL-OUTER
G1 F1800 X82.761 Y94.78 E0.06459
G1 X85.528 Y94.784 E0.06902
G1 X85.646 Y94.776 E0.00295
G1 X88.604 Y94.792 E0.07379
G1 X91.369 Y94.843 E0.06898
G1 X94.144 Y94.736 E0.06927
G1 X97.063 Y94.78 E0.07282
G1 X100.179 Y94.744 E0.07773
G1 X102.845 Y94.772 E0.06651
G1 X105.039 Y94.7 E0.05476
G1 X107.369 Y94.692 E0.05812
G1 X109.813 Y94.748 E0.06098
G1 X114.891 Y94.828 E0.12669
G1 X114.876 Y89.929 E0.12221
G1 X114.856 Y87.419 E0.06261
G1 X114.867 Y85.119 E0.05737
G1 X109.691 Y85.184 E0.12913
G1 X108.628 Y85.212 E0.02653
G1 X107.3 Y85.232 E0.03313
G1 X104.957 Y85.232 E0.05845
G1 X102.764 Y85.157 E0.05474
G1 X100.206 Y85.164 E0.06381
G1 X97.237 Y85.141 E0.07406
G1 X94.288 Y85.208 E0.07358
G1 X91.403 Y85.125 E0.072
G1 X88.369 Y85.208 E0.07571
G1 X88.228 Y85.201 E0.00352
G1 X85.51 Y85.24 E0.06781
G1 X80.041 Y85.205 E0.13643
G1 X77.365 Y85.215 E0.06675
G1 X74.436 Y85.256 E0.07307
G1 X65.034 Y85.112 E0.23456
G1 X65.056 Y87.426 E0.05773
G1 X65.088 Y89.166 E0.04341
G1 X65.064 Y91.841 E0.06673
G1 X65.076 Y92.522 E0.01699
G1 X65.054 Y94.829 E0.05755
G1 X68.084 Y94.792 E0.07559
G1 X70.322 Y94.776 E0.05583
G1 X72.711 Y94.724 E0.05961
G1 X75.094 Y94.716 E0.05944
G1 X77.38 Y94.784 E0.05705
G1 X80.172 Y94.812 E0.06965
G0 F7200 X80.372 Y94.81
G0 X80.364 Y94.109
G0 X66.701 Y93.691
G0 X65.893 Y93.984
;TYPE:SKIN
G1 F1414.5 X65.907 Y92.664 E0.0419
G1 X66.046 Y92.641 E0.00447
G1 X66.51 Y93.977 E0.04489
G1 X65.893 Y93.984 E0.01959
G0 F7200 X66.701 Y93.691
G0 X66.514 Y86.221
G0 X66.244 Y86.123
G1 F1747.6 X66.128 Y86.661 E0.01414
G1 X65.832 Y86.632 E0.00764
G1 X65.824 Y85.909 E0.01858
G1 X66.327 Y85.917 E0.01293
G1 X66.244 Y86.123 E0.00571
G0 F7200 X66.803 Y86.309
;MESH:NONMESH
G0 F600 X66.803 Y86.309 Z14.6
G0 F7200 X65.774 Y88.311
G0 X65.684 Y88.311
;TIME_ELAPSED:1110.905451
;LAYER:96
;TYPE:FILL
;MESH:pi 3mm_deformed_tet.stl
G1 F3600 X71.556 Y94.183 E0.20715
G1 X71.626 Y94.253
G0 F7200 X71.622 Y94.043
G0 X74.532 Y94.015
G0 X74.532 Y94.154
G1 F3600 X82.907 Y85.779 E0.29545
G1 X82.977 Y85.709
G0 F7200 X82.978 Y85.92
G0 X85.788 Y85.928
G0 X85.786 Y85.786
G1 F3600 X94.186 Y94.186 E0.29633
G1 X94.256 Y94.256
G0 F7200 X94.259 Y94.049
G0 X97.092 Y94.079
G0 X97.096 Y94.218
G1 F3600 X105.517 Y85.796 E0.29709
G1 X105.587 Y85.726
G0 F7200 X105.586 Y85.936
G0 X108.411 Y85.924
G0 X108.41 Y85.783
G1 F3600 X114.271 Y91.643 E0.20674
G1 X114.341 Y91.713
G0 F7200 X114.132 Y91.713
G0 X114.113 Y88.376
G0 X114.251 Y88.376
G1 F3600 X108.477 Y94.151 E0.20371
G1 X108.407 Y94.221
G0 F7200 X108.412 Y94.012
G0 X105.448 Y93.996
G0 X105.448 Y94.134
G1 F3600 X97.018 Y85.704 E0.29739
G1 X96.948 Y85.634
G0 F7200 X96.952 Y85.846
G0 X94.245 Y85.898
G0 X94.245 Y85.755
G1 F3600 X85.76 Y94.24 E0.29933
G1 X85.69 Y94.31
G0 F7200 X85.693 Y94.1
G0 X82.909 Y94.084
G0 X82.908 Y94.221
G1 F3600 X74.506 Y85.819 E0.2964
G1 X74.436 Y85.749
G0 F7200 X74.431 Y85.96
G0 X71.598 Y85.911
G0 X71.6 Y85.772
G1 F3600 X65.673 Y91.7 E0.20911
G1 X65.603 Y91.77
G0 F7200 X65.817 Y91.768
G0 X91.206 Y94.153
G0 X91.205 Y94.452
;TYPE:WALL-INNER
G1 F3600 X93.989 Y94.344 E0.0695
G1 X96.864 Y94.384 E0.07172
G1 X97.326 Y94.372 E0.01153
G1 X100.118 Y94.348 E0.06965
G1 X102.944 Y94.372 E0.0705
G1 X105.141 Y94.296 E0.05484
G1 X107.466 Y94.288 E0.058
G1 X110.001 Y94.345 E0.06325
G1 X114.438 Y94.414 E0.11069
G1 X114.425 Y89.978 E0.11066
G1 X114.404 Y87.425 E0.06369
G1 X114.413 Y85.532 E0.04722
G1 X109.786 Y85.588 E0.11543
G1 X108.585 Y85.62 E0.02997
G1 X107.388 Y85.636 E0.02986
G1 X105.043 Y85.636 E0.0585
G1 X102.746 Y85.557 E0.05733
G1 X100.386 Y85.564 E0.05887
G1 X97.321 Y85.536 E0.07646
G1 X94.736 Y85.596 E0.0645
G1 X93.914 Y85.595 E0.0205
G1 X91.245 Y85.517 E0.06661
G1 X85.489 Y85.632 E0.14361
G1 X80.041 Y85.605 E0.1359
G1 X77.374 Y85.615 E0.06653
G1 X74.462 Y85.66 E0.07265
G1 X73.556 Y85.64 E0.02261
G1 X65.49 Y85.525 E0.20123
G1 X65.508 Y87.427 E0.04745
G1 X65.536 Y89.014 E0.03959
G1 X65.512 Y91.666 E0.06616
G1 X65.528 Y92.516 E0.02121
G1 X65.516 Y94.416 E0.0474
G1 X68.072 Y94.384 E0.06376
G1 X70.233 Y94.372 E0.05391
G1 X72.621 Y94.32 E0.05958
G1 X75.003 Y94.312 E0.05942
G1 X77.397 Y94.388 E0.05975
G1 X80.166 Y94.412 E0.06908
G1 X82.616 Y94.38 E0.06112
G1 X85.522 Y94.396 E0.07249
G1 X89.476 Y94.444 E0.09864
G1 X91.205 Y94.452 E0.04313
G0 F7200 X91.212 Y94.852
;TYPE:WALL-OUTER
G1 F1800 X93.983 Y94.744 E0.06918
G1 X96.866 Y94.784 E0.07192
G1 X97.33 Y94.772 E0.01158
G1 X100.114 Y94.748 E0.06945
G1 X102.949 Y94.772 E0.07072
G1 X105.143 Y94.696 E0.05476
G1 X107.457 Y94.688 E0.05772
G1 X109.995 Y94.745 E0.06333
G1 X114.839 Y94.82 E0.12085
G1 X114.825 Y89.977 E0.12081
G1 X114.804 Y87.427 E0.06361
G1 X114.815 Y85.127 E0.05737
G1 X109.776 Y85.188 E0.12571
G1 X108.579 Y85.22 E0.02987
G1 X107.388 Y85.236 E0.02971
G1 X105.057 Y85.236 E0.05815
G1 X102.752 Y85.157 E0.05753
G1 X100.39 Y85.164 E0.05892
G1 X97.318 Y85.136 E0.07663
G1 X94.736 Y85.196 E0.06443
G1 X93.926 Y85.195 E0.02021
G1 X91.247 Y85.117 E0.06686
G1 X85.491 Y85.232 E0.14361
G1 X80.039 Y85.205 E0.136
G1 X77.372 Y85.215 E0.06653
G1 X74.471 Y85.26 E0.07237
G1 X73.562 Y85.24 E0.02268
G1 X65.086 Y85.119 E0.21146
G1 X65.108 Y87.434 E0.05775
G1 X65.136 Y89.01 E0.03932
G1 X65.112 Y91.673 E0.06643
G1 X65.128 Y92.516 E0.02103
G1 X65.111 Y94.821 E0.0575
G1 X68.074 Y94.784 E0.07392
G1 X70.241 Y94.772 E0.05406
G1 X72.623 Y94.72 E0.05943
G1 X74.991 Y94.712 E0.05907
G1 X77.389 Y94.788 E0.05985
G1 X80.171 Y94.812 E0.0694
G1 X82.614 Y94.78 E0.06095
G1 X85.516 Y94.796 E0.07239
G1 X89.474 Y94.844 E0.09874
G1 X91.212 Y94.852 E0.04336
G0 F7200 X91.411 Y94.845
G0 X91.374 Y93.847
;MESH:NONMESH
G0 F600 X91.374 Y93.847 Z14.75
G0 F7200 X65.828 Y88.365
G0 X65.738 Y88.365
;TIME_ELAPSED:1121.325367
;LAYER:97
;TYPE:FILL
;MESH:pi 3mm_deformed_tet.stl
G1 F3600 X71.549 Y94.177 E0.20502
G1 X71.619 Y94.247
G0 F7200 X71.615 Y94.036
G0 X74.537 Y94.01
G0 X74.537 Y94.149
G1 F3600 X82.907 Y85.779 E0.29527
G1 X82.977 Y85.709
G0 F7200 X82.983 Y85.918
G0 X85.78 Y85.914
G0 X85.773 Y85.773
G1 F3600 X94.193 Y94.193 E0.29704
G1 X94.263 Y94.263
G0 F7200 X94.266 Y94.057
G0 X97.091 Y94.081
G0 X97.094 Y94.219
G1 F3600 X105.513 Y85.8 E0.297
G1 X105.583 Y85.73
G0 F7200 X105.582 Y85.941
G0 X108.413 Y85.926
G0 X108.411 Y85.784
G1 F3600 X114.218 Y91.591 E0.20486
G1 X114.288 Y91.661
G0 F7200 X114.079 Y91.661
G0 X114.061 Y88.427
G0 X114.2 Y88.427
G1 F3600 X108.484 Y94.143 E0.20165
G1 X108.414 Y94.213
G0 F7200 X108.419 Y94.005
G0 X105.444 Y93.993
G0 X105.444 Y94.131
G1 F3600 X97.016 Y85.703 E0.29732
G1 X96.946 Y85.633
G0 F7200 X96.95 Y85.844
G0 X94.251 Y85.889
G0 X94.25 Y85.75
G1 F3600 X85.756 Y94.244 E0.29965
G1 X85.686 Y94.314
G0 F7200 X85.689 Y94.106
G0 X82.913 Y94.088
G0 X82.912 Y94.226
G1 F3600 X74.51 Y85.824 E0.2964
G1 X74.44 Y85.754
G0 F7200 X74.437 Y85.963
G0 X71.59 Y85.914
G0 X71.592 Y85.781
G1 F3600 X65.728 Y91.645 E0.20687
G1 X65.658 Y91.715
G0 F7200 X65.869 Y91.713
G0 X91.05 Y94.16
G0 X91.049 Y94.46
;TYPE:WALL-INNER
G1 F3600 X93.824 Y94.348 E0.06928
G1 X96.726 Y94.391 E0.0724
G1 X97.33 Y94.372 E0.01507
G1 X100.115 Y94.348 E0.06947
G1 X102.474 Y94.372 E0.05885
G1 X103.043 Y94.368 E0.01419
G1 X105.24 Y94.292 E0.05484
G1 X107.555 Y94.28 E0.05775
G1 X109.992 Y94.34 E0.06081
G1 X114.386 Y94.406 E0.10962
G1 X114.373 Y89.978 E0.11046
G1 X114.352 Y87.433 E0.06349
G1 X114.361 Y85.538 E0.04727
G1 X111.793 Y85.576 E0.06407
G1 X109.866 Y85.592 E0.04807
G1 X107.474 Y85.644 E0.05968
G1 X105.147 Y85.64 E0.05805
G1 X102.734 Y85.557 E0.06023
G1 X100.51 Y85.564 E0.05548
G1 X97.328 Y85.536 E0.07938
G1 X94.903 Y85.588 E0.06051
G1 X93.835 Y85.592 E0.02664
G1 X91.369 Y85.524 E0.06154
G1 X91.078 Y85.509 E0.00727
G1 X85.506 Y85.624 E0.13902
G1 X83.086 Y85.613 E0.06037
G1 X82.747 Y85.624 E0.00846
G1 X80.045 Y85.605 E0.0674
G1 X77.34 Y85.616 E0.06748
G1 X74.503 Y85.664 E0.07078
G1 X65.543 Y85.533 E0.22353
G1 X65.584 Y88.857 E0.08292
G1 X65.565 Y91.491 E0.06571
G1 X65.58 Y92.513 E0.0255
G1 X65.565 Y94.41 E0.04732
G1 X70.136 Y94.368 E0.11403
G1 X72.533 Y94.316 E0.05981
G1 X74.9 Y94.308 E0.05905
G1 X77.181 Y94.384 E0.05693
G1 X80.165 Y94.412 E0.07444
G1 X82.467 Y94.384 E0.05743
G1 X85.381 Y94.397 E0.07269
G1 X88.39 Y94.448 E0.07507
G1 X91.049 Y94.46 E0.06633
G0 F7200 X91.056 Y94.86
;TYPE:WALL-OUTER
G1 F1800 X93.857 Y94.748 E0.06993
G1 X96.73 Y94.791 E0.07168
G1 X97.334 Y94.772 E0.01507
G1 X100.111 Y94.748 E0.06928
G1 X102.476 Y94.772 E0.059
G1 X103.051 Y94.768 E0.01434
G1 X105.242 Y94.692 E0.05469
G1 X107.545 Y94.68 E0.05745
G1 X109.986 Y94.74 E0.06091
G1 X114.787 Y94.812 E0.11977
G1 X114.773 Y89.977 E0.12061
G1 X114.752 Y87.435 E0.06341
G1 X114.763 Y85.132 E0.05745
G1 X111.79 Y85.176 E0.07417
G1 X109.858 Y85.192 E0.0482
G1 X107.475 Y85.244 E0.05946
G1 X105.161 Y85.24 E0.05772
G1 X102.74 Y85.157 E0.06043
G1 X100.514 Y85.164 E0.05553
G1 X97.326 Y85.136 E0.07953
G1 X94.906 Y85.188 E0.06038
G1 X93.846 Y85.192 E0.02644
G1 X91.084 Y85.109 E0.06893
G1 X85.478 Y85.224 E0.13987
G1 X83.08 Y85.213 E0.05982
G1 X82.75 Y85.224 E0.00824
G1 X80.043 Y85.205 E0.06753
G1 X77.333 Y85.216 E0.0676
G1 X74.509 Y85.264 E0.07046
G1 X65.141 Y85.127 E0.23371
G1 X65.184 Y88.854 E0.09298
G1 X65.165 Y91.497 E0.06593
G1 X65.18 Y92.51 E0.02527
G1 X65.162 Y94.814 E0.05748
G1 X70.144 Y94.768 E0.12428
G1 X72.535 Y94.716 E0.05966
G1 X74.887 Y94.708 E0.05867
G1 X77.173 Y94.784 E0.05706
G1 X80.17 Y94.812 E0.07476
G1 X82.465 Y94.784 E0.05725
G1 X85.374 Y94.797 E0.07257
G1 X88.388 Y94.848 E0.0752
G1 X91.056 Y94.86 E0.06655
G0 F7200 X91.255 Y94.853
G0 X91.218 Y93.853
;MESH:NONMESH
G0 F600 X91.218 Y93.853 Z14.9
G0 F7200 X65.881 Y88.418
G0 X65.791 Y88.418
;TIME_ELAPSED:1131.722373
;LAYER:98
;TYPE:FILL
;MESH:pi 3mm_deformed_tet.stl
G1 F3600 X71.54 Y94.168 E0.20283
G1 X71.61 Y94.238
G0 F7200 X71.606 Y94.029
G0 X74.542 Y94.006
G0 X74.542 Y94.144
G1 F3600 X82.908 Y85.778 E0.29513
G1 X82.978 Y85.708
G0 F7200 X82.985 Y85.916
G0 X85.771 Y85.908
G0 X85.766 Y85.766
G1 F3600 X94.203 Y94.203 E0.29764
G1 X94.273 Y94.273
G0 F7200 X94.276 Y94.065
G0 X97.087 Y94.084
G0 X97.09 Y94.223
G1 F3600 X105.509 Y85.805 E0.29699
G1 X105.579 Y85.735
G0 F7200 X105.578 Y85.945
G0 X108.421 Y85.932
G0 X108.419 Y85.791
G1 F3600 X114.166 Y91.539 E0.20276
G1 X114.236 Y91.609
G0 F7200 X114.027 Y91.609
G0 X114.01 Y88.479
G0 X114.148 Y88.479
G1 F3600 X108.49 Y94.137 E0.1996
G1 X108.42 Y94.207
G0 F7200 X108.425 Y93.998
G0 X105.444 Y93.991
G0 X105.444 Y94.131
G1 F3600 X97.014 Y85.7 E0.29741
G1 X96.944 Y85.63
G0 F7200 X96.948 Y85.843
G0 X94.261 Y85.882
G0 X94.26 Y85.74
G1 F3600 X85.74 Y94.259 E0.30055
G1 X85.67 Y94.329
G0 F7200 X85.673 Y94.12
G0 X82.914 Y94.091
G0 X82.913 Y94.227
G1 F3600 X74.514 Y85.828 E0.2963
G1 X74.444 Y85.758
G0 F7200 X74.441 Y85.967
G0 X71.585 Y85.919
G0 X71.587 Y85.785
G1 F3600 X65.777 Y91.595 E0.20496
G1 X65.707 Y91.665
G0 F7200 X65.921 Y91.663
G0 X90.89 Y94.168
G0 X90.889 Y94.468
;TYPE:WALL-INNER
G1 F3600 X93.705 Y94.356 E0.0703
G1 X96.592 Y94.396 E0.07202
G1 X97.338 Y94.376 E0.01862
G1 X100.106 Y94.352 E0.06905
G1 X102.314 Y94.372 E0.05508
G1 X103.148 Y94.368 E0.0208
G1 X105.343 Y94.292 E0.05479
G1 X107.643 Y94.276 E0.05738
G1 X110.074 Y94.336 E0.06066
G1 X114.334 Y94.402 E0.10628
G1 X114.321 Y89.978 E0.11036
G1 X114.3 Y87.438 E0.06336
G1 X114.306 Y85.544 E0.04725
G1 X109.867 Y85.602 E0.11074
G1 X107.562 Y85.648 E0.05751
G1 X105.249 Y85.644 E0.0577
G1 X102.901 Y85.556 E0.05861
G1 X100.63 Y85.564 E0.05665
G1 X97.341 Y85.532 E0.08205
G1 X95.073 Y85.584 E0.05659
G1 X94.384 Y85.577 E0.01719
G1 X93.694 Y85.592 E0.01722
G1 X91.373 Y85.524 E0.05792
G1 X90.918 Y85.501 E0.01136
G1 X85.875 Y85.601 E0.12582
G1 X85.464 Y85.616 E0.01026
G1 X83.208 Y85.605 E0.05628
G1 X82.767 Y85.624 E0.01101
G1 X80.039 Y85.601 E0.06805
G1 X77.357 Y85.616 E0.0669
G1 X74.535 Y85.668 E0.07041
G1 X65.597 Y85.541 E0.22298
G1 X65.612 Y87.441 E0.0474
G1 X65.636 Y88.702 E0.03146
G1 X65.612 Y91.321 E0.06533
G1 X65.632 Y92.509 E0.02964
G1 X65.617 Y94.402 E0.04722
G1 X70.095 Y94.359 E0.11171
G1 X72.447 Y94.308 E0.05868
G1 X74.797 Y94.304 E0.05862
G1 X77.078 Y94.384 E0.05693
G1 X80.166 Y94.412 E0.07703
G1 X82.32 Y94.384 E0.05374
G1 X85.151 Y94.4 E0.07062
G1 X85.506 Y94.416 E0.00886
G1 X88.374 Y94.456 E0.07155
G1 X90.889 Y94.468 E0.06274
G0 F7200 X90.896 Y94.868
;TYPE:WALL-OUTER
G1 F1800 X93.699 Y94.756 E0.06998
G1 X96.594 Y94.796 E0.07222
G1 X97.342 Y94.776 E0.01867
G1 X100.102 Y94.752 E0.06885
G1 X102.316 Y94.772 E0.05523
G1 X103.156 Y94.768 E0.02095
G1 X105.346 Y94.692 E0.05466
G1 X107.633 Y94.676 E0.05705
G1 X110.068 Y94.736 E0.06076
G1 X114.735 Y94.808 E0.11643
G1 X114.721 Y89.977 E0.12051
G1 X114.7 Y87.439 E0.06331
G1 X114.707 Y85.139 E0.05737
G1 X109.859 Y85.202 E0.12094
G1 X107.563 Y85.248 E0.05729
G1 X105.264 Y85.244 E0.05735
G1 X102.908 Y85.156 E0.05881
G1 X100.634 Y85.164 E0.05673
G1 X97.338 Y85.132 E0.08222
G1 X95.077 Y85.184 E0.05642
G1 X94.382 Y85.177 E0.01734
G1 X93.706 Y85.192 E0.01687
G1 X91.393 Y85.124 E0.05772
G1 X90.924 Y85.101 E0.01171
G1 X85.86 Y85.201 E0.12635
G1 X85.466 Y85.216 E0.00984
G1 X83.2 Y85.205 E0.05653
G1 X82.738 Y85.224 E0.01153
G1 X80.037 Y85.201 E0.06738
G1 X77.35 Y85.216 E0.06703
G1 X74.541 Y85.268 E0.07008
G1 X65.194 Y85.135 E0.23319
G1 X65.212 Y87.449 E0.05772
G1 X65.236 Y88.698 E0.03116
G1 X65.212 Y91.327 E0.06558
G1 X65.232 Y92.506 E0.02941
G1 X65.214 Y94.806 E0.05738
G1 X70.103 Y94.759 E0.12196
G1 X72.447 Y94.708 E0.05849
G1 X74.783 Y94.704 E0.05827
G1 X77.069 Y94.784 E0.05706
G1 X80.171 Y94.812 E0.07738
G1 X82.318 Y94.784 E0.05356
G1 X85.133 Y94.8 E0.07022
G1 X85.494 Y94.816 E0.00901
G1 X88.372 Y94.856 E0.0718
G1 X90.896 Y94.868 E0.06296
G0 F7200 X91.095 Y94.861
G0 X91.056 Y93.862
;MESH:NONMESH
G0 F600 X91.056 Y93.862 Z15.05
G0 F7200 X65.934 Y88.47
G0 X65.842 Y88.47
;TIME_ELAPSED:1142.097376
;LAYER:99
;TYPE:FILL
;MESH:pi 3mm_deformed_tet.stl
G1 F3600 X71.534 Y94.161 E0.20078
G1 X71.604 Y94.231
G0 F7200 X71.6 Y94.023
G0 X74.545 Y94.003
G0 X74.545 Y94.141
G1 F3600 X82.911 Y85.775 E0.29513
G1 X82.981 Y85.705
G0 F7200 X82.987 Y85.914
G0 X85.764 Y85.899
G0 X85.759 Y85.759
G1 F3600 X94.209 Y94.209 E0.2981
G1 X94.279 Y94.279
G0 F7200 X94.282 Y94.074
G0 X97.086 Y94.086
G0 X97.09 Y94.223
G1 F3600 X105.509 Y85.805 E0.29699
G1 X105.579 Y85.735
G0 F7200 X105.578 Y85.946
G0 X108.428 Y85.939
G0 X108.426 Y85.799
G1 F3600 X114.116 Y91.489 E0.20073
G1 X114.186 Y91.559
G0 F7200 X113.975 Y91.559
G0 X113.958 Y88.529
G0 X114.098 Y88.529
G1 F3600 X108.496 Y94.131 E0.19763
G1 X108.426 Y94.201
G0 F7200 X108.431 Y93.992
G0 X105.445 Y93.991
G0 X105.445 Y94.131
G1 F3600 X97.013 Y85.699 E0.29746
G1 X96.943 Y85.629
G0 F7200 X96.947 Y85.841
G0 X94.267 Y85.875
G0 X94.266 Y85.734
G1 F3600 X85.732 Y94.268 E0.30106
G1 X85.662 Y94.338
G0 F7200 X85.665 Y94.129
G0 X82.92 Y94.094
G0 X82.919 Y94.233
G1 F3600 X74.518 Y85.832 E0.29637
G1 X74.448 Y85.762
G0 F7200 X74.445 Y85.97
G0 X71.581 Y85.924
G0 X71.583 Y85.789
G1 F3600 X65.828 Y91.544 E0.20302
G1 X65.758 Y91.614
G0 F7200 X65.972 Y91.612
G0 X90.729 Y94.176
G0 X90.728 Y94.476
;TYPE:WALL-INNER
G1 F3600 X93.54 Y94.36 E0.07021
G1 X96.455 Y94.403 E0.07272
G1 X97.346 Y94.376 E0.02224
G1 X100.102 Y94.352 E0.06875
G1 X102.165 Y94.372 E0.05146
G1 X103.251 Y94.364 E0.02709
G1 X105.382 Y94.292 E0.05319
G1 X107.727 Y94.272 E0.0585
G1 X110.159 Y94.332 E0.06068
G1 X114.282 Y94.394 E0.10286
G1 X114.273 Y89.988 E0.10991
G1 X114.248 Y87.446 E0.06341
G1 X114.254 Y85.549 E0.04732
G1 X110.055 Y85.604 E0.10475
G1 X107.648 Y85.656 E0.06006
G1 X105.35 Y85.644 E0.05732
G1 X102.917 Y85.557 E0.06073
G1 X100.755 Y85.56 E0.05393
G1 X97.349 Y85.532 E0.08497
G1 X95.246 Y85.58 E0.05247
G1 X94.332 Y85.573 E0.0228
G1 X93.551 Y85.588 E0.01949
G1 X91.37 Y85.528 E0.05443
G1 X90.756 Y85.493 E0.01534
G1 X86.049 Y85.584 E0.11744
G1 X85.475 Y85.612 E0.01434
G1 X83.325 Y85.601 E0.05363
G1 X82.727 Y85.62 E0.01492
G1 X80.047 Y85.601 E0.06685
G1 X77.367 Y85.616 E0.06685
G1 X74.571 Y85.672 E0.06976
G1 X65.65 Y85.545 E0.22256
G1 X65.684 Y88.546 E0.07487
G1 X65.661 Y91.152 E0.06501
G1 X65.684 Y92.5 E0.03363
G1 X65.676 Y94.398 E0.04735
G1 X69.962 Y94.356 E0.10692
G1 X72.362 Y94.304 E0.05988
G1 X74.669 Y94.3 E0.05755
G1 X76.97 Y94.38 E0.05743
G1 X80.173 Y94.416 E0.0799
G1 X82.172 Y94.388 E0.04987
G1 X84.984 Y94.404 E0.07015
G1 X85.489 Y94.424 E0.01261
G1 X88.373 Y94.468 E0.07195
G1 X90.728 Y94.476 E0.05875
G0 F7200 X90.736 Y94.876
;TYPE:WALL-OUTER
G1 F1800 X93.56 Y94.76 E0.0705
G1 X96.458 Y94.803 E0.0723
G1 X97.35 Y94.776 E0.02226
G1 X100.098 Y94.752 E0.06855
G1 X102.168 Y94.772 E0.05164
G1 X103.259 Y94.764 E0.02722
G1 X105.386 Y94.692 E0.05309
G1 X107.717 Y94.672 E0.05815
G1 X110.153 Y94.732 E0.06078
G1 X114.683 Y94.8 E0.11301
G1 X114.673 Y89.987 E0.12006
G1 X114.648 Y87.447 E0.06336
G1 X114.655 Y85.143 E0.05747
G1 X110.047 Y85.204 E0.11496
G1 X107.65 Y85.256 E0.05981
G1 X105.364 Y85.244 E0.05703
G1 X102.924 Y85.157 E0.0609
G1 X100.758 Y85.16 E0.05403
G1 X97.346 Y85.132 E0.08512
G1 X95.25 Y85.18 E0.0523
G1 X94.324 Y85.173 E0.0231
G1 X93.562 Y85.188 E0.01901
G1 X91.392 Y85.128 E0.05415
G1 X90.764 Y85.093 E0.01569
G1 X86.035 Y85.184 E0.11799
G1 X85.454 Y85.212 E0.01451
G1 X83.319 Y85.201 E0.05326
G1 X82.73 Y85.22 E0.0147
G1 X80.045 Y85.201 E0.06698
G1 X77.359 Y85.216 E0.067
G1 X74.577 Y85.272 E0.06941
G1 X65.249 Y85.139 E0.23271
G1 X65.252 Y86.219 E0.02694
G1 X65.284 Y88.542 E0.05795
G1 X65.261 Y91.159 E0.06528
G1 X65.284 Y92.5 E0.03346
G1 X65.284 Y93.751 E0.03121
G1 X65.271 Y94.802 E0.02622
G1 X69.97 Y94.756 E0.11722
G1 X72.363 Y94.704 E0.05971
G1 X74.655 Y94.7 E0.05717
G1 X76.961 Y94.78 E0.05756
G1 X80.179 Y94.816 E0.08028
G1 X82.17 Y94.788 E0.04967
G1 X84.968 Y94.804 E0.0698
G1 X85.478 Y94.824 E0.01273
G1 X88.371 Y94.868 E0.07217
G1 X90.736 Y94.876 E0.059
G0 F7200 X90.935 Y94.868
G0 X90.896 Y93.869
;MESH:NONMESH
G0 F600 X90.896 Y93.869 Z15.2
G0 F7200 X65.986 Y88.522
G0 X65.895 Y88.522
;TIME_ELAPSED:1152.450329
;LAYER:100
;TYPE:FILL
;MESH:pi 3mm_deformed_tet.stl
G1 F3600 X71.525 Y94.153 E0.19863
G1 X71.595 Y94.223
G0 F7200 X71.591 Y94.015
G0 X74.547 Y94.003
G0 X74.546 Y94.14
G1 F3600 X82.913 Y85.773 E0.29517
G1 X82.983 Y85.703
G0 F7200 X82.99 Y85.911
G0 X85.757 Y85.892
G0 X85.752 Y85.752
G1 F3600 X94.217 Y94.217 E0.29863
G1 X94.287 Y94.287
G0 F7200 X94.29 Y94.081
G0 X97.081 Y94.088
G0 X97.085 Y94.228
G1 F3600 X105.51 Y85.803 E0.29721
G1 X105.58 Y85.733
G0 F7200 X105.579 Y85.947
G0 X108.435 Y85.946
G0 X108.433 Y85.805
G1 F3600 X114.065 Y91.437 E0.19868
G1 X114.135 Y91.507
G0 F7200 X113.923 Y91.507
G0 X113.907 Y88.58
G0 X114.047 Y88.58
G1 F3600 X108.502 Y94.125 E0.19561
G1 X108.432 Y94.195
G0 F7200 X108.437 Y93.985
G0 X105.442 Y93.992
G0 X105.444 Y94.13
G1 F3600 X97.01 Y85.696 E0.29753
G1 X96.94 Y85.626
G0 F7200 X96.944 Y85.84
G0 X94.275 Y85.868
G0 X94.274 Y85.726
G1 F3600 X85.723 Y94.276 E0.30164
G1 X85.653 Y94.346
G0 F7200 X85.656 Y94.138
G0 X82.923 Y94.097
G0 X82.922 Y94.236
G1 F3600 X74.518 Y85.831 E0.29649
G1 X74.448 Y85.761
G0 F7200 X74.445 Y85.968
G0 X71.579 Y85.93
G0 X71.581 Y85.791
G1 F3600 X65.881 Y91.491 E0.20108
G1 X65.811 Y91.561
G0 F7200 X66.024 Y91.559
G0 X90.573 Y94.184
G0 X90.572 Y94.484
;TYPE:WALL-INNER
G1 F3600 X93.4 Y94.364 E0.07061
G1 X96.319 Y94.411 E0.07282
G1 X97.354 Y94.38 E0.02583
G1 X100.099 Y94.356 E0.06848
G1 X102.014 Y94.376 E0.04777
G1 X103.354 Y94.364 E0.03343
G1 X105.351 Y94.292 E0.04985
G1 X106.137 Y94.276 E0.01961
G1 X107.815 Y94.268 E0.04186
G1 X110.243 Y94.328 E0.06059
G1 X114.23 Y94.387 E0.09947
G1 X114.221 Y89.988 E0.10973
G1 X114.196 Y87.454 E0.06321
G1 X114.202 Y85.556 E0.04735
G1 X110.138 Y85.608 E0.10139
G1 X107.739 Y85.66 E0.05986
G1 X105.415 Y85.643 E0.05797
G1 X103.303 Y85.568 E0.05272
G1 X102.664 Y85.557 E0.01594
G1 X100.874 Y85.56 E0.04465
G1 X97.357 Y85.528 E0.08774
G1 X95.419 Y85.572 E0.04836
G1 X94.347 Y85.565 E0.02674
G1 X93.411 Y85.584 E0.02335
G1 X91.37 Y85.528 E0.05093
G1 X90.601 Y85.485 E0.01921
G1 X86.131 Y85.574 E0.11153
G1 X85.44 Y85.604 E0.01725
G1 X83.446 Y85.593 E0.04974
G1 X82.744 Y85.62 E0.01752
G1 X80.049 Y85.601 E0.06723
G1 X77.377 Y85.612 E0.06665
G1 X74.595 Y85.672 E0.06941
G1 X65.704 Y85.552 E0.22181
G1 X65.736 Y88.39 E0.0708
G1 X65.712 Y90.98 E0.06461
G1 X65.736 Y92.499 E0.0379
G1 X65.727 Y94.39 E0.04717
G1 X69.881 Y94.352 E0.10363
G1 X72.278 Y94.296 E0.05981
G1 X74.598 Y94.3 E0.05787
G1 X76.862 Y94.38 E0.05651
G1 X80.171 Y94.416 E0.08255
G1 X82.023 Y94.392 E0.0462
G1 X84.818 Y94.404 E0.06972
G1 X85.474 Y94.432 E0.01638
G1 X88.364 Y94.476 E0.0721
G1 X90.572 Y94.484 E0.05508
G0 F7200 X90.58 Y94.884
;TYPE:WALL-OUTER
G1 F1800 X93.42 Y94.764 E0.07091
G1 X96.322 Y94.811 E0.0724
G1 X97.358 Y94.78 E0.02585
G1 X100.095 Y94.756 E0.06828
G1 X102.018 Y94.776 E0.04797
G1 X103.363 Y94.764 E0.03355
G1 X105.359 Y94.692 E0.04982
G1 X106.139 Y94.676 E0.01946
G1 X107.805 Y94.668 E0.04156
G1 X110.237 Y94.728 E0.06068
G1 X114.631 Y94.793 E0.10962
G1 X114.621 Y89.987 E0.11989
G1 X114.596 Y87.455 E0.06316
G1 X114.603 Y85.151 E0.05747
G1 X110.13 Y85.208 E0.11159
G1 X107.742 Y85.26 E0.05958
G1 X105.429 Y85.243 E0.0577
G1 X103.314 Y85.168 E0.05279
G1 X102.663 Y85.157 E0.01624
G1 X100.878 Y85.16 E0.04453
G1 X97.354 Y85.128 E0.08791
G1 X95.422 Y85.172 E0.04821
G1 X94.339 Y85.165 E0.02702
G1 X93.422 Y85.184 E0.02288
G1 X91.392 Y85.128 E0.05066
G1 X90.608 Y85.085 E0.01959
G1 X86.113 Y85.174 E0.11215
G1 X85.442 Y85.204 E0.01675
G1 X83.44 Y85.193 E0.04994
G1 X82.718 Y85.22 E0.01802
G1 X80.047 Y85.201 E0.06663
G1 X77.369 Y85.212 E0.0668
G1 X74.601 Y85.272 E0.06906
G1 X65.302 Y85.147 E0.23199
G1 X65.308 Y86.407 E0.03143
G1 X65.336 Y88.386 E0.04937
G1 X65.312 Y90.986 E0.06486
G1 X65.336 Y92.497 E0.0377
G1 X65.325 Y94.794 E0.0573
G1 X69.89 Y94.752 E0.11388
G1 X72.277 Y94.696 E0.05956
G1 X74.584 Y94.7 E0.05755
G1 X76.853 Y94.78 E0.05664
G1 X80.176 Y94.816 E0.0829
G1 X82.021 Y94.792 E0.04603
G1 X84.801 Y94.804 E0.06935
G1 X85.462 Y94.832 E0.0165
G1 X88.362 Y94.876 E0.07235
G1 X90.58 Y94.884 E0.05533
G0 F7200 X90.779 Y94.876
G0 X90.74 Y93.877
;MESH:NONMESH
G0 F600 X90.74 Y93.877 Z15.35
G0 F7200 X66.034 Y88.568
G0 X65.941 Y88.568
;TIME_ELAPSED:1162.782064
;LAYER:101
;TYPE:FILL
;MESH:pi 3mm_deformed_tet.stl
G1 F3600 X71.52 Y94.148 E0.19683
G1 X71.59 Y94.218
G0 F7200 X71.586 Y94.008
G0 X74.549 Y94.005
G0 X74.544 Y94.142
G1 F3600 X82.917 Y85.769 E0.29538
G1 X82.987 Y85.699
G0 F7200 X82.994 Y85.909
G0 X85.748 Y85.884
G0 X85.743 Y85.743
G1 F3600 X94.226 Y94.226 E0.29926
G1 X94.296 Y94.296
G0 F7200 X94.299 Y94.089
G0 X97.082 Y94.091
G0 X97.085 Y94.228
G1 F3600 X105.507 Y85.806 E0.29711
G1 X105.577 Y85.736
G0 F7200 X105.574 Y85.948
G0 X108.441 Y85.953
G0 X108.439 Y85.812
G1 F3600 X114.012 Y91.385 E0.1966
G1 X114.082 Y91.455
G0 F7200 X113.871 Y91.455
G0 X113.855 Y88.632
G0 X113.996 Y88.632
G1 F3600 X108.511 Y94.116 E0.19348
G1 X108.441 Y94.186
G0 F7200 X108.446 Y93.978
G0 X105.443 Y93.995
G0 X105.447 Y94.134
G1 F3600 X97.01 Y85.696 E0.29766
G1 X96.94 Y85.626
G0 F7200 X96.944 Y85.839
G0 X94.282 Y85.861
G0 X94.281 Y85.718
G1 F3600 X85.715 Y94.284 E0.30219
G1 X85.645 Y94.354
G0 F7200 X85.648 Y94.146
G0 X82.925 Y94.101
G0 X82.924 Y94.238
G1 F3600 X74.514 Y85.828 E0.29669
G1 X74.444 Y85.758
G0 F7200 X74.443 Y85.97
G0 X71.574 Y85.937
G0 X71.576 Y85.796
G1 F3600 X65.933 Y91.44 E0.19909
G1 X65.863 Y91.51
G0 F7200 X66.076 Y91.508
G0 X90.413 Y94.192
G0 X90.412 Y94.492
;TYPE:WALL-INNER
G1 F3600 X93.256 Y94.372 E0.07101
G1 X96.187 Y94.415 E0.07312
G1 X97.362 Y94.38 E0.02932
G1 X100.095 Y94.356 E0.06818
G1 X101.862 Y94.376 E0.04408
G1 X103.459 Y94.364 E0.03984
G1 X105.627 Y94.288 E0.05411
G1 X106.604 Y94.268 E0.02438
G1 X107.903 Y94.26 E0.0324
G1 X110.324 Y94.32 E0.06041
G1 X114.178 Y94.382 E0.09615
G1 X114.169 Y89.988 E0.10961
G1 X114.144 Y87.458 E0.06311
G1 X114.15 Y85.561 E0.04732
G1 X110.228 Y85.612 E0.09784
G1 X107.83 Y85.664 E0.05983
G1 X105.549 Y85.648 E0.0569
G1 X103.407 Y85.568 E0.05347
G1 X102.659 Y85.556 E0.01866
G1 X100.996 Y85.56 E0.04148
G1 X98.443 Y85.544 E0.06369
G1 X97.363 Y85.528 E0.02694
G1 X95.589 Y85.568 E0.04426
G1 X94.347 Y85.557 E0.03098
G1 X93.267 Y85.58 E0.02695
G1 X91.371 Y85.528 E0.04731
G1 X90.441 Y85.477 E0.02323
G1 X86.32 Y85.556 E0.10282
G1 X85.429 Y85.596 E0.02225
G1 X83.565 Y85.589 E0.0465
G1 X82.704 Y85.616 E0.02149
G1 X80.057 Y85.601 E0.06603
G1 X77.462 Y85.611 E0.06473
G1 X74.621 Y85.668 E0.07088
G1 X73.656 Y85.664 E0.02407
G1 X65.758 Y85.56 E0.19703
G1 X65.76 Y86.592 E0.02574
G1 X65.784 Y88.238 E0.04106
G1 X65.76 Y90.765 E0.06304
G1 X65.792 Y92.496 E0.04319
G1 X65.78 Y94.386 E0.04715
G1 X69.792 Y94.348 E0.10008
G1 X72.191 Y94.292 E0.05986
G1 X74.498 Y94.3 E0.05755
G1 X76.762 Y94.38 E0.05651
G1 X77.483 Y94.396 E0.01799
G1 X80.163 Y94.416 E0.06685
G1 X81.876 Y94.392 E0.04274
G1 X84.648 Y94.408 E0.06915
G1 X85.457 Y94.44 E0.0202
G1 X88.355 Y94.484 E0.0723
G1 X90.412 Y94.492 E0.05131
G0 F7200 X90.42 Y94.892
;TYPE:WALL-OUTER
G1 F1800 X93.276 Y94.772 E0.07131
G1 X96.19 Y94.815 E0.0727
G1 X97.366 Y94.78 E0.02935
G1 X100.091 Y94.756 E0.06798
G1 X101.865 Y94.776 E0.04426
G1 X103.467 Y94.764 E0.03996
G1 X105.635 Y94.688 E0.05411
G1 X106.606 Y94.668 E0.02423
G1 X107.893 Y94.66 E0.0321
G1 X110.318 Y94.72 E0.06051
G1 X114.579 Y94.788 E0.1063
G1 X114.569 Y89.987 E0.11976
G1 X114.544 Y87.459 E0.06306
G1 X114.551 Y85.155 E0.05747
G1 X110.22 Y85.212 E0.10805
G1 X107.831 Y85.264 E0.05961
G1 X105.564 Y85.248 E0.05655
G1 X103.418 Y85.168 E0.05357
G1 X102.658 Y85.156 E0.01896
G1 X100.998 Y85.16 E0.04141
G1 X98.449 Y85.144 E0.06359
G1 X97.361 Y85.128 E0.02714
G1 X95.593 Y85.168 E0.04411
G1 X94.339 Y85.157 E0.03128
G1 X93.278 Y85.18 E0.02647
G1 X91.393 Y85.128 E0.04704
G1 X90.448 Y85.077 E0.02361
G1 X86.307 Y85.156 E0.10332
G1 X85.431 Y85.196 E0.02187
G1 X83.559 Y85.189 E0.0467
G1 X82.706 Y85.216 E0.02129
G1 X80.055 Y85.201 E0.06613
G1 X77.46 Y85.211 E0.06473
G1 X74.623 Y85.268 E0.07078
G1 X73.661 Y85.264 E0.024
G1 X65.357 Y85.155 E0.20716
G1 X65.36 Y86.598 E0.036
G1 X65.384 Y88.234 E0.04081
G1 X65.36 Y90.767 E0.06319
G1 X65.392 Y92.494 E0.04309
G1 X65.378 Y94.79 E0.05728
G1 X69.801 Y94.748 E0.11034
G1 X72.189 Y94.692 E0.05959
G1 X74.484 Y94.7 E0.05725
G1 X76.75 Y94.78 E0.05656
G1 X77.48 Y94.796 E0.01821
G1 X80.169 Y94.816 E0.06708
G1 X81.874 Y94.792 E0.04254
G1 X84.632 Y94.808 E0.0688
G1 X85.446 Y94.84 E0.02032
G1 X88.353 Y94.884 E0.07252
G1 X90.42 Y94.892 E0.05156
G0 F7200 X90.619 Y94.884
G0 X90.579 Y93.885
;MESH:NONMESH
G0 F600 X90.579 Y93.885 Z15.5
G0 F7200 X66.081 Y88.615
G0 X65.987 Y88.615
;TIME_ELAPSED:1173.093027
;LAYER:102
;TYPE:FILL
;MESH:pi 3mm_deformed_tet.stl
G1 F3600 X71.514 Y94.141 E0.19496
G1 X71.584 Y94.211
G0 F7200 X71.58 Y94.001
G0 X74.546 Y94.008
G0 X74.541 Y94.145
G1 F3600 X82.917 Y85.769 E0.29549
G1 X82.987 Y85.699
G0 F7200 X82.994 Y85.907
G0 X85.74 Y85.876
G0 X85.735 Y85.735
G1 F3600 X94.233 Y94.233 E0.29979
G1 X94.303 Y94.303
G0 F7200 X94.306 Y94.098
G0 X97.077 Y94.094
G0 X97.081 Y94.233
G1 F3600 X105.51 Y85.803 E0.29737
G1 X105.58 Y85.733
G0 F7200 X105.573 Y85.944
G0 X108.45 Y85.961
G0 X108.448 Y85.82
G1 F3600 X113.96 Y91.333 E0.19447
G1 X114.03 Y91.403
G0 F7200 X113.819 Y91.403
G0 X113.804 Y88.683
G0 X113.944 Y88.683
G1 F3600 X108.518 Y94.11 E0.19143
G1 X108.448 Y94.18
G0 F7200 X108.453 Y93.971
G0 X105.446 Y93.998
G0 X105.45 Y94.136
G1 F3600 X97.007 Y85.694 E0.29783
G1 X96.937 Y85.624
G0 F7200 X96.941 Y85.838
G0 X94.29 Y85.854
G0 X94.288 Y85.712
G1 F3600 X85.704 Y94.296 E0.30282
G1 X85.634 Y94.366
G0 F7200 X85.637 Y94.155
G0 X82.93 Y94.104
G0 X82.929 Y94.242
G1 F3600 X74.514 Y85.828 E0.29684
G1 X74.444 Y85.758
G0 F7200 X74.443 Y85.969
G0 X71.57 Y85.941
G0 X71.572 Y85.8
G1 F3600 X65.986 Y91.386 E0.19706
G1 X65.916 Y91.456
G0 F7200 X66.128 Y91.454
G0 X88.345 Y94.194
G0 X88.344 Y94.492
;TYPE:WALL-INNER
G1 F3600 X90.256 Y94.5 E0.0477
G1 X93.116 Y94.376 E0.07141
G1 X96.051 Y94.423 E0.07322
G1 X97.366 Y94.384 E0.03282
G1 X100.091 Y94.36 E0.06798
G1 X101.696 Y94.376 E0.04004
G1 X103.599 Y94.359 E0.04747
G1 X105.725 Y94.288 E0.05306
G1 X107.991 Y94.256 E0.05653
G1 X110.408 Y94.316 E0.06031
G1 X114.126 Y94.374 E0.09276
G1 X114.117 Y89.988 E0.10941
G1 X114.092 Y87.466 E0.06291
G1 X114.098 Y85.568 E0.04735
G1 X110.309 Y85.616 E0.09452
G1 X107.917 Y85.672 E0.05969
G1 X106.946 Y85.668 E0.02422
G1 X105.65 Y85.648 E0.03233
G1 X103.511 Y85.572 E0.05339
G1 X102.64 Y85.557 E0.02173
G1 X101.12 Y85.56 E0.03792
G1 X98.59 Y85.544 E0.06311
G1 X97.371 Y85.524 E0.03041
G1 X95.756 Y85.564 E0.0403
G1 X94.427 Y85.549 E0.03315
G1 X93.127 Y85.576 E0.03244
G1 X91.371 Y85.528 E0.04382
G1 X90.281 Y85.469 E0.02723
G1 X86.4 Y85.546 E0.09683
G1 X85.417 Y85.588 E0.02454
G1 X83.686 Y85.581 E0.04318
G1 X82.696 Y85.616 E0.02471
G1 X80.057 Y85.601 E0.06583
G1 X77.478 Y85.611 E0.06433
G1 X74.64 Y85.668 E0.07081
G1 X73.156 Y85.66 E0.03702
G1 X65.811 Y85.568 E0.18324
G1 X65.832 Y88.081 E0.06269
G1 X65.812 Y90.634 E0.06369
G1 X65.844 Y92.491 E0.04633
G1 X65.835 Y94.378 E0.04707
G1 X69.708 Y94.344 E0.09662
G1 X72.1 Y94.288 E0.05969
G1 X73.355 Y94.288 E0.03131
G1 X74.402 Y94.3 E0.02612
G1 X76.653 Y94.38 E0.05619
G1 X77.487 Y94.396 E0.02081
G1 X80.162 Y94.416 E0.06673
G1 X81.728 Y94.396 E0.03907
G1 X84.485 Y94.412 E0.06877
G1 X85.441 Y94.452 E0.02387
G1 X88.344 Y94.492 E0.07242
G0 F7200 X88.342 Y94.892
;TYPE:WALL-OUTER
G1 F1800 X90.264 Y94.9 E0.04794
G1 X93.136 Y94.776 E0.07171
G1 X96.054 Y94.823 E0.0728
G1 X97.37 Y94.784 E0.03284
G1 X100.087 Y94.76 E0.06778
G1 X101.698 Y94.776 E0.04019
G1 X103.612 Y94.759 E0.04775
G1 X105.732 Y94.688 E0.05291
G1 X107.981 Y94.656 E0.05611
G1 X110.402 Y94.716 E0.06041
G1 X114.527 Y94.78 E0.10291
G1 X114.517 Y89.987 E0.11956
G1 X114.492 Y87.467 E0.06286
G1 X114.499 Y85.163 E0.05747
G1 X110.3 Y85.216 E0.10475
G1 X107.919 Y85.272 E0.05941
G1 X106.952 Y85.268 E0.02412
G1 X105.664 Y85.248 E0.03213
G1 X103.522 Y85.172 E0.05347
G1 X102.639 Y85.157 E0.02203
G1 X101.122 Y85.16 E0.03784
G1 X98.596 Y85.144 E0.06301
G1 X97.369 Y85.124 E0.03061
G1 X95.761 Y85.164 E0.04012
G1 X94.425 Y85.149 E0.03333
G1 X93.138 Y85.176 E0.03211
G1 X91.393 Y85.128 E0.04355
G1 X90.288 Y85.069 E0.0276
G1 X86.383 Y85.146 E0.09743
G1 X85.419 Y85.188 E0.02407
G1 X83.68 Y85.181 E0.04338
G1 X82.698 Y85.216 E0.02451
G1 X80.055 Y85.201 E0.06593
G1 X77.476 Y85.211 E0.06433
G1 X74.642 Y85.268 E0.07071
G1 X73.161 Y85.26 E0.03694
G1 X65.409 Y85.163 E0.19339
G1 X65.432 Y88.078 E0.07272
G1 X65.412 Y90.641 E0.06394
G1 X65.444 Y92.489 E0.04611
G1 X65.433 Y94.782 E0.0572
G1 X69.717 Y94.744 E0.10687
G1 X72.1 Y94.688 E0.05946
G1 X73.351 Y94.688 E0.03121
G1 X74.388 Y94.7 E0.02587
G1 X76.642 Y94.78 E0.05626
G1 X77.484 Y94.796 E0.02101
G1 X80.167 Y94.816 E0.06693
G1 X81.726 Y94.796 E0.03889
G1 X84.469 Y94.812 E0.06843
G1 X85.43 Y94.852 E0.02399
G1 X88.342 Y94.892 E0.07265
G0 F7200 X88.542 Y94.892
G0 X88.546 Y93.894
;MESH:NONMESH
G0 F600 X88.546 Y93.894 Z15.65
G0 F7200 X66.129 Y88.664
G0 X66.037 Y88.664
;TIME_ELAPSED:1183.350472
;LAYER:103
;TYPE:FILL
;MESH:pi 3mm_deformed_tet.stl
G1 F3600 X71.505 Y94.133 E0.19292
G1 X71.575 Y94.203
G0 F7200 X71.571 Y93.994
G0 X74.543 Y94.011
G0 X74.538 Y94.148
G1 F3600 X82.919 Y85.767 E0.29566
G1 X82.989 Y85.697
G0 F7200 X82.996 Y85.905
G0 X85.731 Y85.869
G0 X85.726 Y85.726
G1 F3600 X94.242 Y94.242 E0.30042
G1 X94.312 Y94.312
G0 F7200 X94.315 Y94.106
G0 X97.077 Y94.096
G0 X97.081 Y94.233
G1 F3600 X105.514 Y85.8 E0.2975
G1 X105.584 Y85.73
G0 F7200 X105.577 Y85.942
G0 X108.455 Y85.967
G0 X108.453 Y85.826
G1 F3600 X113.907 Y91.28 E0.1924
G1 X113.977 Y91.35
G0 F7200 X113.767 Y91.35
G0 X113.753 Y88.735
G0 X113.892 Y88.735
G1 F3600 X108.523 Y94.104 E0.18941
G1 X108.453 Y94.174
G0 F7200 X108.458 Y93.964
G0 X105.45 Y94.001
G0 X105.454 Y94.141
G1 F3600 X97.006 Y85.692 E0.29804
G1 X96.936 Y85.622
G0 F7200 X96.94 Y85.836
G0 X94.295 Y85.847
G0 X94.293 Y85.706
G1 F3600 X85.696 Y94.304 E0.3033
G1 X85.626 Y94.374
G0 F7200 X85.629 Y94.164
G0 X82.935 Y94.108
G0 X82.934 Y94.247
G1 F3600 X74.514 Y85.828 E0.29702
G1 X74.444 Y85.758
G0 F7200 X74.443 Y85.967
G0 X71.565 Y85.945
G0 X71.567 Y85.805
G1 F3600 X66.036 Y91.336 E0.19512
G1 X65.966 Y91.406
G0 F7200 X66.18 Y91.404
G0 X88.336 Y94.203
G0 X88.335 Y94.5
;TYPE:WALL-INNER
G1 F3600 X90.094 Y94.508 E0.04388
G1 X91.365 Y94.444 E0.03175
G1 X92.997 Y94.384 E0.04074
G1 X95.915 Y94.427 E0.0728
G1 X97.374 Y94.384 E0.03641
G1 X100.087 Y94.36 E0.06768
G1 X101.546 Y94.376 E0.0364
G1 X103.707 Y94.359 E0.05391
G1 X105.826 Y94.288 E0.05289
G1 X108.079 Y94.252 E0.05621
G1 X110.494 Y94.312 E0.06026
G1 X114.071 Y94.366 E0.08924
G1 X114.065 Y89.989 E0.10918
G1 X114.04 Y87.474 E0.06274
G1 X114.046 Y85.573 E0.04742
G1 X110.394 Y85.62 E0.09111
G1 X108 Y85.676 E0.05973
G1 X105.746 Y85.648 E0.05623
G1 X103.612 Y85.572 E0.05327
G1 X102.634 Y85.556 E0.0244
G1 X101.24 Y85.56 E0.03477
G1 X98.739 Y85.544 E0.06239
G1 X97.379 Y85.524 E0.03393
G1 X95.918 Y85.556 E0.03645
G1 X94.375 Y85.545 E0.03849
G1 X92.987 Y85.572 E0.03463
G1 X91.372 Y85.528 E0.0403
G1 X90.121 Y85.461 E0.03125
G1 X86.531 Y85.53 E0.08957
G1 X85.405 Y85.58 E0.02812
G1 X83.807 Y85.573 E0.03986
G1 X82.712 Y85.616 E0.02734
G1 X80.061 Y85.601 E0.06613
G1 X77.495 Y85.611 E0.06401
G1 X74.665 Y85.668 E0.07061
G1 X72.656 Y85.66 E0.05012
G1 X65.865 Y85.573 E0.16942
G1 X65.884 Y87.926 E0.0587
G1 X65.86 Y90.417 E0.06214
G1 X65.896 Y92.487 E0.05164
G1 X65.887 Y94.37 E0.04697
G1 X69.623 Y94.34 E0.0932
G1 X72.018 Y94.28 E0.05976
G1 X74.301 Y94.3 E0.05695
G1 X76.518 Y94.374 E0.05533
G1 X77.499 Y94.396 E0.02448
G1 X80.163 Y94.416 E0.06646
G1 X81.58 Y94.4 E0.03535
G1 X84.316 Y94.416 E0.06825
G1 X85.424 Y94.46 E0.02766
G1 X88.335 Y94.5 E0.07262
G0 F7200 X88.333 Y94.9
;TYPE:WALL-OUTER
G1 F1800 X90.103 Y94.908 E0.04415
G1 X91.38 Y94.844 E0.03189
G1 X92.991 Y94.784 E0.04021
G1 X95.918 Y94.827 E0.07302
G1 X97.378 Y94.784 E0.03644
G1 X100.083 Y94.76 E0.06748
G1 X101.547 Y94.776 E0.03652
G1 X103.72 Y94.759 E0.05421
G1 X105.832 Y94.688 E0.05271
G1 X108.069 Y94.652 E0.05581
G1 X110.488 Y94.712 E0.06036
G1 X114.471 Y94.772 E0.09937
G1 X114.465 Y89.989 E0.11931
G1 X114.44 Y87.475 E0.06272
G1 X114.447 Y85.167 E0.05757
G1 X110.385 Y85.22 E0.10134
G1 X108.005 Y85.276 E0.05939
G1 X105.76 Y85.248 E0.05601
G1 X103.622 Y85.172 E0.05337
G1 X102.633 Y85.156 E0.02467
G1 X101.242 Y85.16 E0.0347
G1 X98.745 Y85.144 E0.06229
G1 X97.377 Y85.124 E0.03413
G1 X95.921 Y85.156 E0.03633
G1 X94.367 Y85.145 E0.03877
G1 X92.998 Y85.172 E0.03416
G1 X91.393 Y85.128 E0.04005
G1 X90.128 Y85.061 E0.0316
G1 X86.513 Y85.13 E0.09019
G1 X85.407 Y85.18 E0.02762
G1 X83.8 Y85.173 E0.04009
G1 X82.686 Y85.216 E0.02781
G1 X80.059 Y85.201 E0.06553
G1 X77.493 Y85.211 E0.06401
G1 X74.667 Y85.268 E0.07051
G1 X72.661 Y85.26 E0.05004
G1 X65.462 Y85.167 E0.17959
G1 X65.484 Y87.922 E0.06873
G1 X65.46 Y90.419 E0.06229
G1 X65.496 Y92.485 E0.05154
G1 X65.485 Y94.774 E0.0571
G1 X69.633 Y94.74 E0.10348
G1 X72.014 Y94.68 E0.05941
G1 X74.287 Y94.7 E0.0567
G1 X76.563 Y94.776 E0.05681
G1 X77.496 Y94.796 E0.02328
G1 X80.167 Y94.816 E0.06663
G1 X81.578 Y94.8 E0.0352
G1 X84.3 Y94.816 E0.0679
G1 X85.414 Y94.86 E0.02781
G1 X88.333 Y94.9 E0.07282
G0 F7200 X88.533 Y94.9
G0 X88.537 Y93.903
;MESH:NONMESH
G0 F600 X88.537 Y93.903 Z15.8
G0 F7200 X66.177 Y88.712
G0 X66.085 Y88.712
;TIME_ELAPSED:1193.588129
;LAYER:104
;TYPE:FILL
;MESH:pi 3mm_deformed_tet.stl
G1 F3600 X71.499 Y94.127 E0.19101
G1 X71.569 Y94.197
G0 F7200 X71.565 Y93.987
G0 X74.54 Y94.014
G0 X74.535 Y94.151
G1 F3600 X82.922 Y85.764 E0.29587
G1 X82.992 Y85.694
G0 F7200 X82.999 Y85.903
G0 X85.727 Y85.862
G0 X85.722 Y85.722
G1 F3600 X94.25 Y94.25 E0.30085
G1 X94.32 Y94.32
G0 F7200 X94.323 Y94.115
G0 X97.072 Y94.099
G0 X97.076 Y94.238
G1 F3600 X105.517 Y85.797 E0.29778
G1 X105.587 Y85.727
G0 F7200 X105.58 Y85.939
G0 X108.464 Y85.975
G0 X108.462 Y85.835
G1 F3600 X113.855 Y91.227 E0.19024
G1 X113.925 Y91.297
G0 F7200 X113.715 Y91.297
G0 X113.7 Y88.789
G0 X113.839 Y88.788
G1 F3600 X108.53 Y94.098 E0.18731
G1 X108.46 Y94.168
G0 F7200 X108.465 Y93.957
G0 X105.45 Y94.003
G0 X105.454 Y94.14
G1 F3600 X97.004 Y85.69 E0.2981
G1 X96.934 Y85.62
G0 F7200 X96.938 Y85.834
G0 X94.303 Y85.841
G0 X94.301 Y85.699
G1 F3600 X85.688 Y94.312 E0.30385
G1 X85.618 Y94.382
G0 F7200 X85.621 Y94.173
G0 X82.936 Y94.112
G0 X82.935 Y94.249
G1 F3600 X74.51 Y85.824 E0.29721
G1 X74.44 Y85.754
G0 F7200 X74.439 Y85.965
G0 X71.561 Y85.949
G0 X71.563 Y85.809
G1 F3600 X66.09 Y91.283 E0.19309
G1 X66.02 Y91.353
G0 F7200 X66.232 Y91.351
G0 X88.327 Y94.211
G0 X88.326 Y94.508
;TYPE:WALL-INNER
G1 F3600 X89.936 Y94.516 E0.04016
G1 X92.832 Y94.388 E0.07231
G1 X95.779 Y94.435 E0.07352
G1 X97.382 Y94.388 E0.04
G1 X100.082 Y94.364 E0.06735
G1 X101.396 Y94.376 E0.03278
G1 X102.653 Y94.373 E0.03136
G1 X103.805 Y94.355 E0.02874
G1 X105.922 Y94.284 E0.05284
G1 X108.167 Y94.248 E0.05601
G1 X110.575 Y94.308 E0.06009
G1 X114.019 Y94.362 E0.08592
G1 X114.013 Y89.996 E0.10891
G1 X113.988 Y87.734 E0.05643
G1 X113.994 Y85.58 E0.05373
G1 X110.479 Y85.624 E0.08769
G1 X108.086 Y85.684 E0.05971
G1 X105.847 Y85.648 E0.05586
G1 X103.716 Y85.576 E0.05319
G1 X102.619 Y85.557 E0.02737
G1 X101.364 Y85.56 E0.03131
G1 X98.882 Y85.544 E0.06192
G1 X97.387 Y85.52 E0.0373
G1 X96.102 Y85.552 E0.03206
G1 X94.383 Y85.537 E0.04288
G1 X92.843 Y85.568 E0.03842
G1 X91.372 Y85.528 E0.03671
G1 X89.961 Y85.453 E0.03525
G1 X86.724 Y85.516 E0.08076
G1 X85.392 Y85.576 E0.03326
G1 X83.926 Y85.569 E0.03657
G1 X82.676 Y85.612 E0.0312
G1 X80.062 Y85.597 E0.06521
G1 X77.5 Y85.611 E0.06391
G1 X74.686 Y85.664 E0.07021
G1 X72.03 Y85.655 E0.06625
G1 X65.92 Y85.58 E0.15243
G1 X65.932 Y87.769 E0.05461
G1 X65.913 Y90.294 E0.06299
G1 X65.948 Y92.482 E0.05459
G1 X65.942 Y94.363 E0.04692
G1 X69.54 Y94.336 E0.08976
G1 X71.931 Y94.276 E0.05966
G1 X74.201 Y94.3 E0.05663
G1 X76.465 Y94.376 E0.05651
G1 X77.515 Y94.4 E0.0262
G1 X80.171 Y94.42 E0.06626
G1 X81.436 Y94.4 E0.03156
G1 X84.153 Y94.416 E0.06778
G1 X85.409 Y94.468 E0.03136
G1 X88.326 Y94.508 E0.07277
G0 F7200 X88.324 Y94.908
;TYPE:WALL-OUTER
G1 F1800 X89.944 Y94.916 E0.04041
G1 X92.852 Y94.788 E0.07261
G1 X95.782 Y94.835 E0.0731
G1 X97.386 Y94.788 E0.04003
G1 X100.078 Y94.764 E0.06715
G1 X101.397 Y94.776 E0.0329
G1 X102.654 Y94.773 E0.03136
G1 X103.818 Y94.755 E0.02904
G1 X105.928 Y94.684 E0.05266
G1 X108.157 Y94.648 E0.05561
G1 X110.569 Y94.708 E0.06019
G1 X114.419 Y94.768 E0.09605
G1 X114.413 Y89.996 E0.11904
G1 X114.388 Y87.735 E0.0564
G1 X114.395 Y85.175 E0.06386
G1 X110.469 Y85.224 E0.09794
G1 X108.092 Y85.284 E0.05931
G1 X105.861 Y85.248 E0.05566
G1 X103.726 Y85.176 E0.05329
G1 X102.618 Y85.157 E0.02764
G1 X101.366 Y85.16 E0.03123
G1 X98.888 Y85.144 E0.06182
G1 X97.385 Y85.12 E0.0375
G1 X96.106 Y85.152 E0.03191
G1 X94.375 Y85.137 E0.04318
G1 X92.854 Y85.168 E0.03795
G1 X91.393 Y85.128 E0.03646
G1 X89.968 Y85.053 E0.0356
G1 X86.711 Y85.116 E0.08126
G1 X85.394 Y85.176 E0.03289
G1 X83.92 Y85.169 E0.03677
G1 X82.678 Y85.212 E0.031
G1 X80.06 Y85.197 E0.06531
G1 X77.498 Y85.211 E0.06391
G1 X74.687 Y85.264 E0.07013
G1 X72.035 Y85.255 E0.06615
G1 X65.518 Y85.175 E0.16258
G1 X65.532 Y87.766 E0.06463
G1 X65.513 Y90.3 E0.06321
G1 X65.548 Y92.481 E0.05441
G1 X65.541 Y94.766 E0.057
G1 X69.55 Y94.736 E0.10001
G1 X71.927 Y94.676 E0.05931
G1 X74.187 Y94.7 E0.05638
G1 X76.456 Y94.776 E0.05663
G1 X77.512 Y94.8 E0.02635
G1 X80.177 Y94.82 E0.06648
G1 X81.434 Y94.8 E0.03136
G1 X84.137 Y94.816 E0.06743
G1 X85.398 Y94.868 E0.03148
G1 X88.324 Y94.908 E0.073
G0 F7200 X88.524 Y94.908
G0 X88.528 Y93.911
;MESH:NONMESH
G0 F600 X88.528 Y93.911 Z15.95
G0 F7200 X66.225 Y88.758
G0 X66.131 Y88.758
;TIME_ELAPSED:1203.805489
;LAYER:105
;TYPE:FILL
;MESH:pi 3mm_deformed_tet.stl
G1 F3600 X71.492 Y94.119 E0.18912
G1 X71.562 Y94.189
G0 F7200 X71.558 Y93.98
G0 X74.536 Y94.016
G0 X74.531 Y94.155
G1 F3600 X82.923 Y85.763 E0.29605
G1 X82.993 Y85.693
G0 F7200 X83 Y85.901
G0 X85.718 Y85.854
G0 X85.713 Y85.713
G1 F3600 X94.261 Y94.261 E0.30155
G1 X94.331 Y94.331
G0 F7200 X94.334 Y94.123
G0 X97.071 Y94.101
G0 X97.075 Y94.238
G1 F3600 X105.52 Y85.793 E0.29792
G1 X105.59 Y85.723
G0 F7200 X105.583 Y85.937
G0 X108.467 Y85.977
G0 X108.465 Y85.837
G1 F3600 X113.803 Y91.176 E0.18833
G1 X113.873 Y91.246
G0 F7200 X113.663 Y91.246
G0 X113.649 Y88.84
G0 X113.788 Y88.839
G1 F3600 X108.531 Y94.096 E0.18545
G1 X108.461 Y94.166
G0 F7200 X108.466 Y93.956
G0 X105.452 Y94.004
G0 X105.456 Y94.143
G1 F3600 X97.002 Y85.689 E0.29824
G1 X96.932 Y85.619
G0 F7200 X96.936 Y85.833
G0 X94.311 Y85.834
G0 X94.309 Y85.691
G1 F3600 X85.679 Y94.32 E0.30443
G1 X85.609 Y94.39
G0 F7200 X85.612 Y94.183
G0 X82.941 Y94.116
G0 X82.94 Y94.254
G1 F3600 X74.51 Y85.824 E0.29739
G1 X74.44 Y85.754
G0 F7200 X74.439 Y85.964
G0 X71.559 Y85.953
G0 X71.561 Y85.811
G1 F3600 X66.139 Y91.233 E0.19128
G1 X66.069 Y91.303
G0 F7200 X66.283 Y91.301
G0 X88.318 Y94.22
G0 X88.317 Y94.516
;TYPE:WALL-INNER
G1 F3600 X89.78 Y94.524 E0.0365
G1 X92.688 Y94.396 E0.07261
G1 X95.643 Y94.444 E0.07372
G1 X97.386 Y94.388 E0.0435
G1 X100.079 Y94.364 E0.06718
G1 X101.231 Y94.376 E0.02874
G1 X102.69 Y94.372 E0.0364
G1 X103.913 Y94.355 E0.03051
G1 X106.021 Y94.284 E0.05261
G1 X108.178 Y94.248 E0.05381
G1 X110.652 Y94.304 E0.06173
G1 X113.967 Y94.354 E0.0827
G1 X113.961 Y90.026 E0.10796
G1 X113.936 Y87.583 E0.06094
G1 X113.939 Y85.585 E0.04984
G1 X110.577 Y85.632 E0.08387
G1 X108.118 Y85.684 E0.06135
G1 X105.947 Y85.648 E0.05416
G1 X103.816 Y85.576 E0.05319
G1 X102.612 Y85.556 E0.03004
G1 X101.488 Y85.56 E0.02804
G1 X99.031 Y85.544 E0.06129
G1 X97.395 Y85.52 E0.04081
G1 X96.274 Y85.544 E0.02797
G1 X94.395 Y85.529 E0.04687
G1 X92.699 Y85.564 E0.04232
G1 X91.376 Y85.528 E0.03301
G1 X89.805 Y85.445 E0.03924
G1 X86.856 Y85.5 E0.07358
G1 X85.38 Y85.568 E0.03686
G1 X84.046 Y85.561 E0.03328
G1 X82.691 Y85.612 E0.03382
G1 X80.066 Y85.597 E0.06548
G1 X77.516 Y85.611 E0.06361
G1 X74.705 Y85.664 E0.07013
G1 X71.689 Y85.652 E0.07524
G1 X65.974 Y85.587 E0.14257
G1 X65.98 Y87.613 E0.05054
G1 X65.96 Y90.121 E0.06256
G1 X66 Y92.474 E0.0587
G1 X65.994 Y94.358 E0.047
G1 X69.445 Y94.328 E0.08609
G1 X71.848 Y94.272 E0.05996
G1 X74.101 Y94.3 E0.05621
G1 X76.333 Y94.376 E0.05571
G1 X77.521 Y94.4 E0.02964
G1 X80.168 Y94.42 E0.06603
G1 X81.288 Y94.404 E0.02794
G1 X83.984 Y94.42 E0.06725
G1 X85.393 Y94.476 E0.03518
G1 X88.317 Y94.516 E0.07295
G0 F7200 X88.315 Y94.916
;TYPE:WALL-OUTER
G1 F1800 X89.788 Y94.924 E0.03674
G1 X92.708 Y94.796 E0.07291
G1 X95.646 Y94.844 E0.0733
G1 X97.39 Y94.788 E0.04353
G1 X100.075 Y94.764 E0.06698
G1 X101.232 Y94.776 E0.02886
G1 X102.695 Y94.772 E0.03649
G1 X103.926 Y94.755 E0.03071
G1 X106.028 Y94.684 E0.05246
G1 X108.169 Y94.648 E0.05342
G1 X110.646 Y94.704 E0.0618
G1 X114.367 Y94.76 E0.09283
G1 X114.361 Y90.026 E0.11809
G1 X114.336 Y87.583 E0.06094
G1 X114.339 Y85.179 E0.05997
G1 X110.569 Y85.232 E0.09405
G1 X108.124 Y85.284 E0.061
G1 X105.961 Y85.248 E0.05396
G1 X103.826 Y85.176 E0.05329
G1 X102.61 Y85.156 E0.03034
G1 X101.49 Y85.16 E0.02794
G1 X99.037 Y85.144 E0.06119
G1 X97.393 Y85.12 E0.04101
G1 X96.278 Y85.144 E0.02782
G1 X94.387 Y85.129 E0.04717
G1 X92.71 Y85.164 E0.04184
G1 X91.397 Y85.128 E0.03277
G1 X89.812 Y85.045 E0.03959
G1 X86.843 Y85.1 E0.07407
G1 X85.382 Y85.168 E0.03648
G1 X84.04 Y85.161 E0.03348
G1 X82.666 Y85.212 E0.0343
G1 X80.064 Y85.197 E0.06491
G1 X77.514 Y85.211 E0.06361
G1 X74.707 Y85.264 E0.07003
G1 X71.693 Y85.252 E0.07519
G1 X65.573 Y85.183 E0.15267
G1 X65.58 Y87.61 E0.06054
G1 X65.56 Y90.127 E0.06279
G1 X65.6 Y92.473 E0.05853
G1 X65.593 Y94.762 E0.0571
G1 X69.454 Y94.728 E0.09632
G1 X71.843 Y94.672 E0.05961
G1 X74.087 Y94.7 E0.05598
G1 X76.322 Y94.776 E0.05578
G1 X77.518 Y94.8 E0.02984
G1 X80.174 Y94.82 E0.06626
G1 X81.286 Y94.804 E0.02774
G1 X83.968 Y94.82 E0.0669
G1 X85.382 Y94.876 E0.0353
G1 X88.315 Y94.916 E0.07317
G0 F7200 X88.515 Y94.917
G0 X88.519 Y93.92
;MESH:NONMESH
G0 F600 X88.519 Y93.92 Z16.1
G0 F7200 X66.273 Y88.809
G0 X66.182 Y88.809
;TIME_ELAPSED:1214.003792
;LAYER:106
;TYPE:FILL
;MESH:pi 3mm_deformed_tet.stl
G1 F3600 X71.485 Y94.112 E0.18708
G1 X71.555 Y94.182
G0 F7200 X71.557 Y93.976
G0 X74.533 Y94.02
G0 X74.528 Y94.158
G1 F3600 X82.924 Y85.762 E0.29619
G1 X82.994 Y85.692
G0 F7200 X83.001 Y85.899
G0 X85.711 Y85.846
G0 X85.706 Y85.706
G1 F3600 X94.267 Y94.267 E0.30201
G1 X94.337 Y94.337
G0 F7200 X94.34 Y94.132
G0 X97.067 Y94.103
G0 X97.071 Y94.242
G1 F3600 X105.522 Y85.791 E0.29813
G1 X105.592 Y85.721
G0 F7200 X105.585 Y85.934
G0 X108.467 Y85.982
G0 X108.467 Y85.84
G1 F3600 X113.751 Y91.123 E0.18639
G1 X113.821 Y91.193
G0 F7200 X113.612 Y91.193
G0 X113.6 Y88.889
G0 X113.739 Y88.888
G1 F3600 X108.535 Y94.092 E0.18359
G1 X108.465 Y94.162
G0 F7200 X108.467 Y93.953
G0 X105.456 Y94.006
G0 X105.46 Y94.146
G1 F3600 X97.003 Y85.689 E0.29834
G1 X96.933 Y85.619
G0 F7200 X96.937 Y85.831
G0 X94.319 Y85.827
G0 X94.317 Y85.682
G1 F3600 X85.672 Y94.328 E0.30499
G1 X85.602 Y94.398
G0 F7200 X85.605 Y94.191
G0 X82.945 Y94.119
G0 X82.944 Y94.257
G1 F3600 X74.51 Y85.824 E0.29751
G1 X74.44 Y85.754
G0 F7200 X74.439 Y85.963
G0 X71.555 Y85.956
G0 X71.556 Y85.817
G1 F3600 X66.19 Y91.182 E0.18928
G1 X66.12 Y91.252
G0 F7200 X66.334 Y91.25
G0 X88.308 Y94.228
G0 X88.307 Y94.524
;TYPE:WALL-INNER
G1 F3600 X89.62 Y94.532 E0.03275
G1 X92.548 Y94.4 E0.07311
G1 X95.511 Y94.447 E0.07392
G1 X97.462 Y94.391 E0.04869
G1 X100.069 Y94.368 E0.06503
G1 X101.072 Y94.376 E0.02502
G1 X102.676 Y94.372 E0.04001
G1 X104.02 Y94.355 E0.03353
G1 X106.121 Y94.284 E0.05244
G1 X108.143 Y94.248 E0.05045
G1 X108.955 Y94.256 E0.02026
G1 X110.739 Y94.3 E0.04452
G1 X113.915 Y94.35 E0.07924
G1 X113.909 Y89.803 E0.11343
G1 X113.884 Y87.491 E0.05768
G1 X113.887 Y85.593 E0.04735
G1 X110.657 Y85.636 E0.08058
G1 X108.82 Y85.68 E0.04584
G1 X108.09 Y85.68 E0.01821
G1 X106.048 Y85.648 E0.05094
G1 X103.92 Y85.58 E0.05311
G1 X102.601 Y85.556 E0.03291
G1 X99.175 Y85.544 E0.08546
G1 X97.407 Y85.521 E0.04411
G1 X96.445 Y85.54 E0.024
G1 X94.398 Y85.521 E0.05106
G1 X92.559 Y85.56 E0.04588
G1 X91.376 Y85.528 E0.02952
G1 X89.646 Y85.437 E0.04321
G1 X86.935 Y85.49 E0.06764
G1 X85.368 Y85.56 E0.03913
G1 X84.166 Y85.553 E0.02998
G1 X82.685 Y85.612 E0.03697
G1 X80.066 Y85.597 E0.06533
G1 X77.477 Y85.612 E0.06458
G1 X74.726 Y85.664 E0.06864
G1 X71.208 Y85.656 E0.08776
G1 X66.029 Y85.596 E0.1292
G1 X66.032 Y87.525 E0.04812
G1 X66.012 Y90.105 E0.06436
G1 X66.052 Y92.469 E0.05898
G1 X66.049 Y94.351 E0.04695
G1 X69.362 Y94.324 E0.08265
G1 X71.491 Y94.272 E0.05312
G1 X74.005 Y94.3 E0.06272
G1 X76.228 Y94.376 E0.05549
G1 X77.525 Y94.4 E0.03236
G1 X80.172 Y94.42 E0.06603
G1 X81.141 Y94.404 E0.02418
G1 X83.82 Y94.424 E0.06683
G1 X85.376 Y94.484 E0.03884
G1 X88.307 Y94.524 E0.07312
G0 F7200 X88.305 Y94.924
;TYPE:WALL-OUTER
G1 F1800 X89.628 Y94.932 E0.033
G1 X92.568 Y94.8 E0.07341
G1 X95.514 Y94.847 E0.0735
G1 X97.466 Y94.791 E0.04871
G1 X100.066 Y94.768 E0.06486
G1 X101.073 Y94.776 E0.02512
G1 X102.681 Y94.772 E0.04011
G1 X104.033 Y94.755 E0.03373
G1 X106.128 Y94.684 E0.05229
G1 X108.139 Y94.648 E0.05017
G1 X108.945 Y94.656 E0.02011
G1 X110.733 Y94.7 E0.04462
G1 X114.315 Y94.756 E0.08936
G1 X114.309 Y89.803 E0.12355
G1 X114.284 Y87.491 E0.05768
G1 X114.287 Y85.187 E0.05747
G1 X110.647 Y85.236 E0.09081
G1 X108.82 Y85.28 E0.04559
G1 X108.096 Y85.28 E0.01806
G1 X106.061 Y85.248 E0.05077
G1 X103.899 Y85.18 E0.05396
G1 X102.601 Y85.156 E0.03238
G1 X99.181 Y85.144 E0.08531
G1 X97.405 Y85.121 E0.04431
G1 X96.449 Y85.14 E0.02385
G1 X94.39 Y85.121 E0.05136
G1 X92.57 Y85.16 E0.04541
G1 X91.397 Y85.128 E0.02927
G1 X89.652 Y85.037 E0.04359
G1 X86.917 Y85.09 E0.06824
G1 X85.37 Y85.16 E0.03863
G1 X84.16 Y85.153 E0.03018
G1 X82.658 Y85.212 E0.0375
G1 X80.064 Y85.197 E0.06471
G1 X77.469 Y85.212 E0.06473
G1 X74.727 Y85.264 E0.06841
G1 X71.213 Y85.256 E0.08766
G1 X65.629 Y85.191 E0.1393
G1 X65.632 Y87.522 E0.05815
G1 X65.612 Y90.111 E0.06458
G1 X65.652 Y92.469 E0.05883
G1 X65.649 Y94.754 E0.057
G1 X69.372 Y94.724 E0.09287
G1 X71.487 Y94.672 E0.05277
G1 X73.991 Y94.7 E0.06247
G1 X76.218 Y94.776 E0.05559
G1 X77.522 Y94.8 E0.03253
G1 X80.178 Y94.82 E0.06626
G1 X81.138 Y94.804 E0.02395
G1 X83.804 Y94.824 E0.06651
G1 X85.366 Y94.884 E0.03899
G1 X88.305 Y94.924 E0.07332
G0 F7200 X88.505 Y94.925
G0 X88.509 Y93.928
;MESH:NONMESH
G0 F600 X88.509 Y93.928 Z16.25
G0 F7200 X66.322 Y88.862
G0 X66.235 Y88.862
;TIME_ELAPSED:1224.180782
;LAYER:107
;TYPE:FILL
;MESH:pi 3mm_deformed_tet.stl
G1 F3600 X71.488 Y94.115 E0.18531
G1 X71.558 Y94.185
G0 F7200 X71.558 Y93.976
G0 X74.533 Y94.022
G0 X74.528 Y94.158
G1 F3600 X82.927 Y85.759 E0.2963
G1 X82.997 Y85.689
G0 F7200 X83.004 Y85.897
G0 X85.703 Y85.839
G0 X85.698 Y85.698
G1 F3600 X94.277 Y94.277 E0.30265
G1 X94.347 Y94.347
G0 F7200 X94.35 Y94.141
G0 X97.067 Y94.105
G0 X97.071 Y94.242
G1 F3600 X105.522 Y85.791 E0.29813
G1 X105.592 Y85.721
G0 F7200 X105.585 Y85.932
G0 X108.465 Y85.98
G0 X108.465 Y85.838
G1 F3600 X113.7 Y91.073 E0.18468
G1 X113.77 Y91.143
G0 F7200 X113.562 Y91.143
G0 X113.551 Y88.939
G0 X113.689 Y88.938
G1 F3600 X108.535 Y94.092 E0.18182
G1 X108.465 Y94.162
G0 F7200 X108.466 Y93.955
G0 X105.457 Y94.009
G0 X105.461 Y94.148
G1 F3600 X97.001 Y85.687 E0.29847
G1 X96.931 Y85.617
G0 F7200 X96.935 Y85.83
G0 X94.324 Y85.82
G0 X94.322 Y85.678
G1 F3600 X85.659 Y94.341 E0.30561
G1 X85.589 Y94.411
G0 F7200 X85.592 Y94.2
G0 X82.947 Y94.123
G0 X82.946 Y94.259
G1 F3600 X74.506 Y85.82 E0.29773
G1 X74.436 Y85.75
G0 F7200 X74.435 Y85.961
G0 X71.555 Y85.957
G0 X71.556 Y85.817
G1 F3600 X66.239 Y91.133 E0.18755
G1 X66.169 Y91.203
G0 F7200 X66.381 Y91.201
G0 X88.306 Y94.237
G0 X88.305 Y94.536
;TYPE:WALL-INNER
G1 F3600 X89.463 Y94.54 E0.02889
G1 X92.409 Y94.408 E0.07356
G1 X95.375 Y94.455 E0.074
G1 X97.402 Y94.392 E0.05059
G1 X100.066 Y94.368 E0.06646
G1 X100.919 Y94.376 E0.02128
G1 X102.606 Y94.372 E0.04208
G1 X104.116 Y94.351 E0.03767
G1 X106.216 Y94.284 E0.05241
G1 X108.114 Y94.248 E0.04735
G1 X109.448 Y94.26 E0.03328
G1 X110.823 Y94.296 E0.03431
G1 X113.866 Y94.346 E0.07592
G1 X113.856 Y89.61 E0.11814
G1 X113.836 Y87.495 E0.05276
G1 X113.839 Y85.597 E0.04735
G1 X110.748 Y85.64 E0.07711
G1 X109.292 Y85.672 E0.03633
G1 X108.063 Y85.68 E0.03066
G1 X106.147 Y85.652 E0.0478
G1 X104.024 Y85.58 E0.05299
G1 X102.597 Y85.556 E0.0356
G1 X99.323 Y85.544 E0.08167
G1 X97.416 Y85.517 E0.04758
G1 X96.614 Y85.536 E0.02001
G1 X94.415 Y85.517 E0.05486
G1 X92.419 Y85.556 E0.0498
G1 X91.375 Y85.528 E0.02605
G1 X89.485 Y85.425 E0.04722
G1 X87.072 Y85.474 E0.0602
G1 X85.357 Y85.552 E0.04283
G1 X84.286 Y85.549 E0.02672
G1 X82.645 Y85.608 E0.04096
G1 X80.075 Y85.596 E0.06411
G1 X77.491 Y85.612 E0.06446
G1 X74.751 Y85.66 E0.06836
G1 X70.757 Y85.656 E0.09963
G1 X66.081 Y85.603 E0.11665
G1 X66.084 Y87.701 E0.05233
G1 X66.064 Y90.266 E0.06399
G1 X66.1 Y92.468 E0.05494
G1 X66.1 Y94.343 E0.04677
G1 X69.275 Y94.32 E0.0792
G1 X71.002 Y94.28 E0.04309
G1 X71.876 Y94.272 E0.0218
G1 X73.906 Y94.296 E0.05064
G1 X76.121 Y94.376 E0.05529
G1 X77.542 Y94.404 E0.03545
G1 X80.164 Y94.42 E0.06541
G1 X80.992 Y94.408 E0.02066
G1 X83.654 Y94.424 E0.06641
G1 X85.361 Y94.496 E0.04262
G1 X88.305 Y94.536 E0.07345
G0 F7200 X88.303 Y94.936
;TYPE:WALL-OUTER
G1 F1800 X89.471 Y94.94 E0.02914
G1 X92.428 Y94.808 E0.07384
G1 X95.378 Y94.855 E0.0736
G1 X97.406 Y94.792 E0.05061
G1 X100.062 Y94.768 E0.06626
G1 X100.92 Y94.776 E0.0214
G1 X102.607 Y94.772 E0.04208
G1 X104.128 Y94.751 E0.03795
G1 X106.224 Y94.684 E0.05231
G1 X108.11 Y94.648 E0.04706
G1 X109.438 Y94.66 E0.03313
G1 X110.817 Y94.696 E0.03441
G1 X114.267 Y94.752 E0.08607
G1 X114.256 Y89.606 E0.12837
G1 X114.236 Y87.495 E0.05266
G1 X114.239 Y85.191 E0.05747
G1 X110.739 Y85.24 E0.08732
G1 X109.29 Y85.272 E0.03615
G1 X108.069 Y85.28 E0.03046
G1 X106.161 Y85.252 E0.0476
G1 X104.034 Y85.18 E0.05309
G1 X102.597 Y85.156 E0.03585
G1 X99.329 Y85.144 E0.08152
G1 X97.414 Y85.117 E0.04777
G1 X96.618 Y85.136 E0.01986
G1 X94.407 Y85.117 E0.05516
G1 X92.43 Y85.156 E0.04933
G1 X91.397 Y85.128 E0.02578
G1 X89.492 Y85.025 E0.04759
G1 X87.054 Y85.074 E0.06083
G1 X85.359 Y85.152 E0.04233
G1 X84.28 Y85.149 E0.02692
G1 X82.647 Y85.208 E0.04076
G1 X80.072 Y85.196 E0.06423
G1 X77.484 Y85.212 E0.06456
G1 X74.751 Y85.26 E0.06819
G1 X70.761 Y85.256 E0.09953
G1 X65.681 Y85.199 E0.12673
G1 X65.684 Y87.698 E0.06234
G1 X65.664 Y90.272 E0.06421
G1 X65.7 Y92.468 E0.05479
G1 X65.7 Y94.746 E0.05682
G1 X69.284 Y94.72 E0.08941
G1 X71.006 Y94.68 E0.04297
G1 X71.871 Y94.672 E0.02158
G1 X73.892 Y94.696 E0.05042
G1 X76.11 Y94.776 E0.05536
G1 X77.54 Y94.804 E0.03568
G1 X80.17 Y94.82 E0.06561
G1 X80.99 Y94.808 E0.02046
G1 X83.637 Y94.824 E0.06603
G1 X85.35 Y94.896 E0.04277
G1 X88.303 Y94.936 E0.07367
G0 F7200 X88.503 Y94.936
G0 X88.507 Y93.937
;MESH:NONMESH
G0 F600 X88.507 Y93.937 Z16.4
G0 F7200 X66.374 Y88.911
G0 X66.283 Y88.911
;TIME_ELAPSED:1234.339188
;LAYER:108
;TYPE:FILL
;MESH:pi 3mm_deformed_tet.stl
G1 F3600 X71.491 Y94.118 E0.18371
G1 X71.561 Y94.188
G0 F7200 X71.561 Y93.977
G0 X74.53 Y94.025
G0 X74.525 Y94.161
G1 F3600 X82.928 Y85.758 E0.29644
G1 X82.998 Y85.688
G0 F7200 X83.005 Y85.895
G0 X85.695 Y85.831
G0 X85.69 Y85.69
G1 F3600 X94.283 Y94.283 E0.30314
G1 X94.353 Y94.353
G0 F7200 X94.356 Y94.149
G0 X97.063 Y94.108
G0 X97.067 Y94.247
G1 F3600 X105.525 Y85.788 E0.2984
G1 X105.595 Y85.718
G0 F7200 X105.588 Y85.931
G0 X108.465 Y85.979
G0 X108.465 Y85.837
G1 F3600 X113.653 Y91.026 E0.18304
G1 X113.723 Y91.096
G0 F7200 X113.512 Y91.096
G0 X113.502 Y88.986
G0 X113.642 Y88.985
G1 F3600 X108.53 Y94.097 E0.18034
G1 X108.46 Y94.167
G0 F7200 X108.461 Y93.956
G0 X105.458 Y94.012
G0 X105.462 Y94.148
G1 F3600 X96.998 Y85.684 E0.29859
G1 X96.928 Y85.614
G0 F7200 X96.932 Y85.828
G0 X94.331 Y85.813
G0 X94.329 Y85.671
G1 F3600 X85.651 Y94.349 E0.30614
G1 X85.581 Y94.419
G0 F7200 X85.584 Y94.209
G0 X82.952 Y94.127
G0 X82.951 Y94.264
G1 F3600 X74.506 Y85.819 E0.29792
G1 X74.436 Y85.749
G0 F7200 X74.435 Y85.96
G0 X71.555 Y85.958
G0 X71.556 Y85.817
G1 F3600 X66.283 Y91.089 E0.186
G1 X66.213 Y91.159
G0 F7200 X66.428 Y91.157
G0 X88.301 Y94.245
G0 X88.3 Y94.544
;TYPE:WALL-INNER
G1 F3600 X89.303 Y94.548 E0.02502
G1 X92.265 Y94.412 E0.07397
G1 X95.239 Y94.459 E0.0742
G1 X97.473 Y94.395 E0.05575
G1 X100.056 Y94.372 E0.06444
G1 X102.656 Y94.372 E0.06486
G1 X104.226 Y94.351 E0.03917
G1 X106.318 Y94.28 E0.05222
G1 X108.086 Y94.252 E0.04411
G1 X109.88 Y94.268 E0.04475
G1 X113.822 Y94.34 E0.09835
G1 X113.809 Y89.484 E0.12113
G1 X113.784 Y87.498 E0.04954
G1 X113.79 Y85.598 E0.0474
G1 X109.757 Y85.668 E0.10062
G1 X108.034 Y85.68 E0.04298
G1 X106.248 Y85.652 E0.04456
G1 X104.101 Y85.584 E0.05358
G1 X102.58 Y85.552 E0.03795
G1 X99.471 Y85.544 E0.07755
G1 X97.422 Y85.517 E0.05112
G1 X96.786 Y85.528 E0.01587
G1 X94.428 Y85.509 E0.05882
G1 X92.275 Y85.552 E0.05372
G1 X91.375 Y85.528 E0.02246
G1 X89.326 Y85.417 E0.05119
G1 X87.209 Y85.462 E0.05282
G1 X85.345 Y85.544 E0.04654
G1 X84.403 Y85.541 E0.0235
G1 X82.66 Y85.608 E0.04351
G1 X80.073 Y85.597 E0.06453
G1 X77.507 Y85.612 E0.06401
G1 X74.771 Y85.66 E0.06826
G1 X70.301 Y85.656 E0.1115
G1 X66.129 Y85.607 E0.10408
G1 X66.132 Y87.873 E0.05653
G1 X66.112 Y90.43 E0.06379
G1 X66.148 Y92.464 E0.05075
G1 X66.148 Y94.339 E0.04677
G1 X69.189 Y94.316 E0.07586
G1 X70.532 Y94.284 E0.03351
G1 X71.903 Y94.276 E0.0342
G1 X73.809 Y94.296 E0.04755
G1 X76.017 Y94.372 E0.05511
G1 X77.557 Y94.404 E0.03842
G1 X80.16 Y94.42 E0.06493
G1 X80.844 Y94.412 E0.01706
G1 X83.485 Y94.428 E0.06588
G1 X85.345 Y94.504 E0.04644
G1 X88.3 Y94.544 E0.07372
G0 F7200 X88.298 Y94.944
;TYPE:WALL-OUTER
G1 F1800 X89.311 Y94.948 E0.02527
G1 X92.284 Y94.812 E0.07424
G1 X95.242 Y94.859 E0.0738
G1 X97.477 Y94.795 E0.05578
G1 X100.056 Y94.772 E0.06434
G1 X102.661 Y94.772 E0.06498
G1 X104.24 Y94.751 E0.03939
G1 X106.324 Y94.68 E0.05202
G1 X108.082 Y94.652 E0.04386
G1 X109.872 Y94.668 E0.04465
G1 X114.223 Y94.748 E0.10855
G1 X114.209 Y89.483 E0.13134
G1 X114.184 Y87.499 E0.0495
G1 X114.191 Y85.192 E0.05755
G1 X109.754 Y85.268 E0.1107
G1 X108.04 Y85.28 E0.04276
G1 X106.261 Y85.252 E0.04438
G1 X104.109 Y85.184 E0.05371
G1 X102.581 Y85.152 E0.03812
G1 X99.477 Y85.144 E0.07743
G1 X97.421 Y85.117 E0.05129
G1 X96.79 Y85.128 E0.01574
G1 X94.42 Y85.109 E0.05912
G1 X92.286 Y85.152 E0.05324
G1 X91.397 Y85.128 E0.02218
G1 X89.332 Y85.017 E0.05159
G1 X87.191 Y85.062 E0.05342
G1 X85.347 Y85.144 E0.04604
G1 X84.396 Y85.141 E0.02372
G1 X82.635 Y85.208 E0.04396
G1 X80.071 Y85.197 E0.06396
G1 X77.5 Y85.212 E0.06413
G1 X74.771 Y85.26 E0.06809
G1 X70.305 Y85.256 E0.1114
G1 X65.729 Y85.203 E0.11416
G1 X65.732 Y87.87 E0.06653
G1 X65.712 Y90.437 E0.06404
G1 X65.748 Y92.464 E0.05057
G1 X65.748 Y94.742 E0.05682
G1 X69.199 Y94.716 E0.08609
G1 X70.534 Y94.684 E0.03331
G1 X71.899 Y94.676 E0.03405
G1 X73.795 Y94.696 E0.0473
G1 X76.006 Y94.772 E0.05519
G1 X77.555 Y94.804 E0.03865
G1 X80.164 Y94.82 E0.06508
G1 X80.842 Y94.812 E0.01691
G1 X83.469 Y94.828 E0.06553
G1 X85.334 Y94.904 E0.04656
G1 X88.298 Y94.944 E0.07394
G0 F7200 X88.498 Y94.944
G0 X88.502 Y93.945
;MESH:NONMESH
G0 F600 X88.502 Y93.945 Z16.55
G0 F7200 X66.425 Y88.964
G0 X66.337 Y88.964
;TIME_ELAPSED:1244.481282
;LAYER:109
;TYPE:FILL
;MESH:pi 3mm_deformed_tet.stl
G1 F3600 X71.491 Y94.119 E0.18184
G1 X71.561 Y94.189
G0 F7200 X71.561 Y93.979
G0 X74.527 Y94.028
G0 X74.522 Y94.164
G1 F3600 X82.933 Y85.753 E0.29672
G1 X83.003 Y85.683
G0 F7200 X83.01 Y85.893
G0 X85.686 Y85.824
G0 X85.68 Y85.68
G1 F3600 X94.293 Y94.293 E0.30385
G1 X94.363 Y94.363
G0 F7200 X94.366 Y94.158
G0 X97.059 Y94.111
G0 X97.063 Y94.25
G1 F3600 X105.528 Y85.785 E0.29863
G1 X105.598 Y85.715
G0 F7200 X105.591 Y85.929
G0 X108.465 Y85.978
G0 X108.465 Y85.837
G1 F3600 X113.6 Y90.972 E0.18115
G1 X113.67 Y91.042
G0 F7200 X113.464 Y91.042
G0 X113.454 Y89.036
G0 X113.592 Y89.035
G1 F3600 X108.531 Y94.096 E0.17854
G1 X108.461 Y94.166
G0 F7200 X108.462 Y93.958
G0 X105.462 Y94.013
G0 X105.466 Y94.152
G1 F3600 X96.997 Y85.684 E0.29875
G1 X96.927 Y85.614
G0 F7200 X96.925 Y85.825
G0 X94.339 Y85.806
G0 X94.337 Y85.662
G1 F3600 X85.644 Y94.356 E0.30669
G1 X85.574 Y94.426
G0 F7200 X85.577 Y94.218
G0 X82.956 Y94.131
G0 X82.955 Y94.269
G1 F3600 X74.506 Y85.82 E0.29806
G1 X74.436 Y85.75
G0 F7200 X74.435 Y85.959
G0 X71.554 Y85.958
G0 X71.555 Y85.817
G1 F3600 X66.332 Y91.04 E0.18426
G1 X66.262 Y91.11
G0 F7200 X66.474 Y91.108
G0 X85.332 Y94.215
G0 X85.328 Y94.512
;TYPE:WALL-INNER
G1 F3600 X89.143 Y94.556 E0.09517
G1 X92.125 Y94.416 E0.07447
G1 X95.104 Y94.467 E0.07432
G1 X97.413 Y94.4 E0.05762
G1 X100.072 Y94.372 E0.06633
G1 X102.641 Y94.372 E0.06408
G1 X104.328 Y94.351 E0.04209
G1 X106.413 Y94.28 E0.05204
G1 X108.058 Y94.252 E0.04104
G1 X110.348 Y94.272 E0.05713
G1 X113.764 Y94.339 E0.08523
G1 X113.767 Y92.441 E0.04735
G1 X113.756 Y89.296 E0.07845
G1 X113.736 Y87.498 E0.04485
G1 X113.742 Y85.603 E0.04727
G1 X110.225 Y85.664 E0.08775
G1 X108.005 Y85.68 E0.05538
G1 X106.348 Y85.652 E0.04134
G1 X104.201 Y85.584 E0.05358
G1 X102.57 Y85.552 E0.04069
G1 X100.059 Y85.548 E0.06264
G1 X97.432 Y85.513 E0.06554
G1 X96.958 Y85.524 E0.01183
G1 X94.432 Y85.501 E0.06301
G1 X92.135 Y85.548 E0.05731
G1 X91.375 Y85.528 E0.01896
G1 X89.165 Y85.409 E0.05521
G1 X87.34 Y85.446 E0.04553
G1 X85.333 Y85.536 E0.05012
G1 X84.523 Y85.533 E0.02021
G1 X82.626 Y85.604 E0.04735
G1 X80.073 Y85.596 E0.06369
G1 X77.519 Y85.612 E0.06371
G1 X74.791 Y85.66 E0.06806
G1 X69.848 Y85.656 E0.1233
G1 X66.172 Y85.611 E0.09171
G1 X66.172 Y87.504 E0.04722
G1 X66.184 Y88.045 E0.0135
G1 X66.164 Y90.591 E0.06351
G1 X66.196 Y92.464 E0.04673
G1 X66.196 Y94.338 E0.04675
G1 X69.1 Y94.312 E0.07244
G1 X70.056 Y94.288 E0.02386
G1 X71.935 Y94.276 E0.04687
G1 X73.709 Y94.296 E0.04426
G1 X75.909 Y94.372 E0.05491
G1 X77.578 Y94.408 E0.04164
G1 X80.165 Y94.42 E0.06453
G1 X80.697 Y94.412 E0.01327
G1 X83.32 Y94.432 E0.06543
G1 X85.328 Y94.512 E0.05013
G0 F7200 X85.318 Y94.912
;TYPE:WALL-OUTER
G1 F1800 X89.151 Y94.956 E0.09562
G1 X92.144 Y94.816 E0.07474
G1 X95.106 Y94.867 E0.0739
G1 X97.417 Y94.8 E0.05767
G1 X100.072 Y94.772 E0.06623
G1 X102.646 Y94.772 E0.06421
G1 X104.342 Y94.751 E0.04231
G1 X106.42 Y94.68 E0.05187
G1 X108.054 Y94.652 E0.04077
G1 X110.34 Y94.672 E0.05703
G1 X114.169 Y94.748 E0.09553
G1 X114.156 Y89.292 E0.1361
G1 X114.136 Y87.499 E0.04473
G1 X114.143 Y85.196 E0.05745
G1 X110.222 Y85.264 E0.09782
G1 X108.012 Y85.28 E0.05513
G1 X106.361 Y85.252 E0.04119
G1 X104.209 Y85.184 E0.05371
G1 X102.57 Y85.152 E0.04089
G1 X100.065 Y85.148 E0.06249
G1 X97.43 Y85.113 E0.06574
G1 X96.962 Y85.124 E0.01168
G1 X94.424 Y85.101 E0.06331
G1 X92.146 Y85.148 E0.05684
G1 X91.397 Y85.128 E0.01869
G1 X89.172 Y85.009 E0.05558
G1 X87.322 Y85.046 E0.04616
G1 X85.335 Y85.136 E0.04962
G1 X84.516 Y85.133 E0.02043
G1 X82.627 Y85.204 E0.04715
G1 X80.071 Y85.196 E0.06376
G1 X77.512 Y85.212 E0.06384
G1 X74.791 Y85.26 E0.06789
G1 X69.853 Y85.256 E0.12318
G1 X65.772 Y85.207 E0.10181
G1 X65.772 Y87.513 E0.05752
G1 X65.784 Y88.042 E0.0132
G1 X65.764 Y90.597 E0.06374
G1 X65.796 Y92.464 E0.04658
G1 X65.796 Y94.742 E0.05682
G1 X69.11 Y94.712 E0.08267
G1 X70.058 Y94.688 E0.02366
G1 X71.931 Y94.676 E0.04672
G1 X73.695 Y94.696 E0.04401
G1 X75.927 Y94.772 E0.05571
G1 X77.576 Y94.808 E0.04114
G1 X80.171 Y94.82 E0.06473
G1 X80.694 Y94.812 E0.01305
G1 X83.304 Y94.832 E0.06511
G1 X85.318 Y94.912 E0.05028
G0 F7200 X85.518 Y94.914
G0 X85.531 Y93.917
;MESH:NONMESH
G0 F600 X85.531 Y93.917 Z16.7
G0 F7200 X66.476 Y89.013
G0 X66.385 Y89.013
;TIME_ELAPSED:1254.556227
;LAYER:110
;TYPE:FILL
;MESH:pi 3mm_deformed_tet.stl
G1 F3600 X71.491 Y94.119 E0.18013
G1 X71.561 Y94.189
G0 F7200 X71.561 Y93.98
G0 X74.523 Y94.03
G0 X74.518 Y94.168
G1 F3600 X82.933 Y85.753 E0.29686
G1 X83.003 Y85.683
G0 F7200 X83.01 Y85.89
G0 X85.681 Y85.816
G0 X85.676 Y85.676
G1 F3600 X94.303 Y94.303 E0.30434
G1 X94.373 Y94.373
G0 F7200 X94.376 Y94.166
G0 X97.058 Y94.113
G0 X97.062 Y94.252
G1 F3600 X105.529 Y85.785 E0.2987
G1 X105.599 Y85.715
G0 F7200 X105.592 Y85.927
G0 X108.461 Y85.976
G0 X108.461 Y85.834
G1 F3600 X113.548 Y90.92 E0.17944
G1 X113.618 Y90.99
G0 F7200 X113.41 Y90.99
G0 X113.405 Y89.085
G0 X113.543 Y89.084
G1 F3600 X108.53 Y94.097 E0.17685
G1 X108.46 Y94.167
G0 F7200 X108.461 Y93.959
G0 X105.463 Y94.016
G0 X105.467 Y94.153
G1 F3600 X96.993 Y85.679 E0.29894
G1 X96.923 Y85.609
G0 F7200 X96.921 Y85.817
G0 X94.347 Y85.798
G0 X94.345 Y85.655
G1 F3600 X85.636 Y94.364 E0.30723
G1 X85.566 Y94.434
G0 F7200 X85.569 Y94.226
G0 X82.962 Y94.135
G0 X82.961 Y94.274
G1 F3600 X74.502 Y85.816 E0.2984
G1 X74.432 Y85.746
G0 F7200 X74.431 Y85.958
G0 X71.555 Y85.958
G0 X71.556 Y85.816
G1 F3600 X66.377 Y90.995 E0.1827
G1 X66.307 Y91.065
G0 F7200 X66.52 Y91.063
G0 X85.316 Y94.224
G0 X85.312 Y94.52
;TYPE:WALL-INNER
G1 F3600 X88.989 Y94.563 E0.09173
G1 X91.981 Y94.424 E0.07472
G1 X94.967 Y94.475 E0.0745
G1 X97.422 Y94.4 E0.06127
G1 X100.047 Y94.376 E0.06548
G1 X102.629 Y94.372 E0.06441
G1 X104.425 Y94.347 E0.04481
G1 X106.512 Y94.28 E0.05209
G1 X108.03 Y94.252 E0.03787
G1 X110.813 Y94.276 E0.06942
G1 X113.717 Y94.336 E0.07246
G1 X113.704 Y89.135 E0.12974
G1 X113.688 Y87.502 E0.04074
G1 X113.694 Y85.607 E0.04727
G1 X110.688 Y85.66 E0.075
G1 X107.978 Y85.676 E0.0676
G1 X106.449 Y85.652 E0.03815
G1 X104.308 Y85.588 E0.05343
G1 X102.558 Y85.552 E0.04366
G1 X99.763 Y85.544 E0.06972
G1 X97.44 Y85.513 E0.05795
G1 X97.129 Y85.52 E0.00776
G1 X94.443 Y85.493 E0.06701
G1 X91.992 Y85.544 E0.06115
G1 X91.375 Y85.528 E0.0154
G1 X89.006 Y85.401 E0.05918
G1 X87.479 Y85.434 E0.0381
G1 X85.32 Y85.532 E0.05391
G1 X84.642 Y85.529 E0.01691
G1 X82.613 Y85.604 E0.05065
G1 X80.058 Y85.592 E0.06374
G1 X77.533 Y85.612 E0.06299
G1 X74.812 Y85.656 E0.06788
G1 X69.396 Y85.656 E0.1351
G1 X66.22 Y85.616 E0.07923
G1 X66.22 Y87.506 E0.04715
G1 X66.232 Y88.221 E0.01784
G1 X66.212 Y90.751 E0.06311
G1 X66.244 Y92.46 E0.04264
G1 X66.244 Y94.332 E0.0467
G1 X69.579 Y94.292 E0.0832
G1 X71.968 Y94.276 E0.0596
G1 X73.609 Y94.296 E0.04094
G1 X75.805 Y94.372 E0.05481
G1 X77.585 Y94.408 E0.04441
G1 X80.12 Y94.424 E0.06324
G1 X80.549 Y94.416 E0.0107
G1 X83.152 Y94.436 E0.06493
G1 X85.312 Y94.52 E0.05392
G0 F7200 X85.302 Y94.92
;TYPE:WALL-OUTER
G1 F1800 X88.996 Y94.963 E0.09215
G1 X92 Y94.824 E0.07502
G1 X94.97 Y94.875 E0.0741
G1 X97.426 Y94.8 E0.06129
G1 X100.047 Y94.776 E0.06538
G1 X102.635 Y94.772 E0.06456
G1 X104.438 Y94.747 E0.04498
G1 X106.52 Y94.68 E0.05196
G1 X108.026 Y94.652 E0.03757
G1 X110.805 Y94.676 E0.06933
G1 X114.121 Y94.744 E0.08274
G1 X114.104 Y89.131 E0.14002
G1 X114.088 Y87.503 E0.04061
G1 X114.095 Y85.2 E0.05745
G1 X110.686 Y85.26 E0.08505
G1 X107.984 Y85.276 E0.0674
G1 X106.461 Y85.252 E0.038
G1 X104.316 Y85.188 E0.05353
G1 X102.559 Y85.152 E0.04384
G1 X99.769 Y85.144 E0.0696
G1 X97.438 Y85.113 E0.05815
G1 X97.133 Y85.12 E0.00761
G1 X94.435 Y85.093 E0.06731
G1 X92.002 Y85.144 E0.0607
G1 X91.397 Y85.128 E0.0151
G1 X89.012 Y85.001 E0.05958
G1 X87.461 Y85.034 E0.0387
G1 X85.322 Y85.132 E0.05341
G1 X84.636 Y85.129 E0.01711
G1 X82.615 Y85.204 E0.05045
G1 X80.055 Y85.192 E0.06386
G1 X77.527 Y85.212 E0.06306
G1 X74.812 Y85.256 E0.06773
G1 X69.401 Y85.256 E0.13498
G1 X65.82 Y85.211 E0.08934
G1 X65.82 Y87.512 E0.0574
G1 X65.832 Y88.218 E0.01761
G1 X65.812 Y90.758 E0.06336
G1 X65.844 Y92.46 E0.04246
G1 X65.844 Y94.737 E0.0568
G1 X69.582 Y94.692 E0.09325
G1 X71.963 Y94.676 E0.0594
G1 X73.595 Y94.696 E0.04071
G1 X75.794 Y94.772 E0.05489
G1 X77.583 Y94.808 E0.04464
G1 X80.122 Y94.824 E0.06334
G1 X80.546 Y94.816 E0.01058
G1 X83.136 Y94.836 E0.06461
G1 X85.302 Y94.92 E0.05407
G0 F7200 X85.502 Y94.922
G0 X85.513 Y93.926
;MESH:NONMESH
G0 F600 X85.513 Y93.926 Z16.85
G0 F7200 X66.527 Y89.066
G0 X66.438 Y89.066
;TIME_ELAPSED:1264.612690
;LAYER:111
;TYPE:FILL
;MESH:pi 3mm_deformed_tet.stl
G1 F3600 X71.493 Y94.12 E0.17831
G1 X71.563 Y94.19
G0 F7200 X71.563 Y93.981
G0 X74.52 Y94.033
G0 X74.515 Y94.171
G1 F3600 X82.934 Y85.752 E0.297
G1 X83.004 Y85.682
G0 F7200 X83.011 Y85.889
G0 X85.674 Y85.808
G0 X85.669 Y85.669
G1 F3600 X94.31 Y94.31 E0.30483
G1 X94.38 Y94.38
G0 F7200 X94.383 Y94.175
G0 X97.054 Y94.115
G0 X97.058 Y94.255
G1 F3600 X105.531 Y85.783 E0.29889
G1 X105.601 Y85.713
G0 F7200 X105.595 Y85.925
G0 X108.461 Y85.974
G0 X108.461 Y85.834
G1 F3600 X113.497 Y90.87 E0.17766
G1 X113.567 Y90.94
G0 F7200 X113.359 Y90.94
G0 X113.355 Y89.135
G0 X113.492 Y89.135
G1 F3600 X108.527 Y94.1 E0.17515
G1 X108.457 Y94.17
G0 F7200 X108.458 Y93.962
G0 X105.466 Y94.018
G0 X105.47 Y94.156
G1 F3600 X96.98 Y85.666 E0.29951
G1 X96.91 Y85.596
G0 F7200 X96.909 Y85.806
G0 X94.351 Y85.791
G0 X94.349 Y85.651
G1 F3600 X85.624 Y94.375 E0.30778
G1 X85.554 Y94.445
G0 F7200 X85.557 Y94.235
G0 X82.963 Y94.139
G0 X82.962 Y94.276
G1 F3600 X74.502 Y85.816 E0.29845
G1 X74.432 Y85.746
G0 F7200 X74.432 Y85.958
G0 X71.556 Y85.958
G0 X71.556 Y85.816
G1 F3600 X66.425 Y90.947 E0.18101
G1 X66.355 Y91.017
G0 F7200 X66.567 Y91.015
G0 X83.001 Y94.141
G0 X82.989 Y94.436
;TYPE:WALL-INNER
G1 F3600 X85.296 Y94.532 E0.0576
G1 X88.829 Y94.568 E0.08814
G1 X91.867 Y94.428 E0.07586
G1 X94.836 Y94.479 E0.07407
G1 X97.441 Y94.404 E0.06501
G1 X100.039 Y94.376 E0.06481
G1 X102.611 Y94.371 E0.06416
G1 X104.531 Y94.347 E0.0479
G1 X106.609 Y94.28 E0.05186
G1 X107.997 Y94.256 E0.03463
G1 X111.1 Y94.28 E0.07741
G1 X113.668 Y94.332 E0.06407
G1 X113.652 Y88.979 E0.13353
G1 X113.636 Y87.501 E0.03687
G1 X113.645 Y85.611 E0.04715
G1 X111.12 Y85.656 E0.063
G1 X107.953 Y85.676 E0.079
G1 X106.551 Y85.652 E0.03498
G1 X104.418 Y85.592 E0.05323
G1 X102.547 Y85.552 E0.04668
G1 X99.911 Y85.544 E0.06576
G1 X97.408 Y85.508 E0.06244
G1 X94.461 Y85.489 E0.07351
G1 X91.667 Y85.544 E0.06971
G1 X88.849 Y85.393 E0.0704
G1 X87.664 Y85.416 E0.02957
G1 X85.307 Y85.524 E0.05886
G1 X84.762 Y85.521 E0.0136
G1 X82.632 Y85.604 E0.05317
G1 X80.078 Y85.593 E0.06371
G1 X77.539 Y85.612 E0.06334
G1 X74.836 Y85.656 E0.06744
G1 X68.859 Y85.656 E0.1491
G1 X66.268 Y85.621 E0.06464
G1 X66.268 Y87.506 E0.04702
G1 X66.284 Y88.393 E0.02213
G1 X66.264 Y90.909 E0.06276
G1 X66.288 Y92.459 E0.03867
G1 X66.291 Y94.33 E0.04667
G1 X72.001 Y94.276 E0.14244
G1 X73.509 Y94.296 E0.03762
G1 X75.697 Y94.372 E0.05461
G1 X77.606 Y94.408 E0.04763
G1 X82.989 Y94.436 E0.13428
G0 F7200 X82.973 Y94.836
;TYPE:WALL-OUTER
G1 F1800 X85.286 Y94.932 E0.05775
G1 X88.836 Y94.968 E0.08856
G1 X91.86 Y94.828 E0.07551
G1 X94.838 Y94.879 E0.0743
G1 X97.445 Y94.804 E0.06506
G1 X100.039 Y94.776 E0.06471
G1 X102.616 Y94.771 E0.06428
G1 X104.544 Y94.747 E0.0481
G1 X106.616 Y94.68 E0.05171
G1 X107.994 Y94.656 E0.03438
G1 X111.092 Y94.68 E0.07728
G1 X114.073 Y94.74 E0.07438
G1 X114.064 Y94.053 E0.01714
G1 X114.052 Y88.975 E0.12667
G1 X114.036 Y87.503 E0.03672
G1 X114.047 Y85.204 E0.05735
G1 X111.118 Y85.256 E0.07308
G1 X107.96 Y85.276 E0.07878
G1 X106.562 Y85.252 E0.03488
G1 X104.427 Y85.192 E0.05328
G1 X102.548 Y85.152 E0.04688
G1 X99.917 Y85.144 E0.06563
G1 X97.411 Y85.108 E0.06252
G1 X94.453 Y85.089 E0.07379
G1 X91.689 Y85.144 E0.06896
G1 X88.856 Y84.993 E0.07077
G1 X87.651 Y85.016 E0.03006
G1 X85.31 Y85.124 E0.05846
G1 X84.756 Y85.121 E0.01382
G1 X82.607 Y85.204 E0.05365
G1 X80.075 Y85.193 E0.06316
G1 X77.533 Y85.212 E0.06341
G1 X74.836 Y85.256 E0.06729
G1 X68.865 Y85.256 E0.14895
G1 X65.868 Y85.215 E0.07477
G1 X65.868 Y87.513 E0.05732
G1 X65.884 Y88.39 E0.02188
G1 X65.864 Y90.915 E0.06299
G1 X65.888 Y92.459 E0.03852
G1 X65.892 Y94.734 E0.05675
G1 X71.995 Y94.676 E0.15225
G1 X73.495 Y94.696 E0.03742
G1 X75.686 Y94.772 E0.05469
G1 X77.604 Y94.808 E0.04785
G1 X82.973 Y94.836 E0.13393
G0 F7200 X83.172 Y94.844
G0 X83.213 Y93.849
;MESH:NONMESH
G0 F600 X83.213 Y93.849 Z17
G0 F7200 X66.578 Y89.115
G0 X66.487 Y89.115
;TIME_ELAPSED:1274.613213
;LAYER:112
;TYPE:FILL
;MESH:pi 3mm_deformed_tet.stl
G1 F3600 X71.496 Y94.124 E0.17671
G1 X71.566 Y94.194
G0 F7200 X71.566 Y93.982
G0 X74.518 Y94.036
G0 X74.513 Y94.172
G1 F3600 X82.938 Y85.748 E0.2972
G1 X83.008 Y85.678
G0 F7200 X83.015 Y85.886
G0 X85.665 Y85.801
G0 X85.66 Y85.66
G1 F3600 X94.32 Y94.32 E0.3055
G1 X94.39 Y94.39
G0 F7200 X94.393 Y94.184
G0 X97.051 Y94.118
G0 X97.055 Y94.258
G1 F3600 X105.531 Y85.783 E0.299
G1 X105.601 Y85.713
G0 F7200 X105.595 Y85.924
G0 X108.46 Y85.973
G0 X108.46 Y85.832
G1 F3600 X113.45 Y90.822 E0.17604
G1 X113.52 Y90.892
G0 F7200 X113.309 Y90.892
G0 X113.305 Y89.182
G0 X113.445 Y89.182
G1 F3600 X108.525 Y94.102 E0.17357
G1 X108.455 Y94.172
G0 F7200 X108.456 Y93.964
G0 X105.469 Y94.02
G0 X105.473 Y94.16
G1 F3600 X96.983 Y85.67 E0.29951
G1 X96.913 Y85.6
G0 F7200 X96.91 Y85.808
G0 X94.359 Y85.784
G0 X94.357 Y85.643
G1 F3600 X85.616 Y94.384 E0.30836
G1 X85.546 Y94.454
G0 F7200 X85.549 Y94.244
G0 X82.977 Y94.15
G0 X82.972 Y94.286
G1 F3600 X74.502 Y85.816 E0.2988
G1 X74.432 Y85.746
G0 F7200 X74.432 Y85.957
G0 X71.556 Y85.957
G0 X71.556 Y85.816
G1 F3600 X66.474 Y90.899 E0.1793
G1 X66.404 Y90.969
G0 F7200 X66.614 Y90.97
G0 X91.671 Y94.138
G0 X91.684 Y94.436
;TYPE:WALL-INNER
G1 F3600 X94.7 Y94.487 E0.07525
G1 X97.518 Y94.404 E0.07033
G1 X100.066 Y94.38 E0.06356
G1 X102.601 Y94.375 E0.06324
G1 X104.633 Y94.347 E0.05069
G1 X106.708 Y94.28 E0.05179
G1 X107.97 Y94.256 E0.03149
G1 X111.485 Y94.288 E0.08769
G1 X113.621 Y94.332 E0.05329
G1 X113.604 Y88.818 E0.13755
G1 X113.588 Y87.505 E0.03276
G1 X113.597 Y85.615 E0.04715
G1 X111.389 Y85.652 E0.05509
G1 X107.922 Y85.676 E0.08649
G1 X106.645 Y85.656 E0.03186
G1 X104.515 Y85.592 E0.05316
G1 X102.539 Y85.552 E0.0493
G1 X100.039 Y85.544 E0.06236
G1 X94.46 Y85.481 E0.13918
G1 X91.587 Y85.54 E0.07168
G1 X88.69 Y85.385 E0.07237
G1 X87.748 Y85.406 E0.0235
G1 X85.3 Y85.516 E0.06113
G1 X84.884 Y85.516 E0.01038
G1 X82.594 Y85.6 E0.05716
G1 X80.082 Y85.593 E0.06266
G1 X77.559 Y85.612 E0.06294
G1 X74.856 Y85.656 E0.06744
G1 X68.635 Y85.656 E0.15518
G1 X66.316 Y85.625 E0.05785
G1 X66.316 Y87.509 E0.047
G1 X66.332 Y88.569 E0.02644
G1 X66.312 Y91.073 E0.06246
G1 X66.336 Y92.459 E0.03458
G1 X66.34 Y94.327 E0.0466
G1 X72.027 Y94.28 E0.14187
G1 X73.412 Y94.296 E0.03455
G1 X75.613 Y94.368 E0.05493
G1 X77.621 Y94.412 E0.0501
G1 X82.821 Y94.44 E0.12972
G1 X85.28 Y94.54 E0.06139
G1 X88.673 Y94.576 E0.08464
G1 X91.684 Y94.436 E0.07519
G0 F7200 X91.716 Y94.836
;TYPE:WALL-OUTER
G1 F1800 X94.702 Y94.887 E0.0745
G1 X97.522 Y94.804 E0.07038
G1 X100.066 Y94.78 E0.06346
G1 X102.607 Y94.775 E0.06339
G1 X104.646 Y94.747 E0.05087
G1 X106.716 Y94.68 E0.05166
G1 X107.966 Y94.656 E0.03119
G1 X111.477 Y94.688 E0.08759
G1 X114.025 Y94.74 E0.06357
G1 X114.004 Y88.813 E0.14785
G1 X113.988 Y87.507 E0.03258
G1 X113.999 Y85.208 E0.05735
G1 X111.386 Y85.252 E0.06519
G1 X107.928 Y85.276 E0.08626
G1 X106.657 Y85.256 E0.03171
G1 X104.523 Y85.192 E0.05326
G1 X102.54 Y85.152 E0.04948
G1 X100.043 Y85.144 E0.06229
G1 X94.452 Y85.081 E0.13948
G1 X91.609 Y85.14 E0.07093
G1 X88.696 Y84.985 E0.07277
G1 X87.73 Y85.006 E0.0241
G1 X85.3 Y85.116 E0.06068
G1 X84.876 Y85.116 E0.01058
G1 X82.595 Y85.2 E0.05694
G1 X80.079 Y85.193 E0.06276
G1 X77.553 Y85.212 E0.06301
G1 X74.856 Y85.256 E0.06729
G1 X68.641 Y85.256 E0.15503
G1 X65.916 Y85.219 E0.06798
G1 X65.916 Y87.515 E0.05727
G1 X65.932 Y88.566 E0.02622
G1 X65.912 Y91.08 E0.06271
G1 X65.936 Y92.459 E0.0344
G1 X65.94 Y94.73 E0.05665
G1 X72.023 Y94.68 E0.15175
G1 X73.399 Y94.696 E0.03433
G1 X75.604 Y94.768 E0.05503
G1 X77.619 Y94.812 E0.05028
G1 X82.805 Y94.84 E0.12937
G1 X85.27 Y94.94 E0.06154
G1 X88.68 Y94.976 E0.08507
G1 X91.716 Y94.836 E0.07581
G0 F7200 X91.916 Y94.839
G0 X91.934 Y93.84
;MESH:NONMESH
G0 F600 X91.934 Y93.84 Z17.15
G0 F7200 X66.629 Y89.168
G0 X66.54 Y89.168
;TIME_ELAPSED:1284.738189
;LAYER:113
;TYPE:FILL
;MESH:pi 3mm_deformed_tet.stl
G1 F3600 X71.496 Y94.123 E0.17482
G1 X71.566 Y94.193
G0 F7200 X71.566 Y93.983
G0 X74.516 Y94.038
G0 X74.511 Y94.175
G1 F3600 X82.94 Y85.746 E0.29736
G1 X83.01 Y85.676
G0 F7200 X83.017 Y85.885
G0 X85.658 Y85.794
G0 X85.653 Y85.653
G1 F3600 X94.331 Y94.331 E0.30614
G1 X94.401 Y94.401
G0 F7200 X94.404 Y94.194
G0 X97.051 Y94.122
G0 X97.054 Y94.259
G1 F3600 X105.532 Y85.781 E0.29908
G1 X105.602 Y85.711
G0 F7200 X105.596 Y85.922
G0 X108.457 Y85.972
G0 X108.457 Y85.829
G1 F3600 X113.395 Y90.768 E0.17422
G1 X113.465 Y90.838
G0 F7200 X113.258 Y90.838
G0 X113.254 Y89.239
G0 X113.387 Y89.24
G1 F3600 X108.523 Y94.105 E0.17161
G1 X108.453 Y94.175
G0 F7200 X108.454 Y93.966
G0 X105.468 Y94.022
G0 X105.472 Y94.158
G1 F3600 X96.965 Y85.651 E0.30011
G1 X96.895 Y85.581
G0 F7200 X96.894 Y85.791
G0 X94.366 Y85.777
G0 X94.364 Y85.636
G1 F3600 X85.607 Y94.392 E0.30891
G1 X85.537 Y94.462
G0 F7200 X85.54 Y94.253
G0 X82.989 Y94.159
G0 X82.983 Y94.297
G1 F3600 X74.499 Y85.812 E0.29931
G1 X74.429 Y85.742
G0 F7200 X74.429 Y85.956
G0 X71.558 Y85.956
G0 X71.558 Y85.814
G1 F3600 X66.527 Y90.845 E0.17748
G1 X66.457 Y90.915
G0 F7200 X66.666 Y90.916
G0 X85.268 Y94.25
G0 X85.264 Y94.548
;TYPE:WALL-INNER
G1 F3600 X88.517 Y94.583 E0.08115
G1 X91.543 Y94.44 E0.07557
G1 X94.548 Y94.495 E0.07497
G1 X97.442 Y94.408 E0.07222
G1 X100.057 Y94.384 E0.06523
G1 X102.588 Y94.375 E0.06314
G1 X104.734 Y94.343 E0.05354
G1 X106.807 Y94.276 E0.05174
G1 X107.941 Y94.26 E0.02829
G1 X111.757 Y94.287 E0.09519
G1 X113.572 Y94.326 E0.04529
G1 X113.564 Y93.686 E0.01597
G1 X113.567 Y92.438 E0.03113
G1 X113.54 Y87.509 E0.12296
G1 X113.549 Y85.619 E0.04715
G1 X111.645 Y85.652 E0.0475
G1 X107.899 Y85.672 E0.09345
G1 X106.746 Y85.656 E0.02876
G1 X104.622 Y85.596 E0.053
G1 X102.522 Y85.553 E0.0524
G1 X99.995 Y85.548 E0.06304
G1 X97.426 Y85.508 E0.06409
G1 X97.258 Y85.492 E0.00421
G1 X94.479 Y85.473 E0.06932
G1 X91.553 Y85.532 E0.073
G1 X88.53 Y85.377 E0.07551
G1 X87.936 Y85.388 E0.01482
G1 X85.292 Y85.508 E0.06602
G1 X85.004 Y85.508 E0.00718
G1 X82.586 Y85.6 E0.06036
G1 X80.102 Y85.593 E0.06196
G1 X77.572 Y85.612 E0.06311
G1 X74.877 Y85.652 E0.06723
G1 X68.374 Y85.656 E0.16222
G1 X66.364 Y85.626 E0.05015
G1 X66.364 Y87.509 E0.04697
G1 X66.384 Y88.741 E0.03074
G1 X66.364 Y91.235 E0.06222
G1 X66.384 Y92.455 E0.03044
G1 X66.388 Y94.324 E0.04662
G1 X68.476 Y94.3 E0.05209
G1 X72.06 Y94.28 E0.0894
G1 X73.312 Y94.296 E0.03123
G1 X75.511 Y94.368 E0.05488
G1 X77.629 Y94.412 E0.05285
G1 X82.652 Y94.444 E0.1253
G1 X85.264 Y94.548 E0.06521
G0 F7200 X85.254 Y94.948
;TYPE:WALL-OUTER
G1 F1800 X88.524 Y94.983 E0.08158
G1 X91.595 Y94.84 E0.07669
G1 X94.55 Y94.895 E0.07373
G1 X97.446 Y94.808 E0.07227
G1 X100.058 Y94.784 E0.06516
G1 X102.594 Y94.775 E0.06326
G1 X104.747 Y94.743 E0.05371
G1 X106.813 Y94.676 E0.05156
G1 X107.938 Y94.66 E0.02807
G1 X111.749 Y94.687 E0.09507
G1 X113.977 Y94.735 E0.05559
G1 X113.964 Y93.687 E0.02614
G1 X113.967 Y92.439 E0.03113
G1 X113.94 Y87.511 E0.12293
G1 X113.951 Y85.212 E0.05735
G1 X111.643 Y85.252 E0.05758
G1 X107.905 Y85.272 E0.09325
G1 X106.758 Y85.256 E0.02861
G1 X104.63 Y85.196 E0.0531
G1 X102.522 Y85.153 E0.0526
G1 X100.001 Y85.148 E0.06289
G1 X97.423 Y85.107 E0.06432
G1 X97.28 Y85.092 E0.00359
G1 X94.471 Y85.073 E0.07007
G1 X91.573 Y85.132 E0.07231
G1 X88.536 Y84.977 E0.07586
G1 X87.923 Y84.988 E0.01529
G1 X85.292 Y85.108 E0.0657
G1 X84.996 Y85.108 E0.00738
G1 X82.587 Y85.2 E0.06014
G1 X80.099 Y85.193 E0.06206
G1 X77.566 Y85.212 E0.06319
G1 X74.877 Y85.252 E0.06708
G1 X68.38 Y85.256 E0.16207
G1 X65.964 Y85.22 E0.06027
G1 X65.964 Y87.515 E0.05725
G1 X65.984 Y88.738 E0.03051
G1 X65.964 Y91.241 E0.06244
G1 X65.984 Y92.455 E0.03029
G1 X65.988 Y94.729 E0.05673
G1 X68.478 Y94.7 E0.06212
G1 X72.055 Y94.68 E0.08923
G1 X73.299 Y94.696 E0.03103
G1 X75.503 Y94.768 E0.05501
G1 X77.627 Y94.812 E0.05299
G1 X82.636 Y94.844 E0.12495
G1 X85.254 Y94.948 E0.06536
G0 F7200 X85.454 Y94.95
G0 X85.465 Y93.952
;MESH:NONMESH
G0 F600 X85.465 Y93.952 Z17.3
G0 F7200 X66.68 Y89.216
G0 X66.589 Y89.216
;TIME_ELAPSED:1294.739631
;LAYER:114
;TYPE:FILL
;MESH:pi 3mm_deformed_tet.stl
G1 F3600 X71.496 Y94.123 E0.17311
G1 X71.566 Y94.193
G0 F7200 X71.566 Y93.984
G0 X74.512 Y94.041
G0 X74.507 Y94.179
G1 F3600 X82.941 Y85.745 E0.29753
G1 X83.011 Y85.675
G0 F7200 X83.018 Y85.883
G0 X85.65 Y85.787
G0 X85.645 Y85.645
G1 F3600 X94.343 Y94.343 E0.30685
G1 X94.413 Y94.413
G0 F7200 X94.417 Y94.209
G0 X97.04 Y94.131
G0 X97.044 Y94.269
G1 F3600 X105.535 Y85.778 E0.29954
G1 X105.605 Y85.708
G0 F7200 X105.599 Y85.922
G0 X108.457 Y85.97
G0 X108.457 Y85.829
G1 F3600 X113.349 Y90.721 E0.17258
G1 X113.419 Y90.791
G0 F7200 X113.209 Y90.792
G0 X113.203 Y89.289
G0 X113.337 Y89.29
G1 F3600 X108.522 Y94.105 E0.16986
G1 X108.452 Y94.175
G0 F7200 X108.453 Y93.967
G0 X105.472 Y94.024
G0 X105.476 Y94.162
G1 F3600 X96.953 Y85.639 E0.30067
G1 X96.883 Y85.569
G0 F7200 X96.882 Y85.779
G0 X94.378 Y85.765
G0 X94.376 Y85.624
G1 F3600 X85.599 Y94.401 E0.30963
G1 X85.529 Y94.471
G0 F7200 X85.532 Y94.262
G0 X82.996 Y94.168
G0 X82.99 Y94.304
G1 F3600 X74.499 Y85.812 E0.29956
G1 X74.429 Y85.742
G0 F7200 X74.429 Y85.955
G0 X71.561 Y85.955
G0 X71.561 Y85.812
G1 F3600 X66.577 Y90.795 E0.17581
G1 X66.507 Y90.865
G0 F7200 X66.718 Y90.866
G0 X91.37 Y94.151
G0 X91.383 Y94.448
;TYPE:WALL-INNER
G1 F3600 X94.556 Y94.507 E0.07916
G1 X97.449 Y94.416 E0.0722
G1 X99.827 Y94.392 E0.05932
G1 X100.184 Y94.376 E0.00891
G1 X102.582 Y94.376 E0.05982
G1 X104.84 Y94.343 E0.05633
G1 X106.906 Y94.276 E0.05156
G1 X107.913 Y94.26 E0.02512
G1 X112.033 Y94.292 E0.10278
G1 X113.525 Y94.322 E0.03723
G1 X113.516 Y93.508 E0.02031
G1 X113.516 Y91.433 E0.05176
G1 X113.5 Y89.967 E0.03657
G1 X113.492 Y87.509 E0.06132
G1 X113.5 Y85.62 E0.04712
G1 X111.916 Y85.648 E0.03952
G1 X107.87 Y85.672 E0.10093
G1 X106.846 Y85.656 E0.02555
G1 X104.723 Y85.596 E0.05298
G1 X102.684 Y85.556 E0.05087
G1 X99.997 Y85.548 E0.06703
G1 X99.772 Y85.536 E0.00562
G1 X97.415 Y85.504 E0.0588
G1 X97.127 Y85.48 E0.00721
G1 X94.549 Y85.46 E0.06431
G1 X91.38 Y85.528 E0.07907
G1 X88.297 Y85.365 E0.07701
G1 X85.303 Y85.5 E0.07476
G1 X82.554 Y85.6 E0.06862
G1 X80.251 Y85.585 E0.05745
G1 X79.953 Y85.596 E0.00744
G1 X77.574 Y85.612 E0.05935
G1 X74.9 Y85.652 E0.06671
G1 X68.111 Y85.652 E0.16935
G1 X66.412 Y85.629 E0.04239
G1 X66.412 Y87.512 E0.04697
G1 X66.432 Y88.913 E0.03495
G1 X66.412 Y91.399 E0.06202
G1 X66.432 Y92.456 E0.02637
G1 X66.432 Y94.32 E0.0465
G1 X68.33 Y94.3 E0.04735
G1 X72.093 Y94.28 E0.09387
G1 X73.216 Y94.296 E0.02802
G1 X75.376 Y94.368 E0.05391
G1 X77.656 Y94.412 E0.05689
G1 X80.283 Y94.422 E0.06553
G1 X82.501 Y94.444 E0.05533
G1 X85.248 Y94.556 E0.06858
G1 X88.357 Y94.591 E0.07756
G1 X91.383 Y94.448 E0.07557
G0 F7200 X91.37 Y94.151
G0 X85.247 Y94.259
G0 X85.238 Y94.956
;TYPE:WALL-OUTER
G1 F1800 X88.364 Y94.991 E0.07798
G1 X91.428 Y94.848 E0.07651
G1 X94.558 Y94.907 E0.07809
G1 X97.453 Y94.816 E0.07225
G1 X99.838 Y94.792 E0.0595
G1 X100.208 Y94.776 E0.00924
G1 X102.588 Y94.776 E0.05937
G1 X104.853 Y94.743 E0.05651
G1 X106.912 Y94.676 E0.05139
G1 X107.91 Y94.66 E0.0249
G1 X112.025 Y94.692 E0.10265
G1 X113.929 Y94.731 E0.04751
G1 X113.916 Y93.508 E0.03051
G1 X113.916 Y91.429 E0.05186
G1 X113.9 Y89.967 E0.03647
G1 X113.892 Y87.511 E0.06127
G1 X113.902 Y85.212 E0.05735
G1 X111.914 Y85.248 E0.0496
G1 X107.876 Y85.272 E0.10073
G1 X106.858 Y85.256 E0.0254
G1 X104.731 Y85.196 E0.05308
G1 X102.685 Y85.156 E0.05105
G1 X100.017 Y85.148 E0.06655
G1 X99.785 Y85.136 E0.00579
G1 X97.414 Y85.104 E0.05915
G1 X97.146 Y85.08 E0.00671
G1 X94.546 Y85.06 E0.06486
G1 X91.401 Y85.128 E0.07847
G1 X88.299 Y84.965 E0.07749
G1 X85.288 Y85.1 E0.07519
G1 X82.557 Y85.2 E0.06817
G1 X80.244 Y85.185 E0.0577
G1 X79.95 Y85.196 E0.00734
G1 X77.568 Y85.212 E0.05942
G1 X74.9 Y85.252 E0.06656
G1 X68.117 Y85.252 E0.1692
G1 X66.012 Y85.223 E0.05251
G1 X66.012 Y87.518 E0.05725
G1 X66.032 Y88.91 E0.03473
G1 X66.012 Y91.406 E0.06226
G1 X66.032 Y92.456 E0.0262
G1 X66.032 Y94.725 E0.0566
G1 X68.332 Y94.7 E0.05738
G1 X72.087 Y94.68 E0.09367
G1 X73.203 Y94.696 E0.02784
G1 X75.366 Y94.768 E0.05399
G1 X77.654 Y94.812 E0.05708
G1 X80.279 Y94.822 E0.06548
G1 X82.485 Y94.844 E0.05503
G1 X85.238 Y94.956 E0.06873
G0 F7200 X85.438 Y94.958
G0 X85.45 Y93.961
;MESH:NONMESH
G0 F600 X85.45 Y93.961 Z17.45
G0 F7200 X66.731 Y89.269
G0 X66.641 Y89.269
;TIME_ELAPSED:1304.951750
;LAYER:115
;TYPE:FILL
;MESH:pi 3mm_deformed_tet.stl
G1 F3600 X71.496 Y94.124 E0.17127
G1 X71.566 Y94.194
G0 F7200 X71.566 Y93.985
G0 X74.51 Y94.043
G0 X74.505 Y94.181
G1 F3600 X82.951 Y85.735 E0.29796
G1 X83.021 Y85.665
G0 F7200 X83.027 Y85.874
G0 X85.642 Y85.778
G0 X85.637 Y85.637
G1 F3600 X94.359 Y94.359 E0.30769
G1 X94.429 Y94.429
G0 F7200 X94.433 Y94.224
G0 X97.033 Y94.139
G0 X97.036 Y94.277
G1 F3600 X105.536 Y85.777 E0.29986
G1 X105.606 Y85.707
G0 F7200 X105.6 Y85.92
G0 X108.456 Y85.969
G0 X108.456 Y85.829
G1 F3600 X113.295 Y90.667 E0.17069
G1 X113.365 Y90.737
G0 F7200 X113.158 Y90.737
G0 X113.152 Y89.338
G0 X113.288 Y89.339
G1 F3600 X108.518 Y94.109 E0.16827
G1 X108.448 Y94.179
G0 F7200 X108.449 Y93.969
G0 X105.472 Y94.026
G0 X105.476 Y94.162
G1 F3600 X96.938 Y85.624 E0.3012
G1 X96.868 Y85.554
G0 F7200 X96.867 Y85.766
G0 X94.391 Y85.752
G0 X94.389 Y85.611
G1 F3600 X85.587 Y94.412 E0.3105
G1 X85.517 Y94.482
G0 F7200 X85.52 Y94.275
G0 X83.007 Y94.177
G0 X83.001 Y94.315
G1 F3600 X74.499 Y85.812 E0.29995
G1 X74.429 Y85.742
G0 F7200 X74.429 Y85.954
G0 X71.561 Y85.954
G0 X71.561 Y85.812
G1 F3600 X66.631 Y90.742 E0.17392
G1 X66.561 Y90.812
G0 F7200 X66.769 Y90.813
G0 X85.233 Y94.272
G0 X85.229 Y94.568
;TYPE:WALL-INNER
G1 F3600 X88.206 Y94.603 E0.07427
G1 X91.436 Y94.464 E0.08065
G1 X94.549 Y94.523 E0.07767
G1 X94.835 Y94.5 E0.00716
G1 X97.454 Y94.424 E0.06536
G1 X99.693 Y94.404 E0.05585
G1 X100.292 Y94.372 E0.01496
G1 X102.568 Y94.372 E0.05678
G1 X104.938 Y94.339 E0.05913
G1 X107.003 Y94.276 E0.05154
G1 X107.885 Y94.264 E0.022
G1 X112.305 Y94.296 E0.11026
G1 X113.478 Y94.319 E0.02927
G1 X113.464 Y93.328 E0.02472
G1 X113.464 Y91.594 E0.04325
G1 X113.448 Y89.97 E0.04051
G1 X113.451 Y88.334 E0.04081
G1 X113.44 Y87.512 E0.02051
G1 X113.452 Y85.624 E0.0471
G1 X112.184 Y85.649 E0.03164
G1 X107.841 Y85.672 E0.10834
G1 X104.823 Y85.6 E0.07531
G1 X102.319 Y85.556 E0.06247
G1 X99.97 Y85.552 E0.0586
G1 X99.623 Y85.532 E0.00867
G1 X97.36 Y85.502 E0.05646
G1 X96.988 Y85.464 E0.00933
G1 X94.493 Y85.449 E0.06224
G1 X91.527 Y85.516 E0.07401
G1 X88.223 Y85.361 E0.08251
G1 X85.29 Y85.492 E0.07324
G1 X82.564 Y85.588 E0.06804
G1 X80.37 Y85.577 E0.05473
G1 X79.817 Y85.596 E0.0138
G1 X77.598 Y85.612 E0.05535
G1 X74.92 Y85.652 E0.06681
G1 X67.847 Y85.652 E0.17644
G1 X66.46 Y85.633 E0.0346
G1 X66.46 Y87.513 E0.0469
G1 X66.484 Y89.089 E0.03932
G1 X66.464 Y91.555 E0.06152
G1 X66.476 Y92.451 E0.02235
G1 X66.48 Y94.318 E0.04657
G1 X72.124 Y94.28 E0.14079
G1 X73.118 Y94.292 E0.0248
G1 X75.269 Y94.368 E0.05369
G1 X77.554 Y94.412 E0.05701
G1 X79.876 Y94.42 E0.05792
G1 X82.357 Y94.448 E0.06189
G1 X85.229 Y94.568 E0.0717
G0 F7200 X85.218 Y94.968
;TYPE:WALL-OUTER
G1 F1800 X88.212 Y95.003 E0.07469
G1 X91.456 Y94.864 E0.081
G1 X94.561 Y94.923 E0.07747
G1 X94.862 Y94.9 E0.00753
G1 X97.458 Y94.824 E0.06479
G1 X99.705 Y94.804 E0.05605
G1 X100.324 Y94.772 E0.01546
G1 X102.574 Y94.772 E0.05613
G1 X104.95 Y94.739 E0.05928
G1 X107.009 Y94.676 E0.05139
G1 X107.882 Y94.664 E0.02178
G1 X112.297 Y94.696 E0.11014
G1 X113.884 Y94.727 E0.0396
G1 X113.864 Y93.328 E0.0349
G1 X113.864 Y91.59 E0.04335
G1 X113.848 Y89.971 E0.04039
G1 X113.851 Y88.328 E0.04098
G1 X113.84 Y87.514 E0.02031
G1 X113.854 Y85.216 E0.05732
G1 X112.182 Y85.249 E0.04172
G1 X107.848 Y85.272 E0.10811
G1 X104.83 Y85.2 E0.07531
G1 X102.32 Y85.156 E0.06262
G1 X99.992 Y85.152 E0.05807
G1 X99.637 Y85.132 E0.00887
G1 X97.4 Y85.104 E0.05581
G1 X97.009 Y85.064 E0.0098
G1 X94.484 Y85.049 E0.06299
G1 X91.546 Y85.116 E0.07331
G1 X88.223 Y84.961 E0.08298
G1 X85.276 Y85.092 E0.07359
G1 X82.566 Y85.188 E0.06764
G1 X80.364 Y85.177 E0.05493
G1 X79.814 Y85.196 E0.01373
G1 X77.592 Y85.212 E0.05543
G1 X74.92 Y85.252 E0.06666
G1 X67.853 Y85.252 E0.17629
G1 X66.06 Y85.227 E0.04473
G1 X66.06 Y87.519 E0.05717
G1 X66.084 Y89.086 E0.03909
G1 X66.064 Y91.56 E0.06172
G1 X66.076 Y92.451 E0.02223
G1 X66.08 Y94.722 E0.05665
G1 X72.119 Y94.68 E0.15065
G1 X73.104 Y94.692 E0.02457
G1 X75.258 Y94.768 E0.05377
G1 X77.552 Y94.812 E0.05723
G1 X79.863 Y94.82 E0.05765
G1 X82.341 Y94.848 E0.06182
G1 X85.218 Y94.968 E0.07183
G0 F7200 X85.418 Y94.97
G0 X85.429 Y93.974
;MESH:NONMESH
G0 F600 X85.429 Y93.974 Z17.6
G0 F7200 X66.782 Y89.319
G0 X66.691 Y89.319
;TIME_ELAPSED:1314.916849
;LAYER:116
;TYPE:FILL
;MESH:pi 3mm_deformed_tet.stl
G1 F3600 X71.501 Y94.128 E0.16967
G1 X71.571 Y94.198
G0 F7200 X71.571 Y93.988
G0 X74.509 Y94.046
G0 X74.504 Y94.182
G1 F3600 X82.96 Y85.726 E0.29831
G1 X83.03 Y85.656
G0 F7200 X83.036 Y85.863
G0 X85.632 Y85.767
G0 X85.627 Y85.627
G1 F3600 X94.375 Y94.375 E0.30861
G1 X94.445 Y94.445
G0 F7200 X94.449 Y94.24
G0 X97.025 Y94.148
G0 X97.028 Y94.286
G1 F3600 X105.539 Y85.775 E0.30025
G1 X105.609 Y85.705
G0 F7200 X105.604 Y85.918
G0 X108.453 Y85.968
G0 X108.453 Y85.825
G1 F3600 X113.245 Y90.618 E0.16907
G1 X113.315 Y90.688
G0 F7200 X113.106 Y90.688
G0 X113.098 Y89.387
G0 X113.24 Y89.387
G1 F3600 X108.518 Y94.11 E0.1666
G1 X108.448 Y94.18
G0 F7200 X108.449 Y93.97
G0 X105.475 Y94.028
G0 X105.479 Y94.165
G1 F3600 X96.935 Y85.621 E0.30141
G1 X96.865 Y85.551
G0 F7200 X96.846 Y85.753
G0 X94.402 Y85.74
G0 X94.4 Y85.6
G1 F3600 X85.571 Y94.429 E0.31147
G1 X85.501 Y94.499
G0 F7200 X85.504 Y94.291
G0 X83.018 Y94.192
G0 X83.013 Y94.327
G1 F3600 X74.495 Y85.809 E0.3005
G1 X74.425 Y85.739
G0 F7200 X74.425 Y85.952
G0 X71.563 Y85.953
G0 X71.563 Y85.81
G1 F3600 X66.681 Y90.691 E0.17221
G1 X66.611 Y90.761
G0 F7200 X66.821 Y90.762
G0 X85.243 Y94.288
G0 X85.225 Y94.584
;TYPE:WALL-INNER
G1 F3600 X88.199 Y94.623 E0.07419
G1 X91.073 Y94.5 E0.07176
G1 X91.768 Y94.484 E0.01734
G1 X94.558 Y94.539 E0.06961
G1 X94.984 Y94.505 E0.01066
G1 X97.462 Y94.432 E0.06184
G1 X99.561 Y94.412 E0.05236
G1 X100.405 Y94.368 E0.02108
G1 X102.557 Y94.368 E0.05368
G1 X105.047 Y94.339 E0.06212
G1 X107.102 Y94.276 E0.05129
G1 X107.857 Y94.264 E0.01884
G1 X112.578 Y94.3 E0.11777
G1 X113.432 Y94.318 E0.02131
G1 X113.416 Y93.144 E0.02929
G1 X113.392 Y87.516 E0.14039
G1 X113.404 Y85.627 E0.04712
G1 X112.448 Y85.645 E0.02385
G1 X107.809 Y85.668 E0.11572
G1 X104.199 Y85.584 E0.09008
G1 X102.166 Y85.561 E0.05072
G1 X99.951 Y85.552 E0.05525
G1 X99.479 Y85.532 E0.01178
G1 X97.348 Y85.502 E0.05316
G1 X96.852 Y85.452 E0.01244
G1 X94.565 Y85.436 E0.05705
G1 X91.717 Y85.5 E0.07106
G1 X91.076 Y85.48 E0.016
G1 X88.197 Y85.345 E0.0719
G1 X85.162 Y85.488 E0.07579
G1 X82.525 Y85.58 E0.06582
G1 X80.488 Y85.565 E0.05081
G1 X79.684 Y85.6 E0.02007
G1 X77.584 Y85.612 E0.05239
G1 X74.941 Y85.648 E0.06594
G1 X67.583 Y85.652 E0.18355
G1 X66.508 Y85.637 E0.02682
G1 X66.508 Y87.515 E0.04685
G1 X66.532 Y89.261 E0.04356
G1 X66.512 Y91.72 E0.06134
G1 X66.524 Y92.451 E0.01824
G1 X66.527 Y94.317 E0.04655
G1 X67.688 Y94.304 E0.02896
G1 X69.152 Y94.304 E0.03652
G1 X72.154 Y94.284 E0.07489
G1 X73.017 Y94.292 E0.02153
G1 X75.164 Y94.364 E0.05359
G1 X77.628 Y94.408 E0.06147
G1 X79.763 Y94.416 E0.05326
G1 X80.112 Y94.432 E0.00871
G1 X82.249 Y94.45 E0.05331
G1 X85.006 Y94.566 E0.06883
G1 X85.225 Y94.584 E0.00548
G0 F7200 X85.206 Y94.984
;TYPE:WALL-OUTER
G1 F1800 X88.205 Y95.023 E0.07482
G1 X91.083 Y94.9 E0.07186
G1 X91.76 Y94.884 E0.01689
G1 X94.57 Y94.939 E0.07011
G1 X95.026 Y94.904 E0.01141
G1 X97.466 Y94.832 E0.06089
G1 X99.573 Y94.812 E0.05256
G1 X100.436 Y94.768 E0.02156
G1 X102.561 Y94.768 E0.05301
G1 X105.059 Y94.739 E0.06232
G1 X107.108 Y94.676 E0.05114
G1 X107.854 Y94.664 E0.01861
G1 X112.569 Y94.7 E0.11762
G1 X113.837 Y94.727 E0.03164
G1 X113.816 Y93.144 E0.03949
G1 X113.792 Y87.518 E0.14034
G1 X113.806 Y85.22 E0.05732
G1 X112.446 Y85.245 E0.03393
G1 X107.819 Y85.268 E0.11542
G1 X104.204 Y85.184 E0.0902
G1 X102.168 Y85.161 E0.05079
G1 X99.967 Y85.152 E0.0549
G1 X99.49 Y85.132 E0.01191
G1 X97.388 Y85.104 E0.05244
G1 X96.873 Y85.052 E0.01291
G1 X94.562 Y85.036 E0.05765
G1 X91.729 Y85.1 E0.07069
G1 X91.094 Y85.08 E0.01585
G1 X88.197 Y84.945 E0.07234
G1 X85.148 Y85.088 E0.07614
G1 X82.528 Y85.18 E0.0654
G1 X80.48 Y85.165 E0.05109
G1 X79.682 Y85.2 E0.01993
G1 X77.578 Y85.212 E0.05249
G1 X74.941 Y85.248 E0.06579
G1 X67.589 Y85.252 E0.1834
G1 X66.108 Y85.231 E0.03695
G1 X66.108 Y87.521 E0.05712
G1 X66.132 Y89.258 E0.04333
G1 X66.112 Y91.726 E0.06157
G1 X66.124 Y92.451 E0.01809
G1 X66.128 Y94.721 E0.05663
G1 X67.688 Y94.704 E0.03892
G1 X69.154 Y94.704 E0.03657
G1 X72.15 Y94.684 E0.07474
G1 X73.003 Y94.692 E0.02128
G1 X75.154 Y94.764 E0.05369
G1 X77.626 Y94.808 E0.06167
G1 X79.745 Y94.816 E0.05286
G1 X80.102 Y94.832 E0.00891
G1 X82.225 Y94.849 E0.05296
G1 X82.579 Y94.87 E0.00885
G1 X84.973 Y94.964 E0.05976
G1 X85.206 Y94.984 E0.00583
G0 F7200 X85.406 Y94.986
G0 X85.419 Y93.99
;MESH:NONMESH
G0 F600 X85.419 Y93.99 Z17.75
G0 F7200 X66.833 Y89.371
G0 X66.743 Y89.371
;TIME_ELAPSED:1324.863784
;LAYER:117
;TYPE:FILL
;MESH:pi 3mm_deformed_tet.stl
G1 F3600 X71.5 Y94.127 E0.1678
G1 X71.57 Y94.197
G0 F7200 X71.57 Y93.989
G0 X74.504 Y94.049
G0 X74.499 Y94.187
G1 F3600 X82.973 Y85.713 E0.29894
G1 X83.043 Y85.643
G0 F7200 X83.049 Y85.853
G0 X85.611 Y85.743
G0 X85.606 Y85.606
G1 F3600 X94.391 Y94.391 E0.30991
G1 X94.461 Y94.461
G0 F7200 X94.465 Y94.255
G0 X97.017 Y94.156
G0 X97.02 Y94.293
G1 F3600 X105.539 Y85.774 E0.30053
G1 X105.609 Y85.704
G0 F7200 X105.604 Y85.916
G0 X108.452 Y85.967
G0 X108.452 Y85.824
G1 F3600 X113.196 Y90.568 E0.16736
G1 X113.266 Y90.638
G0 F7200 X113.055 Y90.639
G0 X113.048 Y89.436
G0 X113.191 Y89.436
G1 F3600 X108.517 Y94.11 E0.16489
G1 X108.447 Y94.18
G0 F7200 X108.448 Y93.972
G0 X105.479 Y94.029
G0 X105.483 Y94.169
G1 F3600 X96.935 Y85.621 E0.30155
G1 X96.865 Y85.551
G0 F7200 X96.846 Y85.753
G0 X94.414 Y85.727
G0 X94.412 Y85.587
G1 F3600 X85.551 Y94.449 E0.31261
G1 X85.481 Y94.519
G0 F7200 X85.484 Y94.307
G0 X83.029 Y94.202
G0 X83.024 Y94.338
G1 F3600 X74.495 Y85.809 E0.30088
G1 X74.425 Y85.739
G0 F7200 X74.425 Y85.952
G0 X71.563 Y85.952
G0 X71.563 Y85.81
G1 F3600 X66.735 Y90.638 E0.17032
G1 X66.665 Y90.708
G0 F7200 X66.873 Y90.709
G0 X87.865 Y94.333
G0 X87.852 Y94.632
;TYPE:WALL-INNER
G1 F3600 X88.196 Y94.643 E0.00859
G1 X90.901 Y94.528 E0.06754
G1 X91.952 Y94.504 E0.02622
G1 X94.566 Y94.555 E0.06522
G1 X95.149 Y94.509 E0.01459
G1 X97.465 Y94.44 E0.0578
G1 X99.422 Y94.42 E0.04882
G1 X100.008 Y94.384 E0.01465
G1 X100.552 Y94.364 E0.01358
G1 X102.541 Y94.364 E0.04962
G1 X105.136 Y94.339 E0.06474
G1 X107.829 Y94.264 E0.0672
G1 X112.853 Y94.304 E0.12533
G1 X113.383 Y94.315 E0.01322
G1 X113.364 Y92.964 E0.0337
G1 X113.344 Y87.516 E0.1359
G1 X113.356 Y85.63 E0.04705
G1 X112.716 Y85.641 E0.01597
G1 X107.781 Y85.668 E0.12311
G1 X104.952 Y85.6 E0.07059
G1 X101.985 Y85.561 E0.07402
G1 X99.924 Y85.556 E0.05141
G1 X99.329 Y85.528 E0.01486
G1 X97.34 Y85.498 E0.04962
G1 X96.718 Y85.44 E0.01558
G1 X94.573 Y85.424 E0.05351
G1 X91.896 Y85.484 E0.06679
G1 X90.904 Y85.452 E0.02476
G1 X88.187 Y85.325 E0.06785
G1 X85.281 Y85.459 E0.07257
G1 X85.002 Y85.484 E0.00699
G1 X82.54 Y85.568 E0.06145
G1 X80.603 Y85.557 E0.04832
G1 X79.553 Y85.6 E0.02621
G1 X74.809 Y85.648 E0.11835
G1 X67.319 Y85.652 E0.18684
G1 X66.556 Y85.641 E0.01904
G1 X66.552 Y87.52 E0.04687
G1 X66.584 Y89.433 E0.04773
G1 X66.564 Y91.88 E0.06104
G1 X66.576 Y94.313 E0.06069
G1 X72.183 Y94.284 E0.13987
G1 X72.917 Y94.292 E0.01831
G1 X74.988 Y94.364 E0.05169
G1 X77.658 Y94.408 E0.06661
G1 X79.633 Y94.416 E0.04927
G1 X80.097 Y94.432 E0.01158
G1 X82.09 Y94.449 E0.04972
G1 X82.537 Y94.48 E0.01118
G1 X84.843 Y94.57 E0.05757
G1 X85.211 Y94.604 E0.00922
G1 X87.852 Y94.632 E0.06588
G0 F7200 X87.839 Y95.032
;TYPE:WALL-OUTER
G1 F1800 X88.198 Y95.043 E0.00896
G1 X90.911 Y94.928 E0.06774
G1 X91.944 Y94.904 E0.02578
G1 X94.578 Y94.955 E0.06572
G1 X95.19 Y94.908 E0.01531
G1 X97.469 Y94.84 E0.05688
G1 X99.436 Y94.82 E0.04907
G1 X100.024 Y94.784 E0.0147
G1 X100.552 Y94.764 E0.01318
G1 X102.545 Y94.764 E0.04972
G1 X105.148 Y94.739 E0.06494
G1 X107.826 Y94.664 E0.06683
G1 X112.845 Y94.704 E0.1252
G1 X113.789 Y94.723 E0.02355
G1 X113.764 Y92.964 E0.04388
G1 X113.744 Y87.518 E0.13585
G1 X113.758 Y85.224 E0.05723
G1 X112.714 Y85.241 E0.02605
G1 X107.791 Y85.268 E0.12281
G1 X104.958 Y85.2 E0.07069
G1 X101.986 Y85.161 E0.07414
G1 X99.942 Y85.156 E0.05099
G1 X99.341 Y85.128 E0.01501
G1 X97.377 Y85.1 E0.049
G1 X96.738 Y85.04 E0.01601
G1 X94.57 Y85.024 E0.05408
G1 X91.909 Y85.084 E0.0664
G1 X90.922 Y85.052 E0.02463
G1 X88.187 Y84.925 E0.0683
G1 X85.254 Y85.06 E0.07324
G1 X84.975 Y85.084 E0.00699
G1 X82.542 Y85.168 E0.06073
G1 X80.596 Y85.157 E0.04854
G1 X79.55 Y85.2 E0.02611
G1 X74.809 Y85.248 E0.11827
G1 X67.325 Y85.252 E0.18669
G1 X66.156 Y85.235 E0.02916
G1 X66.152 Y87.526 E0.05715
G1 X66.184 Y89.43 E0.0475
G1 X66.164 Y91.886 E0.06127
G1 X66.176 Y94.717 E0.07062
G1 X67.424 Y94.704 E0.03113
G1 X69.1 Y94.704 E0.04181
G1 X72.179 Y94.684 E0.07681
G1 X72.903 Y94.692 E0.01806
G1 X74.978 Y94.764 E0.05179
G1 X77.656 Y94.808 E0.06681
G1 X79.619 Y94.816 E0.04897
G1 X80.089 Y94.832 E0.01173
G1 X82.062 Y94.848 E0.04922
G1 X82.515 Y94.88 E0.01133
G1 X84.807 Y94.968 E0.05722
G1 X85.191 Y95.004 E0.00962
G1 X87.839 Y95.032 E0.06606
G0 F7200 X88.039 Y95.038
G0 X88.083 Y94.042
;MESH:NONMESH
G0 F600 X88.083 Y94.042 Z17.9
G0 F7200 X66.884 Y89.416
G0 X66.788 Y89.416
;TIME_ELAPSED:1334.836498
;LAYER:118
;TYPE:FILL
;MESH:pi 3mm_deformed_tet.stl
G1 F3600 X71.501 Y94.129 E0.16626
G1 X71.571 Y94.199
G0 F7200 X71.571 Y93.991
G0 X74.5 Y94.052
G0 X74.495 Y94.191
G1 F3600 X82.981 Y85.705 E0.29937
G1 X83.051 Y85.635
G0 F7200 X83.057 Y85.843
G0 X85.59 Y85.724
G0 X85.585 Y85.585
G1 F3600 X94.407 Y94.407 E0.31122
G1 X94.477 Y94.477
G0 F7200 X94.481 Y94.271
G0 X97.009 Y94.165
G0 X97.012 Y94.302
G1 F3600 X105.541 Y85.773 E0.30088
G1 X105.611 Y85.703
G0 F7200 X105.605 Y85.916
G0 X108.452 Y85.965
G0 X108.452 Y85.824
G1 F3600 X113.141 Y90.513 E0.16542
G1 X113.211 Y90.583
G0 F7200 X113.001 Y90.583
G0 X112.996 Y89.491
G0 X113.136 Y89.491
G1 F3600 X108.513 Y94.114 E0.16309
G1 X108.443 Y94.184
G0 F7200 X108.444 Y93.974
G0 X105.477 Y94.027
G0 X105.48 Y94.166
G1 F3600 X96.934 Y85.62 E0.30148
G1 X96.864 Y85.55
G0 F7200 X96.845 Y85.752
G0 X94.426 Y85.715
G0 X94.424 Y85.575
G1 F3600 X85.536 Y94.464 E0.31357
G1 X85.466 Y94.534
G0 F7200 X85.469 Y94.323
G0 X83.039 Y94.213
G0 X83.034 Y94.348
G1 F3600 X74.496 Y85.81 E0.3012
G1 X74.426 Y85.74
G0 F7200 X74.426 Y85.952
G0 X71.563 Y85.952
G0 X71.563 Y85.809
G1 F3600 X66.784 Y90.588 E0.16859
G1 X66.714 Y90.658
G0 F7200 X66.925 Y90.659
G0 X87.684 Y94.347
G0 X87.671 Y94.644
;TYPE:WALL-INNER
G1 F3600 X88.192 Y94.667 E0.01301
G1 X90.773 Y94.556 E0.06444
G1 X92.136 Y94.524 E0.03401
G1 X94.574 Y94.571 E0.06083
G1 X95.317 Y94.513 E0.01859
G1 X97.474 Y94.448 E0.05383
G1 X99.291 Y94.432 E0.04533
G1 X100.009 Y94.388 E0.01794
G1 X100.666 Y94.364 E0.0164
G1 X102.521 Y94.36 E0.04627
G1 X104.982 Y94.339 E0.06139
G1 X107.801 Y94.268 E0.07034
G1 X113.336 Y94.312 E0.13808
G1 X113.296 Y89.97 E0.10832
G1 X113.296 Y87.52 E0.06112
G1 X113.308 Y85.635 E0.04702
G1 X107.74 Y85.668 E0.1389
G1 X105.501 Y85.612 E0.05587
G1 X101.817 Y85.561 E0.09191
G1 X99.897 Y85.556 E0.04789
G1 X99.182 Y85.524 E0.01785
G1 X97.329 Y85.498 E0.04623
G1 X96.58 Y85.424 E0.01877
G1 X94.581 Y85.412 E0.04987
G1 X92.079 Y85.468 E0.06243
G1 X91.39 Y85.44 E0.0172
G1 X90.735 Y85.428 E0.01634
G1 X88.183 Y85.305 E0.06373
G1 X85.262 Y85.439 E0.07294
G1 X84.829 Y85.48 E0.01085
G1 X82.528 Y85.56 E0.05743
G1 X80.723 Y85.549 E0.04503
G1 X80.056 Y85.584 E0.01666
G1 X79.42 Y85.604 E0.01587
G1 X77.514 Y85.618 E0.04755
G1 X77.186 Y85.628 E0.00819
G1 X74.879 Y85.649 E0.05755
G1 X66.603 Y85.646 E0.20645
G1 X66.6 Y87.522 E0.0468
G1 X66.632 Y89.609 E0.05207
G1 X66.612 Y92.03 E0.06039
G1 X66.622 Y94.311 E0.0569
G1 X72.217 Y94.284 E0.13957
G1 X72.817 Y94.292 E0.01497
G1 X74.772 Y94.36 E0.0488
G1 X77.652 Y94.404 E0.07185
G1 X79.513 Y94.412 E0.04642
G1 X80.091 Y94.436 E0.01443
G1 X81.945 Y94.449 E0.04625
G1 X82.521 Y94.488 E0.0144
G1 X84.673 Y94.574 E0.05372
G1 X85.194 Y94.62 E0.01305
G1 X87.671 Y94.644 E0.06179
G0 F7200 X87.653 Y95.044
;TYPE:WALL-OUTER
G1 F1800 X88.192 Y95.067 E0.01346
G1 X90.782 Y94.956 E0.06467
G1 X92.128 Y94.924 E0.03359
G1 X94.586 Y94.971 E0.06133
G1 X95.357 Y94.912 E0.01929
G1 X97.478 Y94.848 E0.05293
G1 X99.305 Y94.832 E0.04558
G1 X100.024 Y94.788 E0.01797
G1 X100.667 Y94.764 E0.01605
G1 X102.524 Y94.76 E0.04632
G1 X104.992 Y94.739 E0.06157
G1 X107.798 Y94.668 E0.07002
G1 X113.116 Y94.708 E0.13266
G1 X113.741 Y94.72 E0.01559
G1 X113.716 Y92.786 E0.04825
G1 X113.696 Y89.97 E0.07025
G1 X113.696 Y87.522 E0.06107
G1 X113.71 Y85.228 E0.05723
G1 X112.978 Y85.241 E0.01826
G1 X107.746 Y85.268 E0.13051
G1 X105.574 Y85.214 E0.0542
G1 X101.818 Y85.161 E0.0937
G1 X99.915 Y85.156 E0.04747
G1 X99.194 Y85.124 E0.018
G1 X97.368 Y85.1 E0.04555
G1 X96.601 Y85.024 E0.01923
G1 X94.578 Y85.012 E0.05046
G1 X92.095 Y85.068 E0.06195
G1 X91.402 Y85.04 E0.0173
G1 X90.754 Y85.028 E0.01617
G1 X88.183 Y84.905 E0.06421
G1 X85.234 Y85.04 E0.07364
G1 X84.804 Y85.08 E0.01077
G1 X82.53 Y85.16 E0.05676
G1 X80.713 Y85.149 E0.04533
G1 X80.044 Y85.184 E0.01671
G1 X79.418 Y85.204 E0.01562
G1 X77.502 Y85.218 E0.0478
G1 X77.182 Y85.228 E0.00799
G1 X74.879 Y85.249 E0.05745
G1 X67.06 Y85.252 E0.19505
G1 X66.204 Y85.24 E0.02136
G1 X66.2 Y87.528 E0.05707
G1 X66.232 Y89.606 E0.05184
G1 X66.212 Y92.032 E0.06052
G1 X66.224 Y94.717 E0.06698
G1 X67.16 Y94.704 E0.02335
G1 X69.14 Y94.704 E0.04939
G1 X72.211 Y94.684 E0.07661
G1 X72.803 Y94.692 E0.01477
G1 X74.762 Y94.76 E0.0489
G1 X77.65 Y94.804 E0.07205
G1 X79.497 Y94.812 E0.04607
G1 X80.081 Y94.836 E0.01458
G1 X81.918 Y94.848 E0.04583
G1 X82.499 Y94.888 E0.01453
G1 X84.638 Y94.972 E0.0534
G1 X85.174 Y95.02 E0.01342
G1 X87.653 Y95.044 E0.06184
G0 F7200 X87.853 Y95.052
G0 X87.895 Y94.055
;MESH:NONMESH
G0 F600 X87.895 Y94.055 Z18.05
G0 F7200 X66.932 Y89.466
G0 X66.839 Y89.466
;TIME_ELAPSED:1344.787162
;LAYER:119
;TYPE:FILL
;MESH:pi 3mm_deformed_tet.stl
G1 F3600 X71.503 Y94.131 E0.16455
G1 X71.573 Y94.201
G0 F7200 X71.573 Y93.992
G0 X74.499 Y94.051
G0 X74.497 Y94.189
G1 F3600 X82.991 Y85.695 E0.29965
G1 X83.061 Y85.625
G0 F7200 X83.067 Y85.833
G0 X85.571 Y85.704
G0 X85.566 Y85.566
G1 F3600 X94.424 Y94.424 E0.31249
G1 X94.494 Y94.494
G0 F7200 X94.498 Y94.287
G0 X96.999 Y94.173
G0 X97.002 Y94.311
G1 F3600 X105.536 Y85.777 E0.30106
G1 X105.606 Y85.707
G0 F7200 X105.603 Y85.921
G0 X108.448 Y85.964
G0 X108.448 Y85.821
G1 F3600 X113.09 Y90.462 E0.16374
G1 X113.16 Y90.532
G0 F7200 X113.084 Y89.543
G1 F3600 X108.513 Y94.114 E0.16125
G1 X108.443 Y94.184
G0 F7200 X108.444 Y93.976
G0 X105.473 Y94.025
G0 X105.474 Y94.16
G1 F3600 X96.935 Y85.621 E0.30124
G1 X96.865 Y85.551
G0 F7200 X96.846 Y85.752
G0 X94.439 Y85.703
G0 X94.437 Y85.563
G1 F3600 X85.52 Y94.479 E0.31455
G1 X85.45 Y94.549
G0 F7200 X85.453 Y94.339
G0 X83.049 Y94.223
G0 X83.044 Y94.358
G1 F3600 X74.498 Y85.812 E0.30148
G1 X74.428 Y85.742
G0 F7200 X74.427 Y85.953
G0 X71.561 Y85.952
G0 X71.562 Y85.81
G1 F3600 X66.838 Y90.534 E0.16665
G1 X66.768 Y90.604
G0 F7200 X66.977 Y90.605
G0 X87.496 Y94.363
G0 X87.484 Y94.66
;TYPE:WALL-INNER
G1 F3600 X88.182 Y94.687 E0.01742
G1 X90.558 Y94.584 E0.05933
G1 X92.32 Y94.544 E0.04396
G1 X94.582 Y94.587 E0.05644
G1 X95.481 Y94.517 E0.02249
G1 X97.478 Y94.456 E0.04984
G1 X99.158 Y94.44 E0.04191
G1 X100.009 Y94.388 E0.02127
G1 X100.784 Y94.36 E0.01935
G1 X102.523 Y94.36 E0.04338
G1 X106.174 Y94.312 E0.09108
G1 X107.774 Y94.268 E0.03993
G1 X113.289 Y94.318 E0.13758
G1 X113.244 Y89.968 E0.10852
G1 X113.244 Y87.519 E0.06109
G1 X113.259 Y85.636 E0.04697
G1 X107.725 Y85.664 E0.13805
G1 X106.039 Y85.624 E0.04207
G1 X101.625 Y85.565 E0.11012
G1 X99.893 Y85.561 E0.04321
G1 X99.034 Y85.52 E0.02145
G1 X97.317 Y85.498 E0.04283
G1 X96.444 Y85.412 E0.02188
G1 X94.589 Y85.4 E0.04627
G1 X92.259 Y85.452 E0.05814
G1 X91.341 Y85.415 E0.02292
G1 X90.563 Y85.4 E0.01941
G1 X88.175 Y85.285 E0.05964
G1 X85.247 Y85.419 E0.07312
G1 X84.65 Y85.476 E0.01496
G1 X82.515 Y85.552 E0.05329
G1 X80.838 Y85.541 E0.04183
G1 X80.062 Y85.58 E0.01938
G1 X79.285 Y85.604 E0.01939
G1 X77.587 Y85.616 E0.04236
G1 X77.073 Y85.636 E0.01283
G1 X74.991 Y85.652 E0.05194
G1 X66.648 Y85.647 E0.20812
G1 X66.648 Y87.521 E0.04675
G1 X66.684 Y89.782 E0.05641
G1 X66.664 Y92.191 E0.06009
G1 X66.668 Y94.31 E0.05286
G1 X69.174 Y94.308 E0.06251
G1 X72.55 Y94.284 E0.08422
G1 X74.244 Y94.344 E0.04228
G1 X77.679 Y94.404 E0.0857
G1 X79.392 Y94.408 E0.04273
G1 X80.084 Y94.44 E0.01728
G1 X81.798 Y94.453 E0.04276
G1 X82.549 Y94.498 E0.01877
G1 X84.5 Y94.578 E0.04871
G1 X85.177 Y94.636 E0.01695
G1 X87.484 Y94.66 E0.05755
G0 F7200 X87.468 Y95.06
;TYPE:WALL-OUTER
G1 F1800 X88.183 Y95.087 E0.01785
G1 X90.567 Y94.984 E0.05952
G1 X92.312 Y94.944 E0.04354
G1 X94.594 Y94.987 E0.05693
G1 X95.521 Y94.916 E0.02319
G1 X97.482 Y94.856 E0.04894
G1 X99.172 Y94.84 E0.04216
G1 X100.024 Y94.788 E0.02129
G1 X100.784 Y94.76 E0.01897
G1 X102.527 Y94.76 E0.04348
G1 X106.185 Y94.712 E0.09126
G1 X107.77 Y94.668 E0.03955
G1 X113.693 Y94.722 E0.14776
G1 X113.644 Y89.968 E0.1186
G1 X113.644 Y87.522 E0.06102
G1 X113.662 Y85.235 E0.05705
G1 X107.735 Y85.264 E0.14785
G1 X106.044 Y85.224 E0.04219
G1 X101.626 Y85.165 E0.11022
G1 X99.897 Y85.161 E0.04313
G1 X99.046 Y85.12 E0.02125
G1 X97.356 Y85.1 E0.04216
G1 X96.465 Y85.012 E0.02233
G1 X94.586 Y85 E0.04687
G1 X92.275 Y85.052 E0.05766
G1 X91.401 Y85.016 E0.02182
G1 X90.582 Y85 E0.02043
G1 X88.175 Y84.885 E0.06011
G1 X85.219 Y85.02 E0.07381
G1 X84.636 Y85.076 E0.01461
G1 X82.518 Y85.152 E0.05287
G1 X80.829 Y85.141 E0.04213
G1 X80.05 Y85.18 E0.01946
G1 X79.282 Y85.204 E0.01917
G1 X77.577 Y85.216 E0.04253
G1 X77.07 Y85.236 E0.01266
G1 X74.991 Y85.252 E0.05186
G1 X66.248 Y85.243 E0.2181
G1 X66.248 Y87.527 E0.05697
G1 X66.284 Y89.778 E0.05616
G1 X66.264 Y92.191 E0.06019
G1 X66.268 Y94.714 E0.06294
G1 X69.177 Y94.708 E0.07257
G1 X72.536 Y94.684 E0.08379
G1 X74.234 Y94.744 E0.04238
G1 X77.678 Y94.804 E0.08592
G1 X79.374 Y94.808 E0.04231
G1 X80.074 Y94.84 E0.01748
G1 X81.773 Y94.852 E0.04238
G1 X82.483 Y94.896 E0.01774
G1 X84.466 Y94.976 E0.04951
G1 X85.158 Y95.036 E0.01733
G1 X87.468 Y95.06 E0.05763
G0 F7200 X87.667 Y95.067
G0 X87.708 Y94.071
;MESH:NONMESH
G0 F600 X87.708 Y94.071 Z18.2
G0 F7200 X71.56 Y85.952
G0 X71.561 Y85.811
;TIME_ELAPSED:1354.666612
;LAYER:120
;TYPE:FILL
;MESH:pi 3mm_deformed_tet.stl
G1 F3600 X66.888 Y90.484 E0.16485
G1 X66.818 Y90.554
G0 F7200 X67.028 Y90.555
G0 X67.028 Y89.512
G0 X66.885 Y89.513
G1 F3600 X71.508 Y94.135 E0.16307
G1 X71.578 Y94.205
G0 F7200 X71.578 Y93.995
G0 X74.506 Y94.046
G0 X74.504 Y94.182
G1 F3600 X83.003 Y85.683 E0.29983
G1 X83.073 Y85.613
G0 F7200 X83.079 Y85.822
G0 X85.551 Y85.684
G0 X85.546 Y85.546
G1 F3600 X94.44 Y94.44 E0.31376
G1 X94.51 Y94.51
G0 F7200 X94.514 Y94.303
G0 X96.988 Y94.183
G0 X96.991 Y94.322
G1 F3600 X105.529 Y85.784 E0.3012
G1 X105.599 Y85.714
G0 F7200 X105.596 Y85.927
G0 X108.447 Y85.962
G0 X108.447 Y85.819
G1 F3600 X113.041 Y90.414 E0.16208
G1 X113.111 Y90.484
G0 F7200 X113.036 Y89.591
G1 F3600 X108.513 Y94.114 E0.15956
G1 X108.443 Y94.184
G0 F7200 X108.444 Y93.977
G0 X105.47 Y94.02
G0 X105.471 Y94.157
G1 F3600 X96.933 Y85.619 E0.3012
G1 X96.863 Y85.549
G0 F7200 X96.844 Y85.751
G0 X94.454 Y85.69
G0 X94.452 Y85.548
G1 F3600 X85.504 Y94.496 E0.31566
G1 X85.434 Y94.566
G0 F7200 X85.437 Y94.355
G0 X83.062 Y94.232
G0 X83.057 Y94.37
G1 F3600 X74.502 Y85.816 E0.30178
G1 X74.432 Y85.746
G0 F7200 X74.431 Y85.953
G0 X87.307 Y94.377
G0 X87.296 Y94.672
;TYPE:WALL-INNER
G1 F3600 X88.174 Y94.707 E0.02192
G1 X90.427 Y94.611 E0.05625
G1 X92.505 Y94.56 E0.05185
G1 X94.591 Y94.603 E0.05205
G1 X95.645 Y94.521 E0.02637
G1 X97.485 Y94.468 E0.04592
G1 X99.025 Y94.452 E0.03842
G1 X100.005 Y94.388 E0.0245
G1 X100.896 Y94.356 E0.02224
G1 X102.509 Y94.356 E0.04024
G1 X104.615 Y94.336 E0.05254
G1 X107.746 Y94.268 E0.07812
G1 X113.24 Y94.314 E0.13705
G1 X113.196 Y89.932 E0.10931
G1 X113.196 Y87.559 E0.05919
G1 X113.211 Y85.632 E0.04807
G1 X107.696 Y85.664 E0.13757
G1 X106.563 Y85.636 E0.02827
G1 X102.351 Y85.588 E0.10508
G1 X101.494 Y85.564 E0.02139
G1 X99.868 Y85.561 E0.04056
G1 X98.886 Y85.516 E0.02452
G1 X97.308 Y85.494 E0.03937
G1 X96.309 Y85.4 E0.02503
G1 X94.597 Y85.385 E0.04271
G1 X92.439 Y85.436 E0.05385
G1 X91.385 Y85.392 E0.02632
G1 X90.385 Y85.372 E0.02495
G1 X88.171 Y85.269 E0.05529
G1 X85.231 Y85.399 E0.07341
G1 X84.477 Y85.472 E0.0189
G1 X82.504 Y85.54 E0.04925
G1 X80.955 Y85.533 E0.03864
G1 X80.055 Y85.58 E0.02248
G1 X79.151 Y85.608 E0.02256
G1 X77.578 Y85.616 E0.03924
G1 X76.961 Y85.64 E0.0154
G1 X75 Y85.656 E0.04892
G1 X66.696 Y85.645 E0.20714
G1 X66.696 Y87.525 E0.0469
G1 X66.732 Y89.958 E0.0607
G1 X66.712 Y92.355 E0.0598
G1 X66.715 Y94.31 E0.04877
G1 X72.62 Y94.292 E0.1473
G1 X73.749 Y94.328 E0.02818
G1 X77.654 Y94.4 E0.09743
G1 X79.264 Y94.408 E0.04016
G1 X80.071 Y94.44 E0.02015
G1 X81.656 Y94.453 E0.03954
G1 X82.488 Y94.508 E0.0208
G1 X84.331 Y94.582 E0.04601
G1 X85.157 Y94.652 E0.02068
G1 X87.296 Y94.672 E0.05336
G0 F7200 X87.28 Y95.072
;TYPE:WALL-OUTER
G1 F1800 X88.175 Y95.107 E0.02234
G1 X90.437 Y95.011 E0.05648
G1 X92.497 Y94.96 E0.0514
G1 X94.602 Y95.003 E0.05252
G1 X95.686 Y94.92 E0.02712
G1 X97.489 Y94.868 E0.04499
G1 X99.04 Y94.852 E0.03869
G1 X100.035 Y94.788 E0.02487
G1 X100.896 Y94.756 E0.02149
G1 X102.513 Y94.756 E0.04034
G1 X104.623 Y94.736 E0.05264
G1 X107.742 Y94.668 E0.07782
G1 X113.645 Y94.718 E0.14726
G1 X113.596 Y89.932 E0.11939
G1 X113.596 Y87.562 E0.05912
G1 X113.614 Y85.23 E0.05817
G1 X107.706 Y85.264 E0.14738
G1 X106.567 Y85.236 E0.02842
G1 X102.362 Y85.188 E0.1049
G1 X101.5 Y85.164 E0.02151
G1 X99.87 Y85.161 E0.04066
G1 X98.898 Y85.116 E0.02427
G1 X97.345 Y85.096 E0.03874
G1 X96.329 Y85 E0.02546
G1 X94.594 Y84.985 E0.04328
G1 X92.455 Y85.036 E0.05337
G1 X91.397 Y84.992 E0.02641
G1 X90.403 Y84.972 E0.0248
G1 X88.171 Y84.869 E0.05574
G1 X85.203 Y85 E0.07411
G1 X84.463 Y85.072 E0.01855
G1 X82.506 Y85.14 E0.04885
G1 X80.945 Y85.133 E0.03894
G1 X80.043 Y85.18 E0.02253
G1 X79.149 Y85.208 E0.02231
G1 X77.569 Y85.216 E0.03941
G1 X76.958 Y85.24 E0.01525
G1 X75.002 Y85.256 E0.04879
G1 X66.296 Y85.245 E0.21717
G1 X66.296 Y87.531 E0.05702
G1 X66.332 Y89.954 E0.06045
G1 X66.312 Y92.355 E0.0599
G1 X66.316 Y94.711 E0.05877
G1 X72.607 Y94.692 E0.15693
G1 X73.741 Y94.728 E0.0283
G1 X77.652 Y94.8 E0.09758
G1 X79.248 Y94.808 E0.03981
G1 X80.061 Y94.84 E0.0203
G1 X81.63 Y94.852 E0.03914
G1 X82.467 Y94.908 E0.02093
G1 X84.297 Y94.98 E0.04568
G1 X85.138 Y95.052 E0.02106
G1 X87.28 Y95.072 E0.05343
G0 F7200 X87.479 Y95.079
G0 X87.518 Y94.085
;MESH:NONMESH
G0 F600 X87.518 Y94.085 Z18.35
G0 F7200 X71.563 Y85.951
G0 X71.563 Y85.809
;TIME_ELAPSED:1364.448458
;LAYER:121
;TYPE:FILL
;MESH:pi 3mm_deformed_tet.stl
G1 F3600 X66.929 Y90.443 E0.16348
G1 X66.859 Y90.513
G0 F7200 X66.926 Y89.553
G1 F3600 X71.504 Y94.131 E0.1615
G1 X71.574 Y94.201
G0 F7200 X71.574 Y93.996
G0 X74.51 Y94.042
G0 X74.508 Y94.178
G1 F3600 X83.012 Y85.674 E0.3
G1 X83.082 Y85.604
G0 F7200 X83.088 Y85.812
G0 X85.531 Y85.665
G0 X85.526 Y85.526
G1 F3600 X94.456 Y94.456 E0.31503
G1 X94.526 Y94.526
G0 F7200 X94.53 Y94.319
G0 X96.98 Y94.191
G0 X96.983 Y94.331
G1 F3600 X105.522 Y85.792 E0.30124
G1 X105.592 Y85.722
G0 F7200 X105.589 Y85.933
G0 X108.448 Y85.96
G0 X108.448 Y85.82
G1 F3600 X113 Y90.372 E0.16058
G0 F7200 X112.995 Y89.632
G1 F3600 X108.508 Y94.119 E0.15829
G1 X108.438 Y94.189
G0 F7200 X108.439 Y93.98
G0 X105.468 Y94.016
G0 X105.469 Y94.155
G1 F3600 X96.934 Y85.621 E0.30108
G1 X96.864 Y85.551
G0 F7200 X96.845 Y85.752
G0 X94.466 Y85.678
G0 X94.464 Y85.536
G1 F3600 X85.488 Y94.512 E0.31665
G1 X85.418 Y94.582
G0 F7200 X85.421 Y94.371
G0 X83.069 Y94.244
G0 X83.064 Y94.378
G1 F3600 X74.504 Y85.818 E0.30198
G1 X74.434 Y85.748
G0 F7200 X74.433 Y85.957
G0 X87.122 Y94.391
G0 X87.109 Y94.688
;TYPE:WALL-INNER
G1 F3600 X88.166 Y94.731 E0.02639
G1 X90.251 Y94.639 E0.05206
G1 X92.689 Y94.58 E0.06083
G1 X94.595 Y94.619 E0.04756
G1 X95.809 Y94.525 E0.03037
G1 X97.489 Y94.476 E0.04193
G1 X98.893 Y94.46 E0.03503
G1 X100.006 Y94.388 E0.02782
G1 X101.012 Y94.352 E0.02511
G1 X102.499 Y94.352 E0.03709
G1 X104.445 Y94.336 E0.04854
G1 X107.605 Y94.272 E0.07884
G1 X113.198 Y94.311 E0.13952
G1 X113.156 Y89.963 E0.10847
G1 X113.152 Y87.403 E0.06386
G1 X113.163 Y85.636 E0.04408
G1 X107.547 Y85.664 E0.14009
G1 X102.317 Y85.592 E0.13048
G1 X101.323 Y85.569 E0.0248
G1 X99.819 Y85.564 E0.03752
G1 X98.738 Y85.512 E0.027
G1 X97.295 Y85.494 E0.036
G1 X96.172 Y85.388 E0.02814
G1 X94.605 Y85.373 E0.03909
G1 X92.622 Y85.42 E0.04948
G1 X91.337 Y85.367 E0.03208
G1 X90.204 Y85.344 E0.02827
G1 X88.163 Y85.249 E0.05097
G1 X85.215 Y85.379 E0.07361
G1 X84.317 Y85.468 E0.02251
G1 X82.496 Y85.532 E0.04545
G1 X81.074 Y85.525 E0.03547
G1 X80.031 Y85.576 E0.02605
G1 X79.021 Y85.608 E0.02521
G1 X77.565 Y85.62 E0.03632
G1 X76.854 Y85.644 E0.01775
G1 X75.012 Y85.66 E0.04595
G1 X73.009 Y85.649 E0.04997
G1 X66.743 Y85.648 E0.15631
G1 X66.736 Y87.528 E0.0469
G1 X66.772 Y89.984 E0.06127
G1 X66.756 Y92.453 E0.06159
G1 X66.763 Y94.309 E0.0463
G1 X72.526 Y94.288 E0.14376
G1 X73.197 Y94.312 E0.01675
G1 X77.648 Y94.4 E0.11105
G1 X79.142 Y94.404 E0.03727
G1 X80.063 Y94.444 E0.023
G1 X81.512 Y94.453 E0.03615
G1 X82.472 Y94.516 E0.024
G1 X84.165 Y94.582 E0.04226
G1 X85.142 Y94.668 E0.02447
G1 X87.109 Y94.688 E0.04907
G0 F7200 X87.093 Y95.088
;TYPE:WALL-OUTER
G1 F1800 X88.167 Y95.131 E0.02681
G1 X90.261 Y95.039 E0.05229
G1 X92.681 Y94.98 E0.06039
G1 X94.606 Y95.019 E0.04803
G1 X95.85 Y94.924 E0.03112
G1 X97.493 Y94.876 E0.041
G1 X98.908 Y94.86 E0.0353
G1 X100.02 Y94.788 E0.0278
G1 X101.012 Y94.752 E0.02476
G1 X102.502 Y94.752 E0.03717
G1 X104.453 Y94.736 E0.04867
G1 X107.602 Y94.672 E0.07857
G1 X113.602 Y94.714 E0.14967
G1 X113.556 Y89.963 E0.11852
G1 X113.552 Y87.406 E0.06378
G1 X113.566 Y85.234 E0.05418
G1 X107.558 Y85.264 E0.14987
G1 X102.327 Y85.192 E0.1305
G1 X101.329 Y85.169 E0.0249
G1 X99.838 Y85.164 E0.03719
G1 X98.75 Y85.112 E0.02717
G1 X97.333 Y85.096 E0.03535
G1 X96.193 Y84.988 E0.02856
G1 X94.602 Y84.973 E0.03969
G1 X92.639 Y85.02 E0.04898
G1 X91.397 Y84.968 E0.03101
G1 X90.222 Y84.944 E0.02932
G1 X88.163 Y84.849 E0.05142
G1 X85.187 Y84.98 E0.07431
G1 X84.292 Y85.068 E0.02243
G1 X82.498 Y85.132 E0.04478
G1 X81.065 Y85.125 E0.03575
G1 X80.019 Y85.176 E0.02612
G1 X79.018 Y85.208 E0.02498
G1 X77.557 Y85.22 E0.03645
G1 X76.85 Y85.244 E0.01765
G1 X75.014 Y85.26 E0.0458
G1 X73.009 Y85.249 E0.05002
G1 X66.344 Y85.248 E0.16626
G1 X66.336 Y87.534 E0.05702
G1 X66.372 Y89.982 E0.06107
G1 X66.356 Y92.454 E0.06167
G1 X66.364 Y94.711 E0.0563
G1 X72.512 Y94.688 E0.15336
G1 X73.186 Y94.712 E0.01682
G1 X77.647 Y94.8 E0.1113
G1 X79.125 Y94.804 E0.03687
G1 X80.053 Y94.844 E0.02317
G1 X81.486 Y94.852 E0.03575
G1 X82.451 Y94.916 E0.02412
G1 X84.13 Y94.98 E0.04191
G1 X85.122 Y95.068 E0.02484
G1 X87.093 Y95.088 E0.04917
G0 F7200 X87.292 Y95.096
G0 X87.333 Y94.099
;MESH:NONMESH
G0 F600 X87.333 Y94.099 Z18.5
G0 F7200 X71.564 Y85.949
G0 X71.564 Y85.808
;TIME_ELAPSED:1374.173238
;LAYER:122
;TYPE:FILL
;MESH:pi 3mm_deformed_tet.stl
G1 F3600 X66.97 Y90.402 E0.16207
G1 X66.9 Y90.472
G0 F7200 X66.966 Y89.593
G1 F3600 X71.505 Y94.133 E0.16014
G1 X71.575 Y94.203
G0 F7200 X71.575 Y93.996
G0 X74.518 Y94.036
G0 X74.515 Y94.171
G1 F3600 X83.024 Y85.662 E0.30018
G1 X83.094 Y85.592
G0 F7200 X83.1 Y85.802
G0 X85.512 Y85.645
G0 X85.507 Y85.507
G1 F3600 X94.472 Y94.472 E0.31626
G1 X94.542 Y94.542
G0 F7200 X94.546 Y94.335
G0 X96.97 Y94.2
G0 X96.973 Y94.34
G1 F3600 X105.517 Y85.797 E0.3014
G1 X105.587 Y85.727
G0 F7200 X105.584 Y85.939
G0 X108.448 Y85.962
G0 X108.448 Y85.821
G1 F3600 X112.96 Y90.332 E0.15916
G0 F7200 X112.955 Y89.672
G1 F3600 X108.509 Y94.118 E0.15684
G1 X108.439 Y94.188
G0 F7200 X108.44 Y93.98
G0 X105.463 Y94.013
G0 X105.464 Y94.151
G1 F3600 X96.931 Y85.617 E0.30104
G1 X96.861 Y85.547
G0 F7200 X96.841 Y85.75
G0 X94.48 Y85.667
G0 X94.477 Y85.523
G1 F3600 X85.472 Y94.528 E0.31768
G1 X85.402 Y94.598
G0 F7200 X85.405 Y94.388
G0 X83.08 Y94.254
G0 X83.075 Y94.389
G1 F3600 X74.508 Y85.822 E0.30222
G1 X74.438 Y85.752
G0 F7200 X74.437 Y85.96
G0 X86.93 Y94.406
G0 X86.919 Y94.704
;TYPE:WALL-INNER
G1 F3600 X88.154 Y94.751 E0.03083
G1 X90.041 Y94.668 E0.04712
G1 X91.413 Y94.644 E0.03423
G1 X92.873 Y94.6 E0.03644
G1 X94.603 Y94.635 E0.04316
G1 X96.002 Y94.528 E0.035
G1 X97.496 Y94.484 E0.03728
G1 X98.761 Y94.468 E0.03156
G1 X100.006 Y94.392 E0.03111
G1 X101.126 Y94.351 E0.02796
G1 X104.264 Y94.332 E0.07828
G1 X107.689 Y94.272 E0.08545
G1 X113.158 Y94.314 E0.13643
G1 X113.116 Y89.964 E0.10852
G1 X113.112 Y87.247 E0.06778
G1 X113.123 Y85.639 E0.04011
G1 X107.648 Y85.664 E0.13658
G1 X102.285 Y85.596 E0.13379
G1 X101.151 Y85.569 E0.0283
G1 X99.794 Y85.564 E0.03385
G1 X98.59 Y85.512 E0.03006
G1 X97.283 Y85.49 E0.03261
G1 X96.041 Y85.372 E0.03112
G1 X94.613 Y85.36 E0.03562
G1 X92.802 Y85.404 E0.04519
G1 X91.385 Y85.344 E0.03538
G1 X90.043 Y85.32 E0.03348
G1 X88.154 Y85.229 E0.04718
G1 X85.196 Y85.359 E0.07386
G1 X84.145 Y85.464 E0.02635
G1 X82.484 Y85.52 E0.04146
G1 X81.191 Y85.513 E0.03225
G1 X80.021 Y85.576 E0.02923
G1 X78.884 Y85.612 E0.02838
G1 X77.62 Y85.619 E0.03153
G1 X76.742 Y85.648 E0.02191
G1 X75.024 Y85.664 E0.04286
G1 X72.37 Y85.648 E0.06621
G1 X66.786 Y85.652 E0.13929
G1 X66.776 Y87.534 E0.04695
G1 X66.812 Y89.984 E0.06112
G1 X66.796 Y92.45 E0.06152
G1 X66.806 Y94.311 E0.04642
G1 X69.287 Y94.308 E0.06189
G1 X72.407 Y94.287 E0.07783
G1 X77.649 Y94.396 E0.13079
G1 X79.015 Y94.404 E0.03408
G1 X80.055 Y94.444 E0.02596
G1 X81.366 Y94.457 E0.0327
G1 X82.504 Y94.526 E0.02844
G1 X83.996 Y94.586 E0.03725
G1 X85.126 Y94.684 E0.02829
G1 X86.919 Y94.704 E0.04473
G0 F7200 X86.904 Y95.104
;TYPE:WALL-OUTER
G1 F1800 X88.155 Y95.151 E0.03123
G1 X90.048 Y95.068 E0.04727
G1 X91.425 Y95.044 E0.03435
G1 X92.865 Y95 E0.03594
G1 X94.614 Y95.035 E0.04364
G1 X96.014 Y94.928 E0.03502
G1 X97.501 Y94.884 E0.03711
G1 X98.776 Y94.868 E0.03181
G1 X100.02 Y94.792 E0.03109
G1 X101.127 Y94.751 E0.02763
G1 X104.271 Y94.732 E0.07843
G1 X107.686 Y94.672 E0.0852
G1 X113.562 Y94.712 E0.14658
G1 X113.516 Y89.964 E0.11844
G1 X113.512 Y87.25 E0.0677
G1 X113.526 Y85.237 E0.05022
G1 X107.653 Y85.264 E0.1465
G1 X102.295 Y85.196 E0.13367
G1 X101.157 Y85.169 E0.0284
G1 X99.811 Y85.164 E0.03358
G1 X98.602 Y85.112 E0.03019
G1 X97.321 Y85.092 E0.03196
G1 X96.061 Y84.972 E0.03157
G1 X94.61 Y84.96 E0.0362
G1 X92.819 Y85.004 E0.04469
G1 X91.397 Y84.944 E0.0355
G1 X90.062 Y84.92 E0.03331
G1 X88.155 Y84.829 E0.04762
G1 X85.167 Y84.96 E0.07461
G1 X84.119 Y85.064 E0.02627
G1 X82.486 Y85.12 E0.04076
G1 X81.181 Y85.113 E0.03255
G1 X80.009 Y85.176 E0.02928
G1 X78.882 Y85.212 E0.02813
G1 X77.618 Y85.219 E0.03153
G1 X76.738 Y85.248 E0.02196
G1 X75.026 Y85.264 E0.04271
G1 X72.37 Y85.248 E0.06626
G1 X66.388 Y85.252 E0.14922
G1 X66.376 Y87.54 E0.05708
G1 X66.412 Y89.982 E0.06092
G1 X66.396 Y92.452 E0.06162
G1 X66.408 Y94.711 E0.05635
G1 X69.289 Y94.708 E0.07187
G1 X72.405 Y94.687 E0.07773
G1 X77.647 Y94.796 E0.13079
G1 X79 Y94.804 E0.03375
G1 X80.045 Y94.844 E0.02609
G1 X81.341 Y94.856 E0.03233
G1 X82.435 Y94.924 E0.02734
G1 X83.962 Y94.984 E0.03812
G1 X85.106 Y95.084 E0.02865
G1 X86.904 Y95.104 E0.04485
G0 F7200 X87.103 Y95.111
G0 X87.142 Y94.114
;MESH:NONMESH
G0 F600 X87.142 Y94.114 Z18.65
G0 F7200 X71.563 Y85.949
G0 X71.563 Y85.809
;TIME_ELAPSED:1383.877441
;LAYER:123
;TYPE:FILL
;MESH:pi 3mm_deformed_tet.stl
G1 F3600 X67.01 Y90.363 E0.16064
G0 F7200 X67.006 Y89.634
G1 F3600 X71.507 Y94.134 E0.15877
G1 X71.577 Y94.204
G0 F7200 X71.577 Y93.995
G0 X74.514 Y94.037
G0 X74.511 Y94.175
G1 F3600 X83.034 Y85.652 E0.30067
G1 X83.104 Y85.582
G0 F7200 X83.11 Y85.791
G0 X85.492 Y85.625
G0 X85.487 Y85.487
G1 F3600 X94.489 Y94.489 E0.31757
G1 X94.559 Y94.559
G0 F7200 X94.563 Y94.352
G0 X96.963 Y94.208
G0 X96.966 Y94.347
G1 F3600 X105.51 Y85.804 E0.3014
G1 X105.58 Y85.734
G0 F7200 X105.577 Y85.945
G0 X108.45 Y85.963
G0 X108.45 Y85.822
G1 F3600 X112.916 Y90.288 E0.15755
G0 F7200 X112.912 Y89.715
G1 F3600 X108.513 Y94.114 E0.15519
G1 X108.443 Y94.184
G0 F7200 X108.444 Y93.976
G0 X105.46 Y94.009
G0 X105.461 Y94.147
G1 F3600 X96.932 Y85.619 E0.30087
G1 X96.862 Y85.549
G0 F7200 X96.843 Y85.751
G0 X94.49 Y85.655
G0 X94.488 Y85.512
G1 F3600 X85.456 Y94.544 E0.31863
G1 X85.386 Y94.614
G0 F7200 X85.389 Y94.404
G0 X83.091 Y94.264
G0 X83.086 Y94.4
G1 F3600 X74.511 Y85.825 E0.30251
G1 X74.441 Y85.755
G0 F7200 X74.44 Y85.964
G0 X86.747 Y94.42
G0 X86.736 Y94.716
;TYPE:WALL-INNER
G1 F3600 X88.146 Y94.771 E0.0352
G1 X89.865 Y94.696 E0.04292
G1 X91.409 Y94.668 E0.03852
G1 X93.057 Y94.62 E0.04113
G1 X94.61 Y94.651 E0.03875
G1 X96.14 Y94.529 E0.03829
G1 X97.501 Y94.492 E0.03396
G1 X98.629 Y94.48 E0.02814
G1 X100.006 Y94.392 E0.03442
G1 X101.24 Y94.348 E0.0308
G1 X104.098 Y94.332 E0.07129
G1 X107.662 Y94.268 E0.08892
G1 X113.117 Y94.31 E0.13608
G1 X113.072 Y89.964 E0.10842
G1 X113.08 Y85.637 E0.10794
G1 X107.416 Y85.668 E0.14129
G1 X102.257 Y85.604 E0.1287
G1 X100.983 Y85.572 E0.03179
G1 X99.769 Y85.568 E0.03028
G1 X98.442 Y85.508 E0.03314
G1 X97.271 Y85.49 E0.02921
G1 X95.904 Y85.36 E0.03425
G1 X94.621 Y85.349 E0.03201
G1 X92.986 Y85.388 E0.0408
G1 X91.385 Y85.32 E0.03997
G1 X89.869 Y85.292 E0.03782
G1 X88.15 Y85.209 E0.04293
G1 X85.181 Y85.339 E0.07413
G1 X83.966 Y85.46 E0.03046
G1 X82.471 Y85.512 E0.03732
G1 X81.306 Y85.505 E0.02906
G1 X80.01 Y85.572 E0.03237
G1 X78.752 Y85.612 E0.0314
G1 X77.612 Y85.619 E0.02844
G1 X76.631 Y85.652 E0.02448
G1 X75.04 Y85.668 E0.03969
G1 X71.908 Y85.649 E0.07813
G1 X66.826 Y85.652 E0.12677
G1 X66.816 Y87.534 E0.04695
G1 X66.852 Y89.984 E0.06112
G1 X66.836 Y92.451 E0.06154
G1 X66.846 Y94.308 E0.04632
G1 X69.333 Y94.312 E0.06204
G1 X72.374 Y94.288 E0.07586
G1 X75.091 Y94.348 E0.06779
G1 X76.688 Y94.372 E0.03984
G1 X77.621 Y94.396 E0.02328
G1 X78.897 Y94.4 E0.03183
G1 X80.043 Y94.448 E0.02861
G1 X81.228 Y94.457 E0.02956
G1 X82.44 Y94.536 E0.0303
G1 X83.828 Y94.59 E0.03465
G1 X85.105 Y94.7 E0.03197
G1 X86.736 Y94.716 E0.04069
G0 F7200 X86.72 Y95.116
;TYPE:WALL-OUTER
G1 F1800 X88.147 Y95.171 E0.03562
G1 X89.872 Y95.096 E0.04307
G1 X91.421 Y95.068 E0.03865
G1 X93.049 Y95.02 E0.04063
G1 X94.622 Y95.051 E0.03925
G1 X96.182 Y94.928 E0.03904
G1 X97.505 Y94.892 E0.03301
G1 X98.644 Y94.88 E0.02841
G1 X100.02 Y94.792 E0.03439
G1 X101.242 Y94.748 E0.0305
G1 X104.105 Y94.732 E0.07142
G1 X107.658 Y94.668 E0.08864
G1 X112.661 Y94.712 E0.12481
G1 X113.521 Y94.708 E0.02145
G1 X113.472 Y89.964 E0.11835
G1 X113.472 Y87.094 E0.07159
G1 X113.482 Y85.237 E0.04632
G1 X107.421 Y85.268 E0.15119
G1 X102.267 Y85.204 E0.12858
G1 X100.989 Y85.172 E0.03189
G1 X99.787 Y85.168 E0.02998
G1 X98.454 Y85.108 E0.03329
G1 X97.309 Y85.092 E0.02856
G1 X95.925 Y84.96 E0.03468
G1 X94.618 Y84.949 E0.0326
G1 X93.003 Y84.988 E0.0403
G1 X91.397 Y84.92 E0.0401
G1 X89.888 Y84.892 E0.03765
G1 X88.151 Y84.809 E0.04338
G1 X85.151 Y84.94 E0.07491
G1 X83.952 Y85.06 E0.03006
G1 X82.474 Y85.112 E0.03689
G1 X81.297 Y85.105 E0.02936
G1 X79.998 Y85.172 E0.03245
G1 X78.75 Y85.212 E0.03115
G1 X77.474 Y85.222 E0.03183
G1 X76.627 Y85.252 E0.02114
G1 X75.042 Y85.268 E0.03954
G1 X71.908 Y85.249 E0.07818
G1 X66.428 Y85.252 E0.1367
G1 X66.416 Y87.54 E0.05708
G1 X66.452 Y89.982 E0.06092
G1 X66.436 Y92.453 E0.06164
G1 X66.448 Y94.708 E0.05625
G1 X69.336 Y94.712 E0.07204
G1 X72.365 Y94.688 E0.07556
G1 X75.085 Y94.748 E0.06787
G1 X76.678 Y94.772 E0.03974
G1 X77.615 Y94.796 E0.02338
G1 X78.881 Y94.8 E0.03158
G1 X80.033 Y94.848 E0.02876
G1 X81.202 Y94.856 E0.02916
G1 X82.419 Y94.936 E0.03042
G1 X83.794 Y94.988 E0.03432
G1 X85.086 Y95.1 E0.03235
G1 X86.72 Y95.116 E0.04076
G0 F7200 X86.919 Y95.123
G0 X86.958 Y94.128
;MESH:NONMESH
G0 F600 X86.958 Y94.128 Z18.8
G0 F7200 X71.562 Y85.95
G0 X71.562 Y85.81
;TIME_ELAPSED:1393.556338
;LAYER:124
;TYPE:FILL
;MESH:pi 3mm_deformed_tet.stl
G1 F3600 X67.05 Y90.322 E0.15917
G0 F7200 X67.047 Y89.675
G1 F3600 X71.505 Y94.132 E0.15725
G1 X71.575 Y94.202
G0 F7200 X71.574 Y93.993
G0 X74.519 Y94.034
G0 X74.516 Y94.17
G1 F3600 X83.043 Y85.643 E0.30081
G1 X83.113 Y85.573
G0 F7200 X83.119 Y85.781
G0 X85.472 Y85.606
G0 X85.467 Y85.467
G1 F3600 X94.505 Y94.505 E0.31884
G1 X94.575 Y94.575
G0 F7200 X94.579 Y94.367
G0 X96.955 Y94.217
G0 X96.958 Y94.356
G1 F3600 X105.507 Y85.807 E0.30159
G1 X105.577 Y85.737
G0 F7200 X105.574 Y85.948
G0 X108.447 Y85.959
G0 X108.446 Y85.819
G1 F3600 X112.875 Y90.248 E0.15624
G0 F7200 X112.872 Y89.755
G1 F3600 X108.508 Y94.119 E0.15395
G1 X108.438 Y94.189
G0 F7200 X108.441 Y93.979
G0 X105.456 Y94.004
G0 X105.457 Y94.143
G1 F3600 X96.934 Y85.62 E0.30067
G1 X96.864 Y85.55
G0 F7200 X96.845 Y85.751
G0 X94.504 Y85.643
G0 X94.501 Y85.498
G1 F3600 X85.44 Y94.56 E0.31967
G1 X85.37 Y94.63
G0 F7200 X85.373 Y94.421
G0 X83.101 Y94.274
G0 X83.096 Y94.41
G1 F3600 X74.516 Y85.829 E0.3027
G1 X74.446 Y85.759
G0 F7200 X74.445 Y85.968
G0 X86.558 Y94.435
G0 X86.547 Y94.732
;TYPE:WALL-INNER
G1 F3600 X88.138 Y94.791 E0.03971
G1 X89.692 Y94.724 E0.0388
G1 X91.329 Y94.694 E0.04084
G1 X93.24 Y94.64 E0.04769
G1 X94.622 Y94.667 E0.03448
G1 X96.304 Y94.533 E0.04209
G1 X97.508 Y94.5 E0.03005
G1 X98.497 Y94.488 E0.02467
G1 X100.002 Y94.392 E0.03762
G1 X101.353 Y94.344 E0.03372
G1 X103.925 Y94.332 E0.06416
G1 X107.644 Y94.264 E0.09279
G1 X108.752 Y94.284 E0.02764
G1 X113.077 Y94.308 E0.10789
G1 X113.032 Y89.964 E0.10837
G1 X113.04 Y85.639 E0.10789
G1 X108.648 Y85.655 E0.10956
G1 X107.576 Y85.672 E0.02674
G1 X102.22 Y85.608 E0.13362
G1 X100.811 Y85.572 E0.03516
G1 X99.741 Y85.568 E0.02669
G1 X98.295 Y85.504 E0.03611
G1 X97.259 Y85.49 E0.02585
G1 X95.768 Y85.348 E0.03736
G1 X94.629 Y85.336 E0.02841
G1 X93.166 Y85.372 E0.03651
G1 X91.385 Y85.296 E0.04447
G1 X89.699 Y85.264 E0.04207
G1 X88.142 Y85.189 E0.03888
G1 X85.164 Y85.319 E0.07436
G1 X83.795 Y85.456 E0.03432
G1 X82.487 Y85.504 E0.03265
G1 X81.422 Y85.497 E0.02657
G1 X80.016 Y85.572 E0.03512
G1 X78.619 Y85.616 E0.03487
G1 X77.607 Y85.619 E0.02524
G1 X76.523 Y85.656 E0.02706
G1 X75.051 Y85.672 E0.03672
G1 X71.15 Y85.648 E0.09731
G1 X66.863 Y85.656 E0.10694
G1 X66.856 Y87.536 E0.0469
G1 X66.892 Y89.988 E0.06117
G1 X66.876 Y92.451 E0.06144
G1 X66.886 Y94.305 E0.04625
G1 X69.372 Y94.312 E0.06201
G1 X72.397 Y94.284 E0.07546
G1 X77.663 Y94.396 E0.13139
G1 X78.771 Y94.4 E0.02764
G1 X80.034 Y94.448 E0.03153
G1 X81.084 Y94.457 E0.02619
G1 X82.424 Y94.544 E0.0335
G1 X83.655 Y94.594 E0.03073
G1 X85.089 Y94.716 E0.0359
G1 X86.547 Y94.732 E0.03637
G0 F7200 X86.532 Y95.132
;TYPE:WALL-OUTER
G1 F1800 X88.139 Y95.191 E0.04011
G1 X89.7 Y95.124 E0.03898
G1 X91.337 Y95.094 E0.04084
G1 X93.232 Y95.04 E0.04729
G1 X94.634 Y95.067 E0.03498
G1 X96.346 Y94.932 E0.04284
G1 X97.513 Y94.9 E0.02912
G1 X98.512 Y94.888 E0.02492
G1 X100.016 Y94.792 E0.03759
G1 X101.355 Y94.744 E0.03342
G1 X103.932 Y94.732 E0.06428
G1 X107.636 Y94.664 E0.09241
G1 X108.749 Y94.684 E0.02777
G1 X112.181 Y94.708 E0.08561
G1 X113.481 Y94.708 E0.03243
G1 X113.432 Y89.964 E0.11835
G1 X113.432 Y86.938 E0.07548
G1 X113.442 Y85.24 E0.04236
G1 X112.269 Y85.237 E0.02926
G1 X108.646 Y85.255 E0.09038
G1 X107.581 Y85.272 E0.02657
G1 X102.23 Y85.208 E0.13349
G1 X100.817 Y85.172 E0.03526
G1 X99.759 Y85.168 E0.02639
G1 X98.306 Y85.104 E0.03628
G1 X97.297 Y85.092 E0.02517
G1 X95.789 Y84.948 E0.03779
G1 X94.626 Y84.936 E0.02901
G1 X93.183 Y84.972 E0.03601
G1 X91.397 Y84.896 E0.04459
G1 X89.718 Y84.864 E0.04189
G1 X88.143 Y84.789 E0.03933
G1 X85.135 Y84.92 E0.07511
G1 X83.78 Y85.056 E0.03397
G1 X82.462 Y85.104 E0.0329
G1 X81.413 Y85.097 E0.02617
G1 X80.003 Y85.172 E0.03522
G1 X78.617 Y85.216 E0.03459
G1 X77.453 Y85.222 E0.02904
G1 X76.519 Y85.256 E0.02331
G1 X75.054 Y85.272 E0.03655
G1 X71.15 Y85.248 E0.09739
G1 X66.464 Y85.256 E0.11689
G1 X66.456 Y87.542 E0.05702
G1 X66.492 Y89.986 E0.06097
G1 X66.476 Y92.453 E0.06154
G1 X66.488 Y94.704 E0.05615
G1 X69.376 Y94.712 E0.07204
G1 X72.389 Y94.684 E0.07516
G1 X77.661 Y94.796 E0.13154
G1 X78.756 Y94.8 E0.02732
G1 X80.025 Y94.848 E0.03168
G1 X81.058 Y94.856 E0.02577
G1 X82.403 Y94.944 E0.03362
G1 X83.621 Y94.992 E0.03041
G1 X85.07 Y95.116 E0.03628
G1 X86.532 Y95.132 E0.03647
G0 F7200 X86.731 Y95.139
G0 X86.77 Y94.143
;MESH:NONMESH
G0 F600 X86.77 Y94.143 Z18.95
G0 F7200 X71.56 Y85.949
G0 X71.561 Y85.812
;TIME_ELAPSED:1403.214223
;LAYER:125
;TYPE:FILL
;MESH:pi 3mm_deformed_tet.stl
G1 F3600 X67.09 Y90.282 E0.15771
G0 F7200 X67.087 Y89.714
G1 F3600 X71.502 Y94.129 E0.15575
G1 X71.572 Y94.199
G0 F7200 X71.57 Y93.991
G0 X74.526 Y94.026
G0 X74.524 Y94.162
G1 F3600 X83.055 Y85.631 E0.30095
G1 X83.125 Y85.561
G0 F7200 X83.131 Y85.771
G0 X85.453 Y85.586
G0 X85.448 Y85.448
G1 F3600 X94.52 Y94.52 E0.32004
G1 X94.59 Y94.59
G0 F7200 X94.594 Y94.383
G0 X96.945 Y94.225
G0 X96.949 Y94.365
G1 F3600 X105.497 Y85.817 E0.30155
G1 X105.567 Y85.747
G0 F7200 X105.564 Y85.958
G0 X108.451 Y85.963
G0 X108.45 Y85.822
G1 F3600 X112.835 Y90.208 E0.15471
G0 F7200 X112.832 Y89.795
G1 F3600 X108.511 Y94.116 E0.15243
G1 X108.441 Y94.186
G0 F7200 X108.444 Y93.976
G0 X105.451 Y94.001
G0 X105.452 Y94.138
G1 F3600 X96.93 Y85.616 E0.30064
G1 X96.86 Y85.546
G0 F7200 X96.84 Y85.75
G0 X94.514 Y85.63
G0 X94.512 Y85.488
G1 F3600 X85.424 Y94.576 E0.3206
G1 X85.354 Y94.646
G0 F7200 X85.357 Y94.437
G0 X83.114 Y94.285
G0 X83.109 Y94.423
G1 F3600 X74.516 Y85.829 E0.30316
G1 X74.446 Y85.759
G0 F7200 X74.445 Y85.971
G0 X89.503 Y94.456
G0 X89.52 Y94.752
;TYPE:WALL-INNER
G1 F3600 X91.405 Y94.716 E0.04703
G1 X93.424 Y94.66 E0.05038
G1 X94.63 Y94.683 E0.03009
G1 X96.468 Y94.537 E0.04599
G1 X97.511 Y94.508 E0.02603
G1 X98.365 Y94.496 E0.02131
G1 X100 Y94.396 E0.04086
G1 X101.468 Y94.34 E0.03665
G1 X103.745 Y94.328 E0.0568
G1 X107.615 Y94.26 E0.09655
G1 X109.229 Y94.288 E0.04027
G1 X111.7 Y94.308 E0.06164
G1 X113.037 Y94.305 E0.03335
G1 X112.992 Y89.964 E0.10829
G1 X112.988 Y86.779 E0.07945
G1 X112.995 Y85.642 E0.02836
G1 X111.767 Y85.636 E0.03063
G1 X109.086 Y85.652 E0.06688
G1 X107.518 Y85.676 E0.03912
G1 X106.951 Y85.676 E0.01414
G1 X102.188 Y85.612 E0.11882
G1 X100.64 Y85.572 E0.03863
G1 X99.74 Y85.573 E0.02245
G1 X98.146 Y85.5 E0.0398
G1 X97.247 Y85.486 E0.02243
G1 X95.633 Y85.332 E0.04044
G1 X94.638 Y85.325 E0.02482
G1 X93.35 Y85.356 E0.03214
G1 X91.381 Y85.272 E0.04916
G1 X89.501 Y85.235 E0.04691
G1 X88.139 Y85.173 E0.03401
G1 X85.147 Y85.299 E0.0747
G1 X83.632 Y85.452 E0.03798
G1 X82.449 Y85.492 E0.02953
G1 X81.539 Y85.489 E0.0227
G1 X79.993 Y85.568 E0.03862
G1 X78.489 Y85.616 E0.03754
G1 X77.477 Y85.625 E0.02525
G1 X76.41 Y85.66 E0.02663
G1 X75.064 Y85.672 E0.03358
G1 X70.976 Y85.649 E0.10198
G1 X66.901 Y85.655 E0.10165
G1 X66.892 Y87.544 E0.04712
G1 X66.932 Y89.988 E0.06097
G1 X66.916 Y92.447 E0.06134
G1 X66.926 Y94.305 E0.04635
G1 X69.413 Y94.312 E0.06204
G1 X72.424 Y94.28 E0.07511
G1 X76.465 Y94.36 E0.10082
G1 X77.626 Y94.392 E0.02897
G1 X78.649 Y94.396 E0.02552
G1 X80.023 Y94.452 E0.0343
G1 X80.939 Y94.461 E0.02285
G1 X82.411 Y94.556 E0.0368
G1 X83.487 Y94.598 E0.02686
G1 X85.073 Y94.732 E0.0397
G1 X86.365 Y94.744 E0.03223
G1 X88.13 Y94.815 E0.04406
G1 X89.52 Y94.752 E0.03471
G0 F7200 X89.528 Y95.152
;TYPE:WALL-OUTER
G1 F1800 X91.416 Y95.116 E0.0471
G1 X93.416 Y95.06 E0.04991
G1 X94.642 Y95.083 E0.03059
G1 X96.51 Y94.936 E0.04674
G1 X97.517 Y94.908 E0.02513
G1 X98.38 Y94.896 E0.02153
G1 X100.016 Y94.796 E0.04089
G1 X101.47 Y94.74 E0.0363
G1 X103.752 Y94.728 E0.05693
G1 X107.608 Y94.66 E0.0962
G1 X109.226 Y94.688 E0.04037
G1 X111.7 Y94.708 E0.06172
G1 X113.441 Y94.704 E0.04343
G1 X113.392 Y89.964 E0.11825
G1 X113.388 Y86.782 E0.07938
G1 X113.398 Y85.244 E0.03837
G1 X111.765 Y85.236 E0.04074
G1 X109.08 Y85.252 E0.06698
G1 X107.518 Y85.276 E0.03897
G1 X106.957 Y85.276 E0.01399
G1 X102.198 Y85.212 E0.11872
G1 X100.645 Y85.172 E0.03875
G1 X99.742 Y85.173 E0.02253
G1 X98.158 Y85.1 E0.03955
G1 X97.285 Y85.088 E0.02178
G1 X95.653 Y84.932 E0.0409
G1 X94.634 Y84.925 E0.02542
G1 X93.367 Y84.956 E0.03161
G1 X91.393 Y84.872 E0.04929
G1 X89.519 Y84.835 E0.04676
G1 X88.139 Y84.773 E0.03446
G1 X85.119 Y84.9 E0.0754
G1 X83.607 Y85.052 E0.03791
G1 X82.451 Y85.092 E0.02885
G1 X81.529 Y85.089 E0.023
G1 X79.981 Y85.168 E0.03867
G1 X78.486 Y85.216 E0.03731
G1 X77.464 Y85.225 E0.02549
G1 X76.406 Y85.26 E0.02641
G1 X75.066 Y85.272 E0.03343
G1 X70.976 Y85.249 E0.10203
G1 X66.503 Y85.256 E0.11158
G1 X66.492 Y87.55 E0.05722
G1 X66.532 Y89.986 E0.06077
G1 X66.516 Y92.449 E0.06144
G1 X66.528 Y94.704 E0.05625
G1 X69.417 Y94.712 E0.07207
G1 X72.416 Y94.68 E0.07481
G1 X76.454 Y94.76 E0.10075
G1 X77.62 Y94.792 E0.0291
G1 X78.633 Y94.796 E0.02527
G1 X80.013 Y94.852 E0.03445
G1 X80.913 Y94.86 E0.02245
G1 X82.391 Y94.956 E0.03695
G1 X83.453 Y94.996 E0.02651
G1 X85.054 Y95.132 E0.04008
G1 X86.349 Y95.144 E0.03231
G1 X88.131 Y95.215 E0.04449
G1 X89.528 Y95.152 E0.03488
G0 F7200 X89.728 Y95.149
G0 X89.71 Y94.15
;MESH:NONMESH
G0 F600 X89.71 Y94.15 Z19.1
G0 F7200 X71.552 Y85.953
G0 X71.553 Y85.819
;TIME_ELAPSED:1412.897989
;LAYER:126
;TYPE:FILL
;MESH:pi 3mm_deformed_tet.stl
G1 F3600 X67.131 Y90.241 E0.156
G0 F7200 X67.129 Y89.757
G1 F3600 X71.504 Y94.131 E0.15432
G1 X71.574 Y94.201
G0 F7200 X71.572 Y93.99
G0 X74.528 Y94.023
G0 X74.526 Y94.16
G1 F3600 X78.586 Y90.1 E0.14323
G1 X78.589 Y89.902
G1 X74.521 Y85.835 E0.14349
G1 X74.451 Y85.765
G0 F7200 X74.45 Y85.973
G0 X77.908 Y92.477
G0 X78.132 Y94.221
G0 X82.507 Y94.402
G0 X80.781 Y88.038
G0 X80.641 Y88.045
G1 F3600 X83.065 Y85.621 E0.08551
G1 X83.135 Y85.551
G0 F7200 X83.141 Y85.761
G0 X85.429 Y85.565
G0 X85.424 Y85.424
G1 F3600 X94.537 Y94.537 E0.32149
G1 X94.607 Y94.607
G0 F7200 X94.61 Y94.399
G0 X98.227 Y94.347
G0 X101.605 Y94.168
G0 X102.151 Y92.946
G0 X101.981 Y90.514
G0 X101.841 Y90.527
G1 F3600 X105.447 Y94.134 E0.12723
G1 X105.517 Y94.204
G0 F7200 X105.515 Y93.995
G0 X108.517 Y93.974
G0 X108.515 Y94.112
G1 F3600 X112.792 Y89.835 E0.15088
G0 F7200 X112.794 Y90.167
G1 F3600 X108.453 Y85.825 E0.15316
G1 X108.383 Y85.755
G0 F7200 X108.385 Y85.968
G0 X105.488 Y85.963
G0 X105.49 Y85.823
G1 F3600 X102.107 Y89.206 E0.11934
G1 X102.037 Y89.276
G0 F7200 X102.209 Y89.34
G0 X102.595 Y87.461
G0 X102.501 Y86.532
G0 X101.834 Y85.779
G0 X95.243 Y85.484
G0 X94.524 Y85.476
G1 F3600 X85.407 Y94.593 E0.32163
G1 X85.337 Y94.663
G0 F7200 X85.339 Y94.453
G0 X83.125 Y94.295
G0 X83.12 Y94.433
G1 F3600 X80.837 Y92.151 E0.08052
G1 X80.767 Y92.081
G0 F7200 X80.924 Y92.008
G0 X89.33 Y94.484
G0 X89.348 Y94.78
;TYPE:WALL-INNER
G1 F3600 X91.331 Y94.742 E0.04948
G1 X93.607 Y94.68 E0.0568
G1 X94.634 Y94.699 E0.02562
G1 X96.632 Y94.541 E0.05
G1 X97.521 Y94.516 E0.02218
G1 X98.233 Y94.508 E0.01776
G1 X100.002 Y94.396 E0.04422
G1 X101.584 Y94.34 E0.03949
G1 X103.569 Y94.328 E0.04952
G1 X107.591 Y94.256 E0.10035
G1 X109.714 Y94.292 E0.05297
G1 X111.217 Y94.304 E0.03749
G1 X112.994 Y94.301 E0.04433
G1 X112.952 Y89.964 E0.10819
G1 X112.948 Y86.623 E0.08334
G1 X112.955 Y85.646 E0.02437
G1 X111.274 Y85.64 E0.04193
G1 X109.565 Y85.648 E0.04263
G1 X107.493 Y85.68 E0.05169
G1 X106.724 Y85.68 E0.01918
G1 X102.16 Y85.62 E0.11386
G1 X100.47 Y85.576 E0.04217
G1 X99.689 Y85.572 E0.01948
G1 X97.999 Y85.496 E0.0422
G1 X97.235 Y85.486 E0.01906
G1 X95.496 Y85.32 E0.04358
G1 X94.645 Y85.313 E0.02123
G1 X93.53 Y85.34 E0.02782
G1 X91.381 Y85.248 E0.05366
G1 X89.345 Y85.212 E0.0508
G1 X88.129 Y85.153 E0.03037
G1 X86.277 Y85.222 E0.04623
G1 X85.13 Y85.279 E0.02865
G1 X83.464 Y85.448 E0.04177
G1 X82.436 Y85.484 E0.02566
G1 X81.659 Y85.481 E0.01938
G1 X79.981 Y85.568 E0.04191
G1 X78.351 Y85.62 E0.04068
G1 X77.582 Y85.623 E0.01918
G1 X76.298 Y85.664 E0.03205
G1 X75.076 Y85.676 E0.03048
G1 X72.277 Y85.668 E0.06982
G1 X70.501 Y85.649 E0.04431
G1 X66.941 Y85.659 E0.0888
G1 X66.932 Y87.548 E0.04712
G1 X66.973 Y89.982 E0.06072
G1 X66.953 Y92.45 E0.06157
G1 X66.965 Y94.302 E0.0462
G1 X69.454 Y94.316 E0.06209
G1 X72.448 Y94.28 E0.07469
G1 X76.361 Y94.356 E0.09763
G1 X77.629 Y94.392 E0.03164
G1 X78.526 Y94.392 E0.02238
G1 X80.015 Y94.456 E0.03718
G1 X80.795 Y94.461 E0.01946
G1 X82.396 Y94.564 E0.04002
G1 X83.319 Y94.602 E0.02304
G1 X85.053 Y94.748 E0.04341
G1 X86.176 Y94.76 E0.02801
G1 X88.122 Y94.835 E0.04858
G1 X89.348 Y94.78 E0.03061
G0 F7200 X89.356 Y95.18
;TYPE:WALL-OUTER
G1 F1800 X91.339 Y95.142 E0.04948
G1 X93.6 Y95.08 E0.05642
G1 X94.646 Y95.099 E0.0261
G1 X96.674 Y94.94 E0.05074
G1 X97.525 Y94.916 E0.02124
G1 X98.248 Y94.908 E0.01804
G1 X100.016 Y94.796 E0.04419
G1 X101.586 Y94.74 E0.03919
G1 X103.576 Y94.728 E0.04964
G1 X107.584 Y94.656 E0.1
G1 X109.711 Y94.692 E0.05307
G1 X111.217 Y94.704 E0.03757
G1 X113.398 Y94.7 E0.05441
G1 X113.352 Y89.964 E0.11815
G1 X113.348 Y86.626 E0.08327
G1 X113.358 Y85.248 E0.03438
G1 X111.272 Y85.24 E0.05204
G1 X109.559 Y85.248 E0.04273
G1 X107.493 Y85.28 E0.05154
G1 X106.729 Y85.28 E0.01906
G1 X102.17 Y85.22 E0.11373
G1 X100.476 Y85.176 E0.04227
G1 X99.707 Y85.172 E0.01918
G1 X98.01 Y85.096 E0.04237
G1 X97.273 Y85.088 E0.01839
G1 X95.517 Y84.92 E0.044
G1 X94.642 Y84.913 E0.02183
G1 X93.547 Y84.94 E0.02732
G1 X91.393 Y84.848 E0.05378
G1 X89.364 Y84.812 E0.05062
G1 X88.131 Y84.753 E0.03079
G1 X86.205 Y84.825 E0.04808
G1 X85.1 Y84.88 E0.0276
G1 X83.44 Y85.048 E0.04162
G1 X82.438 Y85.084 E0.02501
G1 X81.649 Y85.081 E0.01968
G1 X79.969 Y85.168 E0.04196
G1 X78.349 Y85.22 E0.04043
G1 X77.58 Y85.223 E0.01918
G1 X76.294 Y85.264 E0.0321
G1 X75.078 Y85.276 E0.03033
G1 X72.281 Y85.268 E0.06977
G1 X70.5 Y85.249 E0.04443
G1 X66.543 Y85.26 E0.09871
G1 X66.532 Y87.554 E0.05722
G1 X66.573 Y89.983 E0.0606
G1 X66.553 Y92.452 E0.06159
G1 X66.567 Y94.7 E0.05608
G1 X69.459 Y94.716 E0.07214
G1 X72.44 Y94.68 E0.07437
G1 X76.35 Y94.756 E0.09755
G1 X77.623 Y94.792 E0.03177
G1 X78.509 Y94.792 E0.0221
G1 X80.005 Y94.856 E0.03735
G1 X80.769 Y94.86 E0.01906
G1 X82.375 Y94.964 E0.04015
G1 X83.285 Y95 E0.02272
G1 X85.034 Y95.148 E0.04378
G1 X86.16 Y95.16 E0.02809
G1 X88.123 Y95.235 E0.049
G1 X89.356 Y95.18 E0.03079
G0 F7200 X89.556 Y95.177
G0 X89.544 Y94.478
G0 X98.332 Y90.022
G0 X98.609 Y90.063
;TYPE:SKIN
G1 F1800 X98.597 Y89.938 E0.00313
G1 X97.399 Y88.1 E0.05473
G1 X97.19 Y87.69 E0.01148
G1 X95.399 Y85.691 E0.06695
G1 X97.2 Y85.864 E0.04513
G1 X97.97 Y85.876 E0.01921
G1 X99.671 Y85.952 E0.04247
G1 X100.448 Y85.957 E0.01938
G1 X101.684 Y85.985 E0.03084
G1 X101.935 Y86.658 E0.01792
G1 X102.015 Y87.475 E0.02048
G1 X101.965 Y89.189 E0.04277
G1 X101.648 Y90.042 E0.0227
G1 X101.755 Y91.045 E0.02516
G1 X101.657 Y92.517 E0.0368
G1 X101.413 Y93.508 E0.02546
G1 X101.399 Y93.963 E0.01136
G1 X99.988 Y94.016 E0.03522
G1 X98.236 Y94.127 E0.04379
G1 X97.517 Y94.136 E0.01794
G1 X96.564 Y94.163 E0.02378
G1 X97.113 Y92.696 E0.03907
G1 X97.493 Y92.784 E0.00973
G1 X97.648 Y92.713 E0.00425
G1 X98.108 Y91.061 E0.04278
G1 X98.609 Y90.063 E0.02786
G0 F7200 X98.332 Y90.022
G0 X97.238 Y91.986
G0 X96.541 Y93.428
G0 X96.989 Y93.595
G1 F1800 X97.338 Y93.944 E0.01231
G0 F7200 X97.893 Y93.933
G1 F1800 X97.143 Y93.183 E0.02646
G0 F7200 X97.509 Y92.983
G1 F1800 X98.438 Y93.913 E0.03279
G0 F7200 X98.97 Y93.879
G1 F1800 X97.832 Y92.741 E0.04015
G0 F7200 X97.968 Y92.311
G1 F1800 X99.502 Y93.845 E0.05412
G0 F7200 X100.036 Y93.813
G1 F1800 X98.091 Y91.868 E0.06862
G0 F7200 X98.214 Y91.425
G1 F1800 X100.581 Y93.793 E0.08352
G0 F7200 X101.126 Y93.772
G1 F1800 X98.359 Y91.005 E0.09761
G0 F7200 X98.548 Y90.628
G1 F1800 X101.251 Y93.332 E0.09537
G0 F7200 X101.363 Y92.878
G1 F1800 X98.737 Y90.252 E0.09264
G0 F7200 X98.547 Y89.496
G1 F1800 X101.464 Y92.413 E0.10291
G0 F7200 X101.5 Y91.883
G1 F1800 X97.522 Y87.905 E0.14033
G1 X97.452 Y87.835
G0 F7200 X97.051 Y88.029
G0 X94.772 Y85.76
G0 X97.387 Y85.588
G0 X97.38 Y86.066
G1 F1800 X101.457 Y90.143 E0.14383
G0 F7200 X101.567 Y89.687
G1 F1800 X97.956 Y86.076 E0.12739
G0 F7200 X98.547 Y86.102
G1 F1800 X101.72 Y89.275 E0.11194
G0 F7200 X101.777 Y88.766
G1 F1800 X99.14 Y86.129 E0.09303
G0 F7200 X99.729 Y86.152
G1 F1800 X101.793 Y88.217 E0.07283
G0 F7200 X101.809 Y87.667
G1 F1800 X100.298 Y86.156 E0.0533
G0 F7200 X100.874 Y86.167
G1 F1800 X101.773 Y87.065 E0.0317
G0 F7200 X101.597 Y86.324
G1 F1800 X101.454 Y86.18 E0.00506
G0 F7200 X101.982 Y85.985
G0 X102.235 Y87.473
G0 X102.195 Y88.899
G0 X102.004 Y90.727
G0 X101.525 Y90.777
G1 F1800 X96.772 Y86.024 E0.16767
G0 F7200 X96.146 Y85.964
G1 F1800 X101.534 Y91.352 E0.19008
G1 X101.604 Y91.422
G0 F7200 X102.009 Y91.449
G0 X101.605 Y94.168
G0 X96.265 Y94.391
G0 X80.983 Y92.131
G0 X80.765 Y92.307
G1 F1800 X82.302 Y94.175 E0.06034
G1 X80.817 Y94.08 E0.03712
G1 X80.045 Y94.076 E0.01926
G1 X78.314 Y93.999 E0.04322
G1 X78.128 Y92.494 E0.03783
G1 X78.732 Y90.502 E0.05192
G1 X78.721 Y89.95 E0.01377
G1 X78.848 Y89.448 E0.01292
G1 X79.05 Y87.374 E0.05198
G1 X79.08 Y87.241 E0.0034
G1 X79.181 Y85.974 E0.03171
G1 X79.991 Y85.948 E0.02022
G1 X80.74 Y85.907 E0.01871
G1 X80.823 Y87.28 E0.03431
G1 X80.507 Y87.661 E0.01235
G1 X80.484 Y87.736 E0.00196
G1 X80.607 Y89.972 E0.05586
G1 X80.649 Y92.092 E0.05289
G1 X80.765 Y92.307 E0.00609
G0 F7200 X80.98 Y92.131
G0 X82.607 Y94.206
G0 X78.132 Y94.221
G0 X79.127 Y93.834
G1 F1800 X78.406 Y93.114 E0.02542
G0 F7200 X78.34 Y92.482
G1 F1800 X79.719 Y93.861 E0.04865
G0 F7200 X80.3 Y93.877
G1 F1800 X78.471 Y92.048 E0.06452
G0 F7200 X78.603 Y91.613
G1 F1800 X80.871 Y93.882 E0.08003
G0 F7200 X81.476 Y93.921
G1 F1800 X78.734 Y91.179 E0.09673
G0 F7200 X78.864 Y90.744
G1 F1800 X80.875 Y92.755 E0.07094
G1 X80.945 Y92.825
G0 F7200 X81.308 Y92.527
G0 X80.926 Y91.749
G0 X80.443 Y91.757
G1 F1800 X78.929 Y90.242 E0.05343
G0 F7200 X78.982 Y89.73
G1 F1800 X80.431 Y91.179 E0.05112
G0 F7200 X80.42 Y90.602
G1 F1800 X79.068 Y89.25 E0.0477
G0 F7200 X79.118 Y88.735
G1 F1800 X80.409 Y90.025 E0.04553
G0 F7200 X80.378 Y89.429
G1 F1800 X79.169 Y88.22 E0.04265
G0 F7200 X79.219 Y87.705
G1 F1800 X80.346 Y88.831 E0.03974
G0 F7200 X80.313 Y88.233
G1 F1800 X79.284 Y87.203 E0.03632
G0 F7200 X79.325 Y86.679
G1 F1800 X80.303 Y87.657 E0.0345
G0 F7200 X80.532 Y87.32
G1 F1800 X79.38 Y86.168 E0.04064
G0 F7200 X79.928 Y86.15
G1 F1800 X80.595 Y86.818 E0.02355
G0 F7200 X80.559 Y86.216
G1 F1800 X80.465 Y86.121 E0.00333
G0 F7200 X81.334 Y86.098
;MESH:NONMESH
G0 F600 X81.334 Y86.098 Z19.25
G0 F7200 X82.607 Y94.206
G0 X78.132 Y94.221
G0 X71.546 Y85.96
G0 X71.548 Y85.824
;TIME_ELAPSED:1432.462811
;LAYER:127
;TYPE:FILL
;MESH:pi 3mm_deformed_tet.stl
G1 F3600 X67.172 Y90.201 E0.15439
G0 F7200 X67.169 Y89.797
G1 F3600 X71.501 Y94.129 E0.15282
G1 X71.571 Y94.199
G0 F7200 X71.569 Y93.989
G0 X74.532 Y94.02
G0 X74.529 Y94.157
G1 F3600 X76.334 Y92.352 E0.06368
G1 X76.404 Y92.282
G0 F7200 X76.201 Y92.271
G0 X76.397 Y87.845
G0 X76.535 Y87.849
G1 F3600 X74.525 Y85.839 E0.07091
G1 X74.455 Y85.769
G0 F7200 X74.454 Y85.977
G0 X76.245 Y92.557
G0 X76.613 Y94.192
G0 X84.879 Y94.581
G0 X85.413 Y85.547
G0 X85.408 Y85.408
G1 F3600 X94.056 Y94.056 E0.30508
G1 X94.126 Y94.126
G0 F7200 X93.968 Y93.948
G0 X94.012 Y85.984
G0 X94.112 Y85.887
G1 F3600 X85.392 Y94.608 E0.30764
G1 X85.322 Y94.678
G0 F7200 X85.325 Y94.469
G0 X94.642 Y94.554
G0 X103.349 Y94.155
G0 X103.498 Y92.064
G0 X103.359 Y92.046
G1 F3600 X105.444 Y94.13 E0.07354
G1 X105.514 Y94.2
G0 F7200 X105.512 Y93.991
G0 X108.521 Y93.971
G0 X108.519 Y94.108
G1 F3600 X112.752 Y89.875 E0.14933
G0 F7200 X112.755 Y90.127
G1 F3600 X108.457 Y85.829 E0.15162
G1 X108.387 Y85.759
G0 F7200 X108.389 Y85.971
G0 X105.481 Y85.97
G0 X105.483 Y85.83
G1 F3600 X103.438 Y87.876 E0.07216
G1 X103.368 Y87.946
G0 F7200 X103.585 Y87.919
G0 X103.101 Y85.807
G0 X94.655 Y85.46
G0 X89.157 Y94.513
G0 X89.172 Y94.812
;TYPE:WALL-INNER
G1 F3600 X91.404 Y94.768 E0.05569
G1 X93.794 Y94.696 E0.05965
G1 X94.647 Y94.715 E0.02128
G1 X96.8 Y94.545 E0.05387
G1 X98.1 Y94.516 E0.03244
G1 X99.998 Y94.396 E0.04744
G1 X101.697 Y94.336 E0.04241
G1 X103.396 Y94.328 E0.04238
G1 X107.567 Y94.252 E0.10406
G1 X110.204 Y94.296 E0.06579
G1 X112.954 Y94.296 E0.0686
G1 X112.912 Y89.961 E0.10814
G1 X112.914 Y85.648 E0.10759
G1 X110.038 Y85.644 E0.07174
G1 X107.467 Y85.684 E0.06414
G1 X106.491 Y85.684 E0.02435
G1 X102.124 Y85.624 E0.10895
G1 X100.3 Y85.576 E0.04552
G1 X99.66 Y85.576 E0.01596
G1 X97.852 Y85.492 E0.04515
G1 X97.223 Y85.486 E0.01569
G1 X95.36 Y85.308 E0.04668
G1 X94.653 Y85.3 E0.01764
G1 X93.71 Y85.324 E0.02353
G1 X91.381 Y85.224 E0.05815
G1 X89.189 Y85.184 E0.05469
G1 X88.121 Y85.133 E0.02667
G1 X85.111 Y85.259 E0.07515
G1 X83.293 Y85.444 E0.04558
G1 X82.428 Y85.472 E0.02159
G1 X81.776 Y85.472 E0.01626
G1 X79.988 Y85.564 E0.04466
G1 X78.22 Y85.62 E0.04413
G1 X77.574 Y85.623 E0.01611
G1 X76.191 Y85.668 E0.03452
G1 X75.088 Y85.68 E0.02752
G1 X72.305 Y85.672 E0.06942
G1 X70.037 Y85.649 E0.05658
G1 X66.979 Y85.659 E0.07628
G1 X66.972 Y87.546 E0.04707
G1 X67.013 Y89.989 E0.06095
G1 X66.993 Y92.449 E0.06137
G1 X67.002 Y94.299 E0.04615
G1 X69.497 Y94.316 E0.06224
G1 X72.477 Y94.276 E0.07434
G1 X77.634 Y94.388 E0.12867
G1 X78.4 Y94.392 E0.01911
G1 X80.006 Y94.456 E0.04009
G1 X80.651 Y94.461 E0.01609
G1 X82.379 Y94.572 E0.04319
G1 X83.152 Y94.602 E0.0193
G1 X85.038 Y94.764 E0.04722
G1 X85.987 Y94.776 E0.02367
G1 X88.114 Y94.855 E0.05309
G1 X89.172 Y94.812 E0.02641
G0 F7200 X89.18 Y95.212
;TYPE:WALL-OUTER
G1 F1800 X91.416 Y95.168 E0.05579
G1 X93.785 Y95.096 E0.05912
G1 X94.658 Y95.115 E0.02178
G1 X96.842 Y94.944 E0.05465
G1 X98.116 Y94.916 E0.03179
G1 X100.012 Y94.796 E0.04739
G1 X101.699 Y94.736 E0.04211
G1 X103.403 Y94.728 E0.04251
G1 X107.56 Y94.652 E0.10371
G1 X110.204 Y94.696 E0.06596
G1 X113.358 Y94.696 E0.07868
G1 X113.312 Y89.961 E0.11812
G1 X113.308 Y86.47 E0.08708
G1 X113.318 Y85.248 E0.03048
G1 X110.032 Y85.244 E0.08197
G1 X107.467 Y85.284 E0.06399
G1 X106.497 Y85.284 E0.0242
G1 X102.134 Y85.224 E0.10885
G1 X100.305 Y85.176 E0.04564
G1 X99.678 Y85.176 E0.01564
G1 X97.862 Y85.092 E0.04535
G1 X97.261 Y85.088 E0.01499
G1 X95.381 Y84.908 E0.04711
G1 X94.65 Y84.9 E0.01824
G1 X93.727 Y84.924 E0.02303
G1 X91.393 Y84.824 E0.05828
G1 X89.208 Y84.784 E0.05451
G1 X88.123 Y84.733 E0.0271
G1 X85.083 Y84.86 E0.0759
G1 X83.267 Y85.044 E0.04553
G1 X82.428 Y85.072 E0.02094
G1 X81.766 Y85.072 E0.01651
G1 X79.975 Y85.164 E0.04474
G1 X78.218 Y85.22 E0.04385
G1 X77.439 Y85.226 E0.01943
G1 X76.187 Y85.268 E0.03125
G1 X75.09 Y85.28 E0.02737
G1 X72.309 Y85.272 E0.06937
G1 X70.036 Y85.249 E0.0567
G1 X66.58 Y85.26 E0.08621
G1 X66.572 Y87.552 E0.05717
G1 X66.613 Y89.986 E0.06072
G1 X66.593 Y92.451 E0.06149
G1 X66.604 Y94.697 E0.05603
G1 X69.503 Y94.716 E0.07232
G1 X72.469 Y94.676 E0.07399
G1 X77.628 Y94.788 E0.12872
G1 X78.384 Y94.792 E0.01886
G1 X79.997 Y94.856 E0.04027
G1 X80.625 Y94.86 E0.01567
G1 X82.359 Y94.972 E0.04334
G1 X83.118 Y95 E0.01895
G1 X85.018 Y95.164 E0.04757
G1 X85.972 Y95.176 E0.0238
G1 X88.115 Y95.255 E0.05349
G1 X89.18 Y95.212 E0.02659
G0 F7200 X89.38 Y95.209
G0 X89.368 Y94.507
G0 X95.59 Y93.219
G0 X95.674 Y93.483
;TYPE:SKIN
G1 F1800 X95.8 Y93.363 E0.00434
G1 X96.16 Y92.407 E0.02548
G1 X96.961 Y89.97 E0.06399
G1 X96.047 Y87.64 E0.06243
G1 X94.116 Y85.692 E0.06842
G1 X94.65 Y85.681 E0.01332
G1 X95.333 Y85.688 E0.01704
G1 X97.189 Y85.864 E0.04651
G1 X97.838 Y85.872 E0.01619
G1 X99.642 Y85.956 E0.04505
G1 X100.293 Y85.956 E0.01624
G1 X102.11 Y86.004 E0.04534
G1 X102.93 Y86.015 E0.02046
G1 X103.234 Y87.419 E0.03583
G1 X103.324 Y88.113 E0.01746
G1 X103.395 Y89.971 E0.04638
G1 X103.237 Y91.894 E0.04813
G1 X103.109 Y92.857 E0.02423
G1 X103.134 Y93.948 E0.02722
G1 X101.695 Y93.956 E0.0359
G1 X99.984 Y94.016 E0.04271
G1 X98.083 Y94.136 E0.04752
G1 X96.783 Y94.164 E0.03244
G1 X94.63 Y94.332 E0.05387
G1 X93.97 Y94.318 E0.01647
G1 X94.463 Y93.877 E0.0165
G1 X95.674 Y93.483 E0.03177
G0 F7200 X95.564 Y93.209
G0 X94.174 Y93.374
G0 X93.337 Y94.209
G0 X94.642 Y94.554
G0 X103.349 Y94.155
G0 X102.921 Y93.372
G1 F1800 X102.541 Y93.752 E0.01341
G0 F7200 X101.973 Y93.755
G1 F1800 X102.913 Y92.814 E0.03318
G0 F7200 X102.999 Y92.162
G1 F1800 X101.395 Y93.767 E0.0566
G0 F7200 X100.809 Y93.787
G1 F1800 X103.066 Y91.529 E0.07964
G0 F7200 X103.117 Y90.913
G1 F1800 X100.222 Y93.808 E0.10213
G0 F7200 X99.626 Y93.839
G1 F1800 X103.168 Y90.297 E0.12495
G0 F7200 X103.185 Y89.713
G1 F1800 X99.023 Y93.876 E0.14684
G0 F7200 X98.419 Y93.914
G1 F1800 X103.164 Y89.169 E0.16739
G0 F7200 X103.144 Y88.624
G1 F1800 X97.826 Y93.941 E0.18759
G0 F7200 X97.248 Y93.954
G1 F1800 X103.119 Y88.083 E0.20712
G0 F7200 X103.054 Y87.582
G1 F1800 X96.663 Y93.973 E0.22546
G0 F7200 X96.049 Y94.021
G1 F1800 X102.962 Y87.108 E0.24387
G0 F7200 X102.861 Y86.643
G1 F1800 X95.435 Y94.069 E0.26197
G0 F7200 X95.039 Y93.9
G1 F1800 X94.822 Y94.117 E0.00766
G0 F7200 X94.859 Y94.598
G0 X93.791 Y94.53
G0 X95.834 Y92.491
G0 X96.279 Y92.66
G1 F1800 X102.727 Y86.212 E0.22747
G0 F7200 X102.173 Y86.2
G1 F1800 X96.571 Y91.802 E0.19763
G1 X96.501 Y91.872
G0 F7200 X96.85 Y90.957
G1 F1800 X101.62 Y86.187 E0.16827
G0 F7200 X101.067 Y86.174
G1 F1800 X97.13 Y90.112 E0.13891
G0 F7200 X97.043 Y89.634
G1 F1800 X100.515 Y86.162 E0.12248
G0 F7200 X99.954 Y86.156
G1 F1800 X96.884 Y89.227 E0.10832
G0 F7200 X96.725 Y88.82
G1 F1800 X99.4 Y86.145 E0.09437
G0 F7200 X98.86 Y86.119
G1 F1800 X96.566 Y88.413 E0.08093
G0 F7200 X96.407 Y88.007
G1 F1800 X98.319 Y86.094 E0.06747
G0 F7200 X97.777 Y86.071
G1 F1800 X96.249 Y87.599 E0.0539
G0 F7200 X95.988 Y87.294
G1 F1800 X97.217 Y86.065 E0.04336
G0 F7200 X96.699 Y86.017
G1 F1800 X95.706 Y87.01 E0.03503
G0 F7200 X95.424 Y86.727
G1 F1800 X96.182 Y85.969 E0.02674
G0 F7200 X95.665 Y85.92
G1 F1800 X95.143 Y86.442 E0.01841
G0 F7200 X94.861 Y86.158
G1 F1800 X95.133 Y85.887 E0.00958
G0 F7200 X95.457 Y85.419
G0 X93.903 Y85.485
G0 X82.609 Y92.41
G0 X82.461 Y92.652
G1 F1800 X83.391 Y93.206 E0.027
G1 X84.77 Y94.264 E0.04336
G1 X84.735 Y94.355 E0.00243
G1 X83.166 Y94.22 E0.03928
G1 X82.408 Y94.192 E0.01892
G1 X80.673 Y94.08 E0.04337
G1 X80.017 Y94.076 E0.01636
G1 X78.412 Y94.012 E0.04007
G1 X77.652 Y94.008 E0.01896
G1 X76.782 Y93.984 E0.02171
G1 X76.462 Y92.535 E0.03702
G1 X76.575 Y90.498 E0.05089
G1 X76.612 Y89.987 E0.01278
G1 X76.684 Y87.528 E0.06137
G1 X76.712 Y87.206 E0.00806
G1 X76.695 Y86.033 E0.02926
G1 X77.561 Y86 E0.02162
G1 X78.216 Y86 E0.01634
G1 X79.995 Y85.944 E0.0444
G1 X81.771 Y85.853 E0.04436
G1 X82.401 Y85.852 E0.01572
G1 X83.309 Y85.821 E0.02266
G1 X82.686 Y86.438 E0.02187
G1 X81.68 Y87.613 E0.03859
G1 X81.633 Y87.717 E0.00285
G1 X81.509 Y88.649 E0.02345
G1 X81.584 Y89.988 E0.03345
G1 X81.606 Y91.091 E0.02752
G1 X82.207 Y92.354 E0.03489
G1 X82.461 Y92.652 E0.00977
G0 F7200 X82.604 Y92.413
G0 X84.442 Y93.661
G0 X84.151 Y94.04
G1 F1800 X84.091 Y94.1 E0.00212
G0 F7200 X83.83 Y93.795
G1 F1800 X83.57 Y94.055 E0.00917
G0 F7200 X83.257 Y93.803
G1 F1800 X83.51 Y93.55 E0.00893
G0 F7200 X83.255 Y93.804
G1 F1800 X83.043 Y94.017 E0.0075
G0 F7200 X82.499 Y93.995
G1 F1800 X83.181 Y93.313 E0.02406
G0 F7200 X82.826 Y93.102
G1 F1800 X81.965 Y93.963 E0.03037
G0 F7200 X81.433 Y93.929
G1 F1800 X82.472 Y92.89 E0.03665
G0 F7200 X82.17 Y92.627
G1 F1800 X80.902 Y93.895 E0.04473
G0 F7200 X80.353 Y93.878
G1 F1800 X81.949 Y92.282 E0.0563
G0 F7200 X81.767 Y91.898
G1 F1800 X79.798 Y93.867 E0.06946
G0 F7200 X79.255 Y93.845
G1 F1800 X81.585 Y91.514 E0.08221
G0 F7200 X81.406 Y91.128
G1 F1800 X78.71 Y93.824 E0.09511
G0 F7200 X78.158 Y93.81
G1 F1800 X81.395 Y90.573 E0.11419
G0 F7200 X81.384 Y90.019
G1 F1800 X77.596 Y93.806 E0.13361
G0 F7200 X77.046 Y93.791
G1 F1800 X81.354 Y89.483 E0.15198
G0 F7200 X81.323 Y88.948
G1 F1800 X76.86 Y93.411 E0.15744
G0 F7200 X76.759 Y92.947
G1 F1800 X81.346 Y88.359 E0.16184
G0 F7200 X81.432 Y87.708
G1 F1800 X76.666 Y92.474 E0.16813
G0 F7200 X76.699 Y91.875
G1 F1800 X82.26 Y86.314 E0.19618
G1 X82.261 Y86.314
G1 X82.524 Y86.051 E0.00928
G0 F7200 X81.965 Y86.044
G1 F1800 X76.733 Y91.275 E0.18456
G0 F7200 X76.766 Y90.677
G1 F1800 X81.369 Y86.074 E0.16238
G0 F7200 X80.773 Y86.104
G1 F1800 X76.807 Y90.071 E0.13993
G0 F7200 X76.826 Y89.485
G1 F1800 X80.177 Y86.135 E0.1182
G0 F7200 X79.589 Y86.157
G1 F1800 X76.844 Y88.902 E0.09684
G0 F7200 X76.862 Y88.318
G1 F1800 X79.005 Y86.175 E0.0756
G0 F7200 X78.421 Y86.193
G1 F1800 X76.879 Y87.736 E0.05442
G0 F7200 X76.91 Y87.139
G1 F1800 X77.849 Y86.2 E0.03313
G0 F7200 X77.272 Y86.211
G1 F1800 X76.903 Y86.58 E0.01302
G0 F7200 X76.123 Y86.59
;MESH:NONMESH
G0 F600 X76.123 Y86.59 Z19.4
G0 F7200 X71.542 Y85.965
G0 X71.544 Y85.828
;TIME_ELAPSED:1456.649075
;LAYER:128
;TYPE:FILL
;MESH:pi 3mm_deformed_tet.stl
G1 F3600 X67.211 Y90.161 E0.15286
G0 F7200 X67.21 Y89.837
G1 F3600 X71.499 Y94.127 E0.15132
G1 X71.569 Y94.197
G0 F7200 X71.567 Y93.987
G0 X74.535 Y94.017
G0 X74.532 Y94.154
G1 F3600 X75.619 Y93.067 E0.03835
G1 X75.689 Y92.997
G0 F7200 X75.471 Y93.044
G0 X75.638 Y87.078
G0 X75.776 Y87.09
G1 F3600 X74.526 Y85.84 E0.0441
G1 X74.456 Y85.77
G0 F7200 X74.455 Y85.98
G0 X76.079 Y85.837
G0 X86.122 Y85.368
G0 X86.522 Y86.25
G0 X86.028 Y86.028
G1 F3600 X93.559 Y93.559 E0.26568
G1 X93.629 Y93.629
G0 F7200 X93.472 Y93.451
G0 X93.507 Y86.498
G0 X93.603 Y86.396
G1 F3600 X86.207 Y93.793 E0.26093
G1 X86.137 Y93.863
G0 F7200 X86.197 Y93.646
G0 X92.757 Y94.581
G0 X94.646 Y94.57
G0 X104.12 Y94.136
G0 X104.271 Y92.836
G0 X104.132 Y92.818
G1 F3600 X105.438 Y94.124 E0.04607
G1 X105.508 Y94.194
G0 F7200 X105.506 Y93.986
G0 X108.525 Y93.967
G0 X108.523 Y94.105
G1 F3600 X112.708 Y89.919 E0.14765
G1 X112.709 Y90.082
G1 X108.459 Y85.831 E0.14995
G1 X108.389 Y85.761
G0 F7200 X108.391 Y85.975
G0 X105.479 Y85.976
G0 X105.481 Y85.833
G1 F3600 X104.16 Y87.153 E0.04658
G1 X104.09 Y87.223
G0 F7200 X104.309 Y87.177
G0 X103.923 Y85.821
G0 X94.665 Y85.449
G0 X92.886 Y85.433
G0 X88.984 Y94.541
G0 X88.999 Y94.84
;TYPE:WALL-INNER
G1 F3600 X91.402 Y94.792 E0.05996
G1 X93.978 Y94.716 E0.06429
G1 X94.651 Y94.731 E0.01679
G1 X96.984 Y94.548 E0.05838
G1 X97.97 Y94.528 E0.0246
G1 X99.997 Y94.4 E0.05066
G1 X101.812 Y94.332 E0.04531
G1 X103.22 Y94.324 E0.03512
G1 X107.538 Y94.248 E0.10773
G1 X110.461 Y94.296 E0.07292
G1 X112.913 Y94.292 E0.06117
G1 X112.868 Y89.96 E0.10807
G1 X112.872 Y85.65 E0.10751
G1 X110.38 Y85.64 E0.06216
G1 X107.437 Y85.688 E0.07342
G1 X106.259 Y85.684 E0.02939
G1 X102.093 Y85.628 E0.10393
G1 X99.638 Y85.576 E0.06125
G1 X97.701 Y85.492 E0.04836
G1 X97.21 Y85.482 E0.01225
G1 X95.225 Y85.292 E0.04974
G1 X94.663 Y85.288 E0.01402
G1 X93.894 Y85.308 E0.01919
G1 X91.381 Y85.2 E0.06274
G1 X89.023 Y85.156 E0.05883
G1 X88.118 Y85.113 E0.0226
G1 X85.095 Y85.239 E0.07547
G1 X83.122 Y85.44 E0.04947
G1 X82.411 Y85.464 E0.01775
G1 X81.89 Y85.461 E0.013
G1 X79.945 Y85.565 E0.04859
G1 X78.088 Y85.624 E0.04635
G1 X77.501 Y85.628 E0.01464
G1 X76.077 Y85.676 E0.03554
G1 X75.099 Y85.684 E0.0244
G1 X73.413 Y85.673 E0.04206
G1 X72.333 Y85.676 E0.02694
G1 X69.576 Y85.649 E0.06878
G1 X67.018 Y85.661 E0.06381
G1 X67.012 Y87.55 E0.04712
G1 X67.053 Y89.983 E0.0607
G1 X67.033 Y92.446 E0.06144
G1 X67.045 Y94.299 E0.04622
G1 X69.539 Y94.316 E0.06221
G1 X72.505 Y94.272 E0.074
G1 X76.145 Y94.348 E0.09082
G1 X77.633 Y94.388 E0.03713
G1 X78.278 Y94.388 E0.01609
G1 X79.993 Y94.46 E0.04282
G1 X80.508 Y94.461 E0.01285
G1 X82.362 Y94.584 E0.04635
G1 X82.984 Y94.606 E0.01553
G1 X85.021 Y94.78 E0.051
G1 X85.799 Y94.788 E0.01941
G1 X88.107 Y94.875 E0.05761
G1 X88.999 Y94.84 E0.02227
G0 F7200 X89.007 Y95.24
;TYPE:WALL-OUTER
G1 F1800 X91.414 Y95.192 E0.06005
G1 X93.969 Y95.116 E0.06376
G1 X94.662 Y95.131 E0.01729
G1 X97.007 Y94.948 E0.05867
G1 X97.987 Y94.928 E0.02445
G1 X100.012 Y94.8 E0.05061
G1 X101.814 Y94.732 E0.04498
G1 X103.227 Y94.724 E0.03525
G1 X107.532 Y94.648 E0.10741
G1 X110.461 Y94.696 E0.07307
G1 X113.317 Y94.692 E0.07124
G1 X113.268 Y89.96 E0.11805
G1 X113.274 Y85.252 E0.11744
G1 X110.374 Y85.24 E0.07234
G1 X107.439 Y85.288 E0.07322
G1 X106.265 Y85.284 E0.02929
G1 X102.103 Y85.228 E0.10383
G1 X99.655 Y85.176 E0.06108
G1 X97.713 Y85.092 E0.04849
G1 X97.248 Y85.084 E0.0116
G1 X95.245 Y84.892 E0.05019
G1 X94.659 Y84.888 E0.01462
G1 X93.911 Y84.908 E0.01867
G1 X91.393 Y84.8 E0.06287
G1 X89.042 Y84.756 E0.05866
G1 X88.119 Y84.713 E0.02305
G1 X85.067 Y84.84 E0.0762
G1 X83.096 Y85.04 E0.04942
G1 X82.414 Y85.064 E0.01702
G1 X81.881 Y85.061 E0.0133
G1 X79.932 Y85.165 E0.04869
G1 X78.086 Y85.224 E0.04607
G1 X77.493 Y85.228 E0.01479
G1 X76.074 Y85.276 E0.03542
G1 X75.102 Y85.284 E0.02425
G1 X73.411 Y85.273 E0.04218
G1 X72.337 Y85.276 E0.02679
G1 X69.574 Y85.249 E0.06893
G1 X66.62 Y85.263 E0.07369
G1 X66.612 Y87.556 E0.0572
G1 X66.653 Y89.983 E0.06055
G1 X66.633 Y92.448 E0.06149
G1 X66.647 Y94.697 E0.0561
G1 X69.545 Y94.716 E0.07229
G1 X72.497 Y94.672 E0.07365
G1 X76.134 Y94.748 E0.09075
G1 X77.627 Y94.788 E0.03726
G1 X78.261 Y94.788 E0.01582
G1 X79.985 Y94.86 E0.04304
G1 X80.482 Y94.86 E0.0124
G1 X82.342 Y94.984 E0.0465
G1 X82.95 Y95.004 E0.01517
G1 X85.002 Y95.18 E0.05138
G1 X85.784 Y95.188 E0.01951
G1 X88.107 Y95.275 E0.05799
G1 X89.007 Y95.24 E0.02247
G0 F7200 X89.207 Y95.237
G0 X89.195 Y94.535
G0 X83.045 Y87.815
G0 X82.764 Y87.794
;TYPE:SKIN
G1 F1800 X82.712 Y88.535 E0.01853
G1 X82.545 Y89.789 E0.03156
G1 X82.558 Y90.065 E0.00689
G1 X82.697 Y90.382 E0.00863
G1 X83.036 Y91.877 E0.03824
G1 X83.417 Y92.325 E0.01467
G1 X85.127 Y93.64 E0.05381
G1 X86.99 Y94.155 E0.04822
G1 X86.944 Y94.448 E0.0074
G1 X85.812 Y94.408 E0.02826
G1 X85.042 Y94.4 E0.01921
G1 X83.014 Y94.224 E0.05078
G1 X82.382 Y94.204 E0.01577
G1 X80.53 Y94.08 E0.0463
G1 X80.001 Y94.08 E0.0132
G1 X78.289 Y94.008 E0.04274
G1 X77.661 Y94.008 E0.01567
G1 X75.958 Y93.964 E0.0425
G1 X75.642 Y92.519 E0.0369
G1 X75.707 Y91.319 E0.02998
G1 X75.808 Y89.976 E0.0336
G1 X75.876 Y87.536 E0.06089
G1 X75.968 Y86.465 E0.02681
G1 X75.966 Y86.058 E0.01015
G1 X77.488 Y86.008 E0.03799
G1 X78.09 Y86.004 E0.01502
G1 X79.955 Y85.944 E0.04655
G1 X81.897 Y85.84 E0.04851
G1 X82.438 Y85.844 E0.0135
G1 X83.133 Y85.82 E0.01735
G1 X83.83 Y85.748 E0.01748
G1 F1706.2 X85.121 Y85.638 E0.0341
G1 F1625.3 X85.922 Y85.605 E0.02215
G1 X85.961 Y85.875 E0.00754
G1 F1614.3 X85.112 Y86.09 E0.02436
G1 F1651.4 X83.959 Y86.533 E0.03358
G1 F1747.6 X82.807 Y87.682 E0.0418
G1 F1800 X82.764 Y87.794 E0.00299
G0 F7200 X83.045 Y87.815
G0 X85.008 Y86.451
G0 X84.831 Y85.962
G1 F1800 X84.761 Y85.892 E0.00247
G0 F7200 X84.429 Y86.126
G1 F1800 X84.228 Y85.925 E0.00709
G0 F7200 X84.027 Y86.29
G1 F1800 X83.7 Y85.963 E0.01154
G0 F7200 X83.188 Y86.016
G1 F1800 X83.69 Y86.518 E0.01771
G0 F7200 X83.407 Y86.801
G1 F1800 X82.643 Y86.037 E0.02695
G0 F7200 X82.082 Y86.042
G1 F1800 X83.124 Y87.084 E0.03676
G0 F7200 X82.841 Y87.367
G1 F1800 X81.535 Y86.061 E0.04607
G0 F7200 X80.998 Y86.089
G1 F1800 X82.6 Y87.691 E0.05651
G0 F7200 X82.536 Y88.193
G1 F1800 X80.461 Y86.118 E0.0732
G0 F7200 X79.923 Y86.145
G1 F1800 X82.488 Y88.71 E0.09049
G0 F7200 X82.422 Y89.211
G1 F1800 X79.375 Y86.163 E0.10751
G0 F7200 X78.827 Y86.181
G1 F1800 X82.357 Y89.711 E0.12453
G0 F7200 X82.493 Y90.413
G1 F1800 X78.279 Y86.198 E0.14868
G0 F7200 X77.722 Y86.207
G1 F1800 X82.667 Y91.152 E0.17445
G0 F7200 X82.832 Y91.883
G1 F1800 X77.168 Y86.219 E0.19981
G0 F7200 X76.621 Y86.237
G1 F1800 X84.538 Y94.155 E0.27931
G0 F7200 X85.15 Y94.201
G1 F1800 X83.899 Y92.95 E0.04413
G1 X83.829 Y92.88
G0 F7200 X84.113 Y92.51
G0 X84.874 Y93.157
G0 X83.919 Y94.101
G1 F1800 X76.177 Y86.36 E0.2731
G0 F7200 X76.133 Y86.881
G1 F1800 X83.299 Y94.047 E0.2528
G0 F7200 X82.7 Y94.014
G1 F1800 X76.088 Y87.402 E0.23326
G0 F7200 X76.065 Y87.944
G1 F1800 X82.105 Y93.984 E0.21308
G0 F7200 X81.499 Y93.944
G1 F1800 X76.049 Y88.494 E0.19226
G0 F7200 X76.033 Y89.044
G1 F1800 X80.893 Y93.904 E0.17145
G0 F7200 X80.303 Y93.88
G1 F1800 X76.018 Y89.594 E0.15118
G0 F7200 X75.996 Y90.138
G1 F1800 X79.726 Y93.868 E0.13159
G0 F7200 X79.135 Y93.843
G1 F1800 X75.956 Y90.664 E0.11215
G0 F7200 X75.916 Y91.19
G1 F1800 X78.545 Y93.818 E0.09273
G0 F7200 X77.969 Y93.808
G1 F1800 X75.885 Y91.724 E0.07352
G0 F7200 X75.856 Y92.261
G1 F1800 X77.396 Y93.801 E0.05433
G0 F7200 X76.815 Y93.786
G1 F1800 X75.931 Y92.901 E0.0312
G0 F7200 X76.088 Y93.624
G1 F1800 X76.235 Y93.771 E0.00519
G0 F7200 X75.658 Y93.896
G0 X85.807 Y94.627
G0 X87.125 Y94.667
G0 X87.531 Y93.809
G0 X85.581 Y93.476
G0 X85.453 Y93.938
G1 F1800 X85.721 Y94.206 E0.00945
G0 F7200 X86.235 Y94.154
G1 F1800 X86.305 Y94.225 E0.00249
G0 F7200 X86.507 Y93.784
G0 X94.759 Y92.531
G0 X95.018 Y92.629
G1 F1800 X95.917 Y89.98 E0.06978
G1 X95.381 Y88.453 E0.04037
G1 X95.044 Y87.597 E0.02295
G1 X94.447 Y86.991 E0.02122
G1 X93.011 Y85.65 E0.04901
G1 X93.875 Y85.688 E0.02157
G1 X94.656 Y85.669 E0.01949
G1 X95.201 Y85.672 E0.0136
G1 X97.177 Y85.86 E0.04951
G1 X97.711 Y85.874 E0.01333
G1 X99.619 Y85.956 E0.04764
G1 X102.083 Y86.008 E0.06148
G1 X103.774 Y86.03 E0.04219
G1 X104.078 Y87.435 E0.03586
G1 X104.284 Y88.997 E0.0393
G1 X104.319 Y89.971 E0.02431
G1 X104.233 Y90.998 E0.02571
G1 X104.033 Y92.469 E0.03703
G1 X103.897 Y93.551 E0.0272
G1 X103.906 Y93.931 E0.00948
G1 X103.217 Y93.944 E0.01719
G1 X101.81 Y93.951 E0.0351
G1 X99.98 Y94.02 E0.04568
G1 X97.951 Y94.148 E0.05071
G1 X96.975 Y94.168 E0.02435
G1 X94.633 Y94.348 E0.05859
G1 X93.944 Y94.336 E0.01719
G1 X92.939 Y94.366 E0.02508
G1 X92.898 Y94.054 E0.00785
G1 X93.365 Y93.918 E0.01213
G1 X94.547 Y92.869 E0.03942
G1 X94.892 Y92.754 E0.00907
G1 X95.018 Y92.629 E0.00443
G0 F7200 X94.759 Y92.531
G0 X93.198 Y93.698
G0 X93.501 Y94.066
G1 F1800 X93.581 Y94.147 E0.00284
G0 F7200 X93.8 Y93.8
G1 F1800 X94.139 Y94.139 E0.01196
G0 F7200 X94.706 Y94.14
G1 F1800 X94.1 Y93.534 E0.02138
G0 F7200 X94.399 Y93.268
G1 F1800 X95.232 Y94.1 E0.02937
G0 F7200 X95.757 Y94.06
G1 F1800 X94.72 Y93.023 E0.03658
G0 F7200 X95.081 Y92.818
G1 F1800 X96.283 Y94.02 E0.0424
G0 F7200 X96.809 Y93.98
G1 F1800 X95.286 Y92.458 E0.05371
G0 F7200 X95.43 Y92.036
G1 F1800 X97.354 Y93.96 E0.06787
G0 F7200 X97.908 Y93.948
G1 F1800 X95.573 Y91.613 E0.08237
G0 F7200 X95.716 Y91.191
G1 F1800 X98.441 Y93.915 E0.09611
G0 F7200 X98.973 Y93.882
G1 F1800 X95.859 Y90.768 E0.10985
G0 F7200 X96.002 Y90.346
G1 F1800 X99.505 Y93.849 E0.12358
G0 F7200 X100.039 Y93.817
G1 F1800 X96.089 Y89.867 E0.13935
G1 X96.019 Y89.797
G0 F7200 X95.788 Y88.999
G1 F1800 X100.585 Y93.796 E0.16923
G0 F7200 X101.13 Y93.776
G1 F1800 X95.458 Y88.104 E0.2001
G1 X95.388 Y88.034
G0 F7200 X94.98 Y88.193
G0 X92.415 Y85.792
G0 X95.566 Y85.426
G0 X95.52 Y85.904
G1 F1800 X103.355 Y93.738 E0.27638
G0 F7200 X103.7 Y93.518
G1 F1800 X96.145 Y85.963 E0.26652
G0 F7200 X96.77 Y86.022
G1 F1800 X103.764 Y93.016 E0.24673
G0 F7200 X103.827 Y92.513
G1 F1800 X97.379 Y86.066 E0.22745
G0 F7200 X97.965 Y86.085
G1 F1800 X103.894 Y92.014 E0.20916
G0 F7200 X103.961 Y91.516
G1 F1800 X98.556 Y86.111 E0.19068
G0 F7200 X99.147 Y86.136
G1 F1800 X104.029 Y91.018 E0.17223
G0 F7200 X104.075 Y90.498
G1 F1800 X99.735 Y86.159 E0.15309
G0 F7200 X100.314 Y86.172
G1 F1800 X104.119 Y89.977 E0.13423
G0 F7200 X104.098 Y89.39
G1 F1800 X100.891 Y86.184 E0.11312
G0 F7200 X101.469 Y86.196
G1 F1800 X104.054 Y88.78 E0.09118
G0 F7200 X103.968 Y88.129
G1 F1800 X102.048 Y86.208 E0.06775
G0 F7200 X102.62 Y86.215
G1 F1800 X103.882 Y87.478 E0.04454
G0 F7200 X103.726 Y86.756
G1 F1800 X103.194 Y86.223 E0.01879
G0 F7200 X104.038 Y85.967
G0 X104.504 Y88.977
G0 X104.535 Y89.793
G0 X104.141 Y94.06
G0 X102.794 Y93.743
G1 F1800 X94.921 Y85.87 E0.27774
G0 F7200 X94.353 Y85.868
G1 F1800 X102.233 Y93.748 E0.27799
G0 F7200 X101.676 Y93.756
G1 F1800 X93.809 Y85.889 E0.27753
G1 X93.739 Y85.819
;MESH:NONMESH
G0 F600 X93.739 Y85.819 Z19.55
G0 F7200 X93.163 Y86.177
G0 X86.122 Y85.368
G0 X71.535 Y85.97
G0 X71.537 Y85.835
;TIME_ELAPSED:1484.654504
;LAYER:129
;TYPE:FILL
;MESH:pi 3mm_deformed_tet.stl
G1 F3600 X67.248 Y90.124 E0.15131
G0 F7200 X67.247 Y89.874
G1 F3600 X71.494 Y94.122 E0.14984
G1 X71.564 Y94.192
G0 F7200 X71.562 Y93.983
G0 X74.539 Y94.014
G0 X74.536 Y94.15
G1 F3600 X74.979 Y93.706 E0.01565
G0 F7200 X74.845 Y93.743
G0 X74.616 Y92.724
G0 X74.899 Y86.339
G0 X75.037 Y86.351
G1 F3600 X74.53 Y85.843 E0.0179
G1 F4200 E-3.5
G1 F600 Z20.05
G0 F7200 X74.527 Y86.283 Z20.05
G0 X86.7 Y86.7
G1 F600 Z19.55
G1 F4200 E3.5
G1 F3600 X93.062 Y93.062 E0.22444
G1 X93.132 Y93.132
G0 F7200 X92.975 Y92.954
G0 X93.004 Y87.002
G0 X93.1 Y86.9
G1 F3600 X86.789 Y93.211 E0.22264
G1 X86.719 Y93.281
G1 F4200 E-3.5
G1 F600 Z20.05
G0 F7200 X86.935 Y92.794 Z20.05
G0 X104.911 Y93.598
G1 F600 Z19.55
G1 F4200 E3.5
G1 F3600 X105.434 Y94.12 E0.01843
G0 F7200 X105.433 Y93.983
G0 X108.527 Y93.964
G0 X108.525 Y94.102
G1 F3600 X112.667 Y89.96 E0.14612
G1 X112.669 Y90.042
G1 X108.464 Y85.836 E0.14836
G1 X108.394 Y85.766
G0 F7200 X108.396 Y85.979
G0 X105.471 Y85.983
G0 X105.473 Y85.841
G1 F3600 X104.806 Y86.507 E0.02351
G1 X104.736 Y86.577
G0 F7200 X104.953 Y86.513
G0 X105.476 Y87.208
G0 X105.834 Y89.974
G0 X104.917 Y94.12
G0 X94.124 Y94.576
G0 X88.097 Y94.739
G0 X75.031 Y94.151
G0 X88.827 Y94.868
;TYPE:WALL-INNER
G1 F3600 X91.324 Y94.818 E0.0623
G1 X94.162 Y94.736 E0.07082
G1 X94.659 Y94.747 E0.0124
G1 X97.129 Y94.553 E0.0618
G1 X97.838 Y94.536 E0.01769
G1 X99.997 Y94.4 E0.05396
G1 X101.978 Y94.327 E0.04945
G1 X103.051 Y94.324 E0.02677
G1 X107.511 Y94.244 E0.11127
G1 X110.112 Y94.288 E0.06489
G1 X112.873 Y94.288 E0.06887
G1 X112.828 Y89.961 E0.10794
G1 X112.827 Y85.655 E0.10741
G1 X110.347 Y85.648 E0.06186
G1 X107.402 Y85.692 E0.07347
G1 X106.028 Y85.688 E0.03427
G1 X101.847 Y85.632 E0.1043
G1 X99.609 Y85.58 E0.05584
G1 X97.554 Y85.488 E0.05131
G1 X97.203 Y85.482 E0.00876
G1 X94.979 Y85.269 E0.05573
G1 X94.074 Y85.292 E0.02258
G1 X91.377 Y85.176 E0.06734
G1 X88.832 Y85.128 E0.0635
G1 X88.11 Y85.093 E0.01803
G1 X85.079 Y85.219 E0.07567
G1 X82.95 Y85.436 E0.05338
G1 X82.398 Y85.456 E0.01378
G1 X82.005 Y85.453 E0.0098
G1 X79.959 Y85.56 E0.05111
G1 X77.954 Y85.624 E0.05004
G1 X77.493 Y85.628 E0.0115
G1 X75.966 Y85.68 E0.03811
G1 X75.11 Y85.688 E0.02135
G1 X73.629 Y85.677 E0.03694
G1 X72.361 Y85.684 E0.03163
G1 X69.509 Y85.653 E0.07115
G1 X67.058 Y85.662 E0.06114
G1 X67.048 Y87.552 E0.04715
G1 X67.089 Y89.983 E0.06065
G1 X67.073 Y92.444 E0.06139
G1 X67.085 Y94.296 E0.0462
G1 X69.28 Y94.312 E0.05476
G1 X72.529 Y94.268 E0.08105
G1 X76.041 Y94.34 E0.08763
G1 X77.639 Y94.384 E0.03988
G1 X78.152 Y94.388 E0.0128
G1 X79.988 Y94.46 E0.04583
G1 X80.367 Y94.465 E0.00946
G1 X82.347 Y94.592 E0.04949
G1 X82.815 Y94.61 E0.01168
G1 X85.002 Y94.796 E0.05475
G1 X85.615 Y94.804 E0.01529
G1 X88.098 Y94.899 E0.06198
G1 X88.827 Y94.868 E0.0182
G0 F7200 X88.835 Y95.268
;TYPE:WALL-OUTER
G1 F1800 X91.332 Y95.218 E0.0623
G1 X94.153 Y95.136 E0.0704
G1 X94.67 Y95.147 E0.0129
G1 X97.171 Y94.952 E0.06258
G1 X97.855 Y94.936 E0.01707
G1 X100.012 Y94.8 E0.05391
G1 X101.98 Y94.727 E0.04913
G1 X103.058 Y94.724 E0.02689
G1 X107.504 Y94.644 E0.11092
G1 X110.112 Y94.688 E0.06507
G1 X113.277 Y94.688 E0.07895
G1 X113.228 Y89.961 E0.11792
G1 X113.23 Y85.256 E0.11737
G1 X110.341 Y85.248 E0.07207
G1 X107.403 Y85.292 E0.0733
G1 X106.033 Y85.288 E0.03417
G1 X101.856 Y85.232 E0.10421
G1 X99.627 Y85.18 E0.05562
G1 X97.566 Y85.088 E0.05146
G1 X97.241 Y85.084 E0.00811
G1 X94.993 Y84.869 E0.05633
G1 X94.091 Y84.892 E0.02251
G1 X91.389 Y84.776 E0.06746
G1 X88.851 Y84.728 E0.06332
G1 X88.111 Y84.693 E0.01848
G1 X85.051 Y84.82 E0.0764
G1 X82.924 Y85.036 E0.05333
G1 X82.402 Y85.056 E0.01303
G1 X81.997 Y85.053 E0.0101
G1 X79.946 Y85.16 E0.05123
G1 X77.95 Y85.224 E0.04982
G1 X77.485 Y85.228 E0.0116
G1 X75.962 Y85.28 E0.03801
G1 X75.114 Y85.288 E0.02115
G1 X73.627 Y85.277 E0.03709
G1 X72.365 Y85.284 E0.03148
G1 X69.507 Y85.253 E0.0713
G1 X66.66 Y85.264 E0.07102
G1 X66.648 Y87.558 E0.05722
G1 X66.689 Y89.983 E0.0605
G1 X66.673 Y92.446 E0.06144
G1 X66.687 Y94.693 E0.05605
G1 X69.285 Y94.712 E0.06481
G1 X72.521 Y94.668 E0.08073
G1 X76.03 Y94.74 E0.08755
G1 X77.632 Y94.784 E0.03998
G1 X78.136 Y94.788 E0.01257
G1 X79.978 Y94.86 E0.04598
G1 X80.341 Y94.864 E0.00906
G1 X82.327 Y94.992 E0.04964
G1 X82.781 Y95.008 E0.01133
G1 X84.982 Y95.196 E0.0551
G1 X85.6 Y95.204 E0.01542
G1 X88.099 Y95.299 E0.06238
G1 X88.835 Y95.268 E0.01838
G0 F7200 X89.034 Y95.264
G1 F4200 E-3.5
G0 F7200 X89.376 Y94.756
G0 X91.32 Y94.618
G0 X91.423 Y93.606
G0 X94.576 Y89.981
G0 X94.869 Y89.979
;TYPE:SKIN
G1 F4200 E3.5
G1 F1800 X93.999 Y87.553 E0.06429
G1 F1702.1 X92.834 Y86.46 E0.04214
G1 F1531.9 X91.48 Y86.096 E0.0411
G1 F1460.4 X90.048 Y86.07 E0.04403
G1 F1506.3 X88.168 Y85.914 E0.05623
G1 F1666.7 X86.16 Y86.773 E0.05884
G1 F1800 X85.066 Y87.05 E0.02815
G1 X84.67 Y87.19 E0.01048
G1 X84.206 Y87.654 E0.01637
G1 X83.485 Y88.434 E0.0265
G1 X83.374 Y89.967 E0.03834
G1 X83.676 Y91.316 E0.03448
G1 X84.685 Y92.397 E0.03689
G1 X85.078 Y92.706 E0.01247
G1 X85.656 Y92.865 E0.01495
G1 F1714.3 X86.903 Y93.433 E0.03589
G1 F1565.2 X88.15 Y94.002 E0.03932
G1 F1440 X89.961 Y93.885 E0.05659
G1 F1384.6 X91.472 Y93.859 E0.04901
G1 F1469.4 X92.783 Y93.492 E0.0416
G1 F1674.4 X94.03 Y92.389 E0.04464
G1 F1800 X94.348 Y91.526 E0.02294
G1 X94.869 Y89.979 E0.04072
G1 F4200 E-3.5
G0 F7200 X94.576 Y89.981
G0 X89.977 Y93.644
G0 X89.997 Y94.645
G0 X89.985 Y94.404
G1 F4200 E3.5
G1 F1466.4 X87.995 Y94.481 E0.06098
G1 F1674.4 X85.022 Y94.416 E0.07974
G1 F1800 X82.846 Y94.228 E0.05448
G1 X82.366 Y94.212 E0.01198
G1 X80.389 Y94.084 E0.04942
G1 X79.997 Y94.08 E0.00978
G1 X78.164 Y94.008 E0.04576
G1 X77.668 Y94.004 E0.01237
G1 X75.189 Y93.939 E0.06186
G1 X74.811 Y92.591 E0.03492
G1 X75 Y89.975 E0.06543
G1 X75.072 Y87.548 E0.06057
G1 X75.2 Y86.064 E0.03716
G1 X75.965 Y86.06 E0.01908
G1 X77.475 Y86.009 E0.03769
G1 X77.954 Y86.004 E0.01195
G1 X79.967 Y85.94 E0.05024
G1 X82.013 Y85.832 E0.05111
G1 X82.426 Y85.837 E0.0103
G1 X82.948 Y85.816 E0.01303
G1 X85.133 Y85.594 E0.05479
G1 F1722.5 X88.12 Y85.484 E0.07792
G1 F1640.1 X88.814 Y85.525 E0.01903
G1 F1538.5 X90.058 Y85.576 E0.03634
G1 F1460.4 X91.546 Y85.611 E0.04576
G1 F1614.3 X92.89 Y85.622 E0.03738
G1 F1800 X94.059 Y85.672 E0.02919
G1 X94.961 Y85.649 E0.02251
G1 X97.213 Y85.864 E0.05643
G1 X97.542 Y85.868 E0.00821
G1 X99.591 Y85.96 E0.05116
G1 X101.835 Y86.012 E0.05599
G1 X104.518 Y86.05 E0.06693
G1 X104.903 Y87.323 E0.03318
G1 X105.25 Y89.971 E0.06662
G1 X104.909 Y92.452 E0.06247
G1 X104.73 Y93.914 E0.03674
G1 X103.058 Y93.943 E0.04171
G1 X101.976 Y93.944 E0.02699
G1 X99.98 Y94.02 E0.04983
G1 X97.815 Y94.156 E0.05411
G1 X97.111 Y94.172 E0.01757
G1 X94.641 Y94.364 E0.0618
G1 X94.128 Y94.356 E0.0128
G1 X92.842 Y94.393 E0.03209
G1 F1565.2 X91.543 Y94.37 E0.03727
G1 F1384.6 X89.985 Y94.404 E0.05054
G0 F7200 X89.991 Y94.744
G0 X104.917 Y94.12
G0 X104.268 Y93.722
G1 F1800 X104.592 Y93.398 E0.01143
G0 F7200 X104.671 Y92.753
G1 F1800 X103.692 Y93.732 E0.03454
G0 F7200 X103.117 Y93.742
G1 F1800 X104.755 Y92.103 E0.0578
G0 F7200 X104.845 Y91.448
G1 F1800 X102.55 Y93.743 E0.08096
G0 F7200 X101.983 Y93.744
G1 F1800 X104.935 Y90.792 E0.10414
G0 F7200 X105.025 Y90.136
G1 F1800 X101.395 Y93.767 E0.12808
G0 F7200 X100.807 Y93.789
G1 F1800 X104.999 Y89.597 E0.14788
G0 F7200 X104.933 Y89.097
G1 F1800 X100.219 Y93.811 E0.1663
G0 F7200 X99.621 Y93.843
G1 F1800 X104.868 Y88.596 E0.1851
G0 F7200 X104.802 Y88.096
G1 F1800 X99.018 Y93.88 E0.20405
G0 F7200 X98.415 Y93.918
G1 F1800 X104.737 Y87.596 E0.22303
G0 F7200 X104.636 Y87.131
G1 F1800 X97.811 Y93.956 E0.24077
G0 F7200 X97.232 Y93.97
G1 F1800 X104.505 Y86.697 E0.25657
G0 F7200 X104.373 Y86.263
G1 F1800 X96.626 Y94.01 E0.2733
G0 F7200 X96.013 Y94.057
G1 F1800 X103.83 Y86.24 E0.27577
G0 F7200 X103.272 Y86.232
G1 F1800 X95.399 Y94.105 E0.27774
G0 F7200 X94.786 Y94.153
G1 F1800 X102.714 Y86.225 E0.27968
G0 F7200 X102.157 Y86.216
G1 F1800 X94.216 Y94.158 E0.28016
G0 F7200 X93.636 Y94.171
G1 F1800 X101.601 Y86.206 E0.28099
G0 F7200 X101.048 Y86.193
G1 F1800 X93.055 Y94.187 E0.28199
G0 F7200 X92.504 Y94.172
G1 F1800 X93.942 Y92.734 E0.05073
G0 F7200 X94.172 Y92.504
G1 F1800 X100.495 Y86.181 E0.22306
G0 F7200 X99.943 Y86.167
G1 F1800 X94.547 Y91.563 E0.19036
G1 X94.477 Y91.633
G0 F7200 X94.832 Y90.713
G1 F1800 X99.394 Y86.151 E0.16094
G0 F7200 X98.853 Y86.126
G1 F1800 X95.056 Y89.923 E0.13395
G0 F7200 X94.914 Y89.5
G1 F1800 X98.311 Y86.102 E0.11986
G0 F7200 X97.77 Y86.078
G1 F1800 X94.764 Y89.084 E0.10604
G0 F7200 X94.614 Y88.668
G1 F1800 X97.219 Y86.063 E0.0919
G0 F7200 X96.701 Y86.015
G1 F1800 X94.464 Y88.253 E0.07893
G0 F7200 X94.314 Y87.837
G1 F1800 X96.185 Y85.966 E0.066
G0 F7200 X95.668 Y85.917
G1 F1800 X94.159 Y87.426 E0.05323
G0 F7200 X93.867 Y87.152
G1 F1800 X95.152 Y85.868 E0.04531
G0 F7200 X94.596 Y85.858
G1 F1800 X93.574 Y86.879 E0.03604
G0 F7200 X93.282 Y86.606
G1 F1800 X94.018 Y85.87 E0.02596
G0 F7200 X93.474 Y85.848
G1 F1800 X92.985 Y86.337 E0.01725
G0 F7200 X92.58 Y86.177
G1 F1800 X92.932 Y85.824 E0.01244
G0 F7200 X92.356 Y85.835
G1 F1800 X92.147 Y86.044 E0.00737
G0 F7200 X91.775 Y85.85
G1 F1800 X91.714 Y85.911 E0.00215
G0 F7200 X91.588 Y86.456
G0 X88.182 Y86.232
G0 X87.962 Y85.703
G1 F1800 X87.842 Y85.823 E0.00423
G0 F7200 X87.38 Y85.72
G1 F1800 X86.841 Y86.259 E0.01901
G0 F7200 X86.797 Y85.737
G1 F1800 X85.902 Y86.632 E0.03157
G0 F7200 X85.144 Y86.824
G1 F1800 X86.215 Y85.753 E0.03778
G0 F7200 X85.629 Y85.773
G1 F1800 X77.601 Y93.802 E0.28323
G0 F7200 X77.049 Y93.788
G1 F1800 X85.032 Y85.805 E0.28162
G0 F7200 X84.402 Y85.869
G1 F1800 X76.498 Y93.773 E0.27883
G0 F7200 X75.947 Y93.759
G1 F1800 X83.773 Y85.933 E0.27608
G0 F7200 X83.143 Y85.997
G1 F1800 X75.396 Y93.744 E0.2733
G0 F7200 X75.231 Y93.344
G1 F1800 X82.542 Y86.032 E0.25793
G0 F7200 X81.974 Y86.034
G1 F1800 X75.107 Y92.902 E0.24227
G0 F7200 X75.025 Y92.418
G1 F1800 X81.377 Y86.066 E0.22408
G0 F7200 X80.78 Y86.097
G1 F1800 X75.069 Y91.809 E0.20149
G0 F7200 X75.113 Y91.198
G1 F1800 X80.182 Y86.129 E0.17882
G0 F7200 X79.594 Y86.152
G1 F1800 X75.157 Y90.589 E0.15653
G0 F7200 X75.201 Y89.979
G1 F1800 X79.009 Y86.171 E0.13434
G0 F7200 X78.425 Y86.189
G1 F1800 X75.218 Y89.397 E0.11315
G0 F7200 X75.235 Y88.813
G1 F1800 X77.844 Y86.205 E0.09202
G0 F7200 X77.267 Y86.216
G1 F1800 X75.252 Y88.231 E0.07108
G0 F7200 X75.27 Y87.647
G1 F1800 X76.681 Y86.236 E0.04978
G0 F7200 X76.097 Y86.255
G1 F1800 X75.317 Y87.034 E0.0275
G0 F7200 X75.371 Y86.416
G1 F1800 X75.524 Y86.262 E0.00542
G0 F7200 X74.91 Y86.209
G0 X74.591 Y92.611
G0 X74.99 Y94.071
G0 X78.161 Y93.808
G1 F1800 X83.265 Y88.704 E0.18006
G0 F7200 X83.222 Y89.312
G1 F1800 X78.705 Y93.829 E0.15935
G0 F7200 X79.249 Y93.851
G1 F1800 X83.179 Y89.921 E0.13864
G0 F7200 X83.265 Y90.4
G1 F1800 X79.793 Y93.872 E0.12248
G0 F7200 X80.347 Y93.884
G1 F1800 X83.369 Y90.863 E0.10659
G0 F7200 X83.475 Y91.321
G1 F1800 X80.882 Y93.915 E0.09149
G0 F7200 X81.413 Y93.95
G1 F1800 X83.712 Y91.65 E0.08112
G0 F7200 X83.986 Y91.942
G1 F1800 X81.944 Y93.984 E0.07204
G0 F7200 X82.478 Y94.016
G1 F1800 X84.259 Y92.235 E0.06283
G0 F7200 X84.532 Y92.527
G1 F1800 X83.016 Y94.043 E0.05348
G0 F7200 X83.538 Y94.088
G1 F1800 X84.847 Y92.778 E0.0462
G0 F7200 X85.235 Y92.956
G1 F1800 X84.058 Y94.133 E0.04152
G0 F7200 X84.579 Y94.177
G1 F1800 X85.672 Y93.085 E0.03854
G0 F7200 X86.056 Y93.266
G1 F1800 X85.105 Y94.217 E0.03355
G0 F7200 X85.665 Y94.223
G1 F1800 X86.441 Y93.447 E0.02738
G0 F7200 X86.826 Y93.628
G1 F1800 X86.224 Y94.23 E0.02124
G0 F7200 X86.783 Y94.236
G1 F1800 X87.21 Y93.809 E0.01506
G0 F7200 X87.595 Y93.99
G1 F1800 X87.342 Y94.243 E0.00893
G0 F7200 X87.901 Y94.25
G1 F1800 X87.98 Y94.171 E0.00279
G1 F4200 E-3.5
G0 F7200 X88.198 Y93.678
G0 X91.423 Y93.606
G0 X91.452 Y94.615
G0 X91.973 Y94.138
G1 F4200 E3.5
G1 F1800 X92.231 Y93.88 E0.0091
G0 F7200 X92.048 Y93.073
G1 F4200 E-3.5
G1 F600 Z20.05
;MESH:NONMESH
G0 F7200 X92.049 Y93.072 Z20.05
G0 X71.533 Y85.839
;TIME_ELAPSED:1518.025816
;LAYER:130
;MESH:pi 3mm_deformed_tet.stl
G0 X71.533 Y85.839 Z20.2
;TYPE:FILL
G1 F600 Z19.7
G1 F4200 E3.5
G1 F3600 X67.288 Y90.085 E0.14977
G1 X67.287 Y89.914
G1 X71.496 Y94.123 E0.14848
G1 X71.566 Y94.193
G1 F4200 E-3.5
G1 F600 Z20.2
G0 F7200 X71.56 Y93.682 Z20.2
G0 X87.236 Y92.764
G1 F600 Z19.7
G1 F4200 E3.5
G1 F3600 X92.596 Y87.404 E0.18909
G1 X92.666 Y87.334
G0 F7200 X92.502 Y87.509
G0 X92.474 Y92.462
G0 X92.565 Y92.565
G1 F3600 X87.167 Y87.167 E0.19043
G1 X87.097 Y87.097
G1 F4200 E-3.5
G1 F600 Z20.2
G0 F7200 X87.299 Y87.589 Z20.2
G0 X105.343 Y85.971
G1 F600 Z19.7
G1 F4200 E3.5
G1 F3600 X105.463 Y85.851 E0.00423
G0 F7200 X105.461 Y85.99
G0 X108.466 Y85.981
G0 X108.465 Y85.838
G1 F3600 X112.629 Y90.001 E0.14688
G1 X112.628 Y89.999
G1 X108.529 Y94.098 E0.1446
G1 X108.459 Y94.168
G0 F7200 X108.462 Y93.96
G0 X88.651 Y94.896
;TYPE:WALL-INNER
G1 F3600 X91.395 Y94.84 E0.06846
G1 X94.339 Y94.756 E0.07347
G1 X94.664 Y94.759 E0.00811
G1 X97.321 Y94.556 E0.06647
G1 X97.703 Y94.544 E0.00953
G1 X99.994 Y94.4 E0.05726
G1 X102.044 Y94.328 E0.05117
G1 X102.872 Y94.324 E0.02065
G1 X107.487 Y94.24 E0.11514
G1 X109.857 Y94.28 E0.05913
G1 X112.833 Y94.283 E0.07424
G1 X112.788 Y89.955 E0.10797
G1 X112.791 Y85.658 E0.10719
G1 X111.156 Y85.649 E0.04079
G1 X109.808 Y85.656 E0.03363
G1 X107.366 Y85.696 E0.06092
G1 X105.799 Y85.692 E0.03909
G1 X101.981 Y85.639 E0.09525
G1 X99.582 Y85.58 E0.05986
G1 X97.187 Y85.478 E0.0598
G1 X94.957 Y85.269 E0.05587
G1 X94.255 Y85.272 E0.01751
G1 X91.378 Y85.152 E0.07183
G1 X88.662 Y85.104 E0.06776
G1 X88.106 Y85.077 E0.01389
G1 X85.063 Y85.199 E0.07597
G1 X82.781 Y85.432 E0.05722
G1 X82.13 Y85.444 E0.01624
G1 X79.926 Y85.561 E0.05506
G1 X77.816 Y85.628 E0.05266
G1 X77.483 Y85.628 E0.00831
G1 X75.856 Y85.684 E0.04061
G1 X72.39 Y85.688 E0.08646
G1 X69.548 Y85.661 E0.0709
G1 X67.094 Y85.667 E0.06122
G1 X67.088 Y87.554 E0.04707
G1 X67.128 Y89.989 E0.06075
G1 X67.108 Y92.443 E0.06122
G1 X67.124 Y94.295 E0.0462
G1 X68.994 Y94.308 E0.04665
G1 X70 Y94.304 E0.02509
G1 X72.557 Y94.268 E0.06379
G1 X75.933 Y94.336 E0.08423
G1 X77.637 Y94.384 E0.04252
G1 X78.033 Y94.384 E0.00988
G1 X79.977 Y94.464 E0.04853
G1 X80.223 Y94.465 E0.00614
G1 X82.622 Y94.612 E0.05996
G1 X84.984 Y94.812 E0.05913
G1 X85.428 Y94.816 E0.01108
G1 X88.091 Y94.919 E0.06648
G1 X88.651 Y94.896 E0.01398
G0 F7200 X88.659 Y95.296
;TYPE:WALL-OUTER
G1 F1800 X91.406 Y95.24 E0.06854
G1 X94.335 Y95.156 E0.07309
G1 X94.677 Y95.159 E0.00853
G1 X97.333 Y94.956 E0.06645
G1 X97.722 Y94.944 E0.00971
G1 X100.008 Y94.8 E0.05714
G1 X102.046 Y94.728 E0.05087
G1 X102.879 Y94.724 E0.02078
G1 X107.48 Y94.64 E0.11479
G1 X109.857 Y94.68 E0.0593
G1 X113.237 Y94.683 E0.08431
G1 X113.188 Y89.955 E0.11795
G1 X113.191 Y85.26 E0.11712
G1 X111.154 Y85.249 E0.05081
G1 X109.802 Y85.256 E0.03373
G1 X107.367 Y85.296 E0.06075
G1 X105.805 Y85.292 E0.03896
G1 X101.991 Y85.239 E0.09515
G1 X99.599 Y85.18 E0.05969
G1 X97.225 Y85.08 E0.05927
G1 X94.975 Y84.869 E0.05637
G1 X94.271 Y84.872 E0.01756
G1 X91.39 Y84.752 E0.07193
G1 X88.681 Y84.704 E0.06759
G1 X88.107 Y84.677 E0.01433
G1 X85.035 Y84.8 E0.07669
G1 X82.752 Y85.032 E0.05724
G1 X82.116 Y85.044 E0.01587
G1 X79.914 Y85.161 E0.05501
G1 X77.816 Y85.228 E0.05236
G1 X77.476 Y85.228 E0.00848
G1 X75.854 Y85.284 E0.04049
G1 X72.394 Y85.288 E0.08631
G1 X69.547 Y85.261 E0.07102
G1 X66.696 Y85.268 E0.07112
G1 X66.688 Y87.56 E0.05717
G1 X66.728 Y89.986 E0.06053
G1 X66.708 Y92.446 E0.06137
G1 X66.727 Y94.693 E0.05605
G1 X68.996 Y94.708 E0.0566
G1 X70.006 Y94.704 E0.02519
G1 X72.549 Y94.668 E0.06344
G1 X75.922 Y94.736 E0.08416
G1 X77.631 Y94.784 E0.04265
G1 X78.017 Y94.784 E0.00963
G1 X79.969 Y94.864 E0.04873
G1 X80.197 Y94.864 E0.00569
G1 X82.311 Y95 E0.05284
G1 X82.609 Y95.012 E0.00744
G1 X84.966 Y95.212 E0.05901
G1 X85.412 Y95.216 E0.01113
G1 X88.091 Y95.319 E0.06688
G1 X88.659 Y95.296 E0.01418
G0 F7200 X88.858 Y95.292
G0 X88.854 Y94.993
G0 X74.306 Y94.135
G0 X73.565 Y92.53
G0 X74.248 Y85.857
G0 X89.328 Y85.216
G0 X89.316 Y85.893
;TYPE:SKIN
G1 F1782.2 X91.05 Y85.925 E0.04369
G1 F1791 X90.996 Y86.324 E0.01009
G1 F1782.2 X89.3 Y86.301 E0.04273
G1 F1832.1 X88.51 Y86.234 E0.01943
G1 F1899.7 X88.429 Y85.863 E0.00898
G1 F1832.1 X89.316 Y85.893 E0.02175
G1 F4200 E-3.5
G0 F7200 X89.328 Y85.216
G0 X91.372 Y85.352
G0 X91.5 Y86.936
G0 X93.585 Y89.988
G0 X93.875 Y90.004
G1 F4200 E3.5
G1 F1800 X93.87 Y89.925 E0.00197
G1 X93.663 Y89.607 E0.00947
G1 X92.888 Y87.486 E0.05633
G1 X92.27 Y86.909 E0.02109
G1 X91.509 Y86.736 E0.01947
G1 X89.272 Y86.704 E0.05581
G1 X88.168 Y86.592 E0.02768
G1 X85.534 Y87.695 E0.07123
G1 X84.196 Y89.157 E0.04944
G1 X84.138 Y89.973 E0.02041
G1 X84.308 Y90.708 E0.01882
G1 X85.206 Y91.673 E0.03288
G1 X85.55 Y92.061 E0.01293
G1 X86.035 Y92.392 E0.01465
G1 X88.16 Y93.324 E0.05788
G1 X89.206 Y93.244 E0.02617
G1 X91.533 Y93.208 E0.05805
G1 X92.231 Y93.047 E0.01787
G1 X92.883 Y92.469 E0.02174
G1 X93.648 Y90.369 E0.05575
G1 X93.875 Y90.004 E0.01072
G1 F4200 E-3.5
G0 F7200 X93.585 Y89.988
G0 X91.494 Y93.015
G0 X91.54 Y94.636
G0 X91.384 Y94.46
G1 F4200 E3.5
G1 F1800 X88.643 Y94.516 E0.06839
G1 X88.089 Y94.536 E0.01383
G1 X85.44 Y94.436 E0.06613
G1 X85.006 Y94.432 E0.01083
G1 X82.674 Y94.232 E0.05839
G1 X80.241 Y94.084 E0.0608
G1 X79.985 Y94.084 E0.00639
G1 X78.045 Y94.004 E0.04843
G1 X77.643 Y94.004 E0.01003
G1 X74.473 Y93.923 E0.0791
G1 X74.146 Y92.485 E0.03679
G1 X74.324 Y90.188 E0.05747
G1 X74.348 Y87.552 E0.06576
G1 X74.441 Y86.064 E0.03719
G1 X75.856 Y86.064 E0.0353
G1 X77.438 Y86.009 E0.03949
G1 X77.812 Y86.008 E0.00933
G1 X79.935 Y85.94 E0.05299
G1 X82.109 Y85.825 E0.05431
G1 X82.793 Y85.808 E0.01707
G1 X85.095 Y85.576 E0.05771
G1 X88.103 Y85.456 E0.07509
G1 X88.647 Y85.48 E0.01358
G1 X91.36 Y85.532 E0.06769
G1 X94.239 Y85.652 E0.07188
G1 X94.935 Y85.649 E0.01736
G1 X97.153 Y85.856 E0.05557
G1 X99.563 Y85.96 E0.06017
G1 X101.971 Y86.016 E0.06008
G1 X105.218 Y86.066 E0.08101
G1 X105.553 Y87.429 E0.03501
G1 X105.67 Y87.985 E0.01417
G1 X105.902 Y89.967 E0.04978
G1 X105.662 Y91.963 E0.05015
G1 X105.552 Y92.503 E0.01375
G1 X105.488 Y93.895 E0.03476
G1 X102.88 Y93.944 E0.06507
G1 X102.043 Y93.948 E0.02088
G1 X99.98 Y94.02 E0.05149
G1 X97.682 Y94.164 E0.05744
G1 X97.313 Y94.176 E0.00921
G1 X94.644 Y94.376 E0.06677
G1 X94.344 Y94.376 E0.00748
G1 X91.384 Y94.46 E0.07387
G0 F7200 X91.391 Y94.739
G0 X105.691 Y94.101
G0 X106.487 Y89.971
G0 X106.292 Y88.297
G0 X105.523 Y86.12
G0 X104.93 Y86.263
G1 F1800 X105.103 Y86.435 E0.00609
G0 F7200 X104.356 Y86.254
G1 F1800 X105.287 Y87.186 E0.03286
G0 F7200 X105.451 Y87.915
G1 F1800 X103.781 Y86.244 E0.05893
G0 F7200 X103.206 Y86.236
G1 F1800 X105.537 Y88.567 E0.08223
G0 F7200 X105.612 Y89.207
G1 F1800 X102.632 Y86.227 E0.10513
G0 F7200 X102.057 Y86.218
G1 F1800 X105.688 Y89.849 E0.12809
G0 F7200 X105.652 Y90.378
G1 F1800 X101.479 Y86.206 E0.1472
G0 F7200 X100.9 Y86.192
G1 F1800 X105.591 Y90.883 E0.16549
G0 F7200 X105.53 Y91.388
G1 F1800 X100.321 Y86.179 E0.18376
G0 F7200 X99.742 Y86.165
G1 F1800 X105.469 Y91.892 E0.20204
G0 F7200 X105.376 Y92.365
G1 F1800 X99.154 Y86.143 E0.2195
G0 F7200 X98.562 Y86.117
G1 F1800 X105.336 Y92.89 E0.23895
G0 F7200 X105.309 Y93.43
G1 F1800 X97.971 Y86.092 E0.25887
G0 F7200 X97.38 Y86.066
G1 F1800 X105.018 Y93.704 E0.26945
G0 F7200 X104.462 Y93.714
G1 F1800 X96.769 Y86.021 E0.27139
G0 F7200 X96.145 Y85.963
G1 F1800 X103.907 Y93.725 E0.27383
G0 F7200 X103.351 Y93.735
G1 F1800 X95.522 Y85.905 E0.27621
G0 F7200 X94.901 Y85.85
G1 F1800 X102.795 Y93.744 E0.27848
G0 F7200 X102.231 Y93.746
G1 F1800 X94.337 Y85.852 E0.27848
G0 F7200 X93.752 Y85.832
G1 F1800 X101.679 Y93.76 E0.27966
G0 F7200 X101.133 Y93.779
G1 F1800 X93.162 Y85.808 E0.2812
G0 F7200 X92.572 Y85.784
G1 F1800 X100.586 Y93.798 E0.28272
G0 F7200 X100.039 Y93.817
G1 F1800 X91.983 Y85.76 E0.28421
G0 F7200 X91.393 Y85.736
G1 F1800 X92.612 Y86.955 E0.043
G0 F7200 X93.044 Y87.387
G1 F1800 X99.505 Y93.849 E0.22795
G0 F7200 X98.973 Y93.882
G1 F1800 X93.402 Y88.311 E0.19653
G1 X93.332 Y88.241
G0 F7200 X92.921 Y88.391
G0 X93.279 Y89.366
G0 X93.727 Y89.202
G1 F1800 X98.441 Y93.915 E0.16628
G0 F7200 X97.909 Y93.949
G1 F1800 X94.054 Y90.094 E0.136
G0 F7200 X93.837 Y90.443
G1 F1800 X97.368 Y93.974 E0.12457
G0 F7200 X96.84 Y94.011
G1 F1800 X93.683 Y90.855 E0.11135
G0 F7200 X93.533 Y91.27
G1 F1800 X96.313 Y94.05 E0.09807
G0 F7200 X95.787 Y94.09
G1 F1800 X93.381 Y91.684 E0.08488
G0 F7200 X93.23 Y92.099
G1 F1800 X95.261 Y94.129 E0.07163
G0 F7200 X94.734 Y94.168
G1 F1800 X93.074 Y92.509 E0.05854
G0 F7200 X92.806 Y92.806
G1 F1800 X94.18 Y94.18 E0.04847
G0 F7200 X93.63 Y94.196
G1 F1800 X92.506 Y93.072 E0.03965
G0 F7200 X92.142 Y93.274
G1 F1800 X93.08 Y94.211 E0.03307
G0 F7200 X92.53 Y94.227
G1 F1800 X91.682 Y93.379 E0.02992
G0 F7200 X91.154 Y93.417
G1 F1800 X91.98 Y94.242 E0.02912
G0 F7200 X91.43 Y94.258
G1 F1800 X90.597 Y93.425 E0.02939
G0 F7200 X90.039 Y93.433
G1 F1800 X90.876 Y94.27 E0.02953
G0 F7200 X90.322 Y94.281
G1 F1800 X89.482 Y93.441 E0.02963
G0 F7200 X88.941 Y93.466
G1 F1800 X89.767 Y94.293 E0.02916
G0 F7200 X89.213 Y94.304
G1 F1800 X88.417 Y93.509 E0.02806
G0 F7200 X87.671 Y93.327
G1 F1800 X88.658 Y94.315 E0.03484
G0 F7200 X88.112 Y94.334
G1 F1800 X86.66 Y92.883 E0.05121
G1 X86.59 Y92.813
G0 F7200 X86.77 Y92.406
G0 X85.753 Y91.869
G0 X85.462 Y92.25
G1 F1800 X87.526 Y94.314 E0.07281
G0 F7200 X86.938 Y94.292
G1 F1800 X78.823 Y86.177 E0.28628
G0 F7200 X78.275 Y86.194
G1 F1800 X86.35 Y94.27 E0.28489
G0 F7200 X85.762 Y94.247
G1 F1800 X77.724 Y86.209 E0.28356
G0 F7200 X77.168 Y86.219
G1 F1800 X85.182 Y94.233 E0.28272
G0 F7200 X84.577 Y94.194
G1 F1800 X76.621 Y86.238 E0.28067
G0 F7200 X76.075 Y86.257
G1 F1800 X83.959 Y94.141 E0.27813
G0 F7200 X83.34 Y94.088
G1 F1800 X75.516 Y86.264 E0.27601
G0 F7200 X74.95 Y86.264
G1 F1800 X82.722 Y94.036 E0.27418
G0 F7200 X82.118 Y93.998
G1 F1800 X74.615 Y86.494 E0.26471
G0 F7200 X74.581 Y87.026
G1 F1800 X81.516 Y93.961 E0.24465
G0 F7200 X80.914 Y93.924
G1 F1800 X74.548 Y87.559 E0.22456
G0 F7200 X74.542 Y88.119
G1 F1800 X80.311 Y93.888 E0.20352
G0 F7200 X79.731 Y93.873
G1 F1800 X74.538 Y88.68 E0.1832
G0 F7200 X74.532 Y89.24
G1 F1800 X79.141 Y93.849 E0.16259
G0 F7200 X78.551 Y93.825
G1 F1800 X74.527 Y89.8 E0.14198
G0 F7200 X74.511 Y90.351
G1 F1800 X77.964 Y93.803 E0.1218
G0 F7200 X77.391 Y93.796
G1 F1800 X74.471 Y90.876 E0.10301
G0 F7200 X74.43 Y91.401
G1 F1800 X76.811 Y93.781 E0.08398
G0 F7200 X76.23 Y93.767
G1 F1800 X74.39 Y91.926 E0.06493
G0 F7200 X74.349 Y92.451
G1 F1800 X75.65 Y93.752 E0.0459
G0 F7200 X75.069 Y93.737
G1 F1800 X74.508 Y93.175 E0.01981
G0 F7200 X74.04 Y93.281
G0 X73.565 Y92.53
G0 X74.248 Y85.857
G0 X79.356 Y85.68
G0 X79.371 Y86.159
G1 F1800 X85.37 Y92.158 E0.21163
G1 X85.44 Y92.228
G0 F7200 X85.753 Y91.869
G0 X84.453 Y90.108
G0 X83.988 Y90.211
G1 F1800 X79.919 Y86.142 E0.14354
G0 F7200 X80.457 Y86.114
G1 F1800 X83.966 Y89.623 E0.12379
G0 F7200 X84.019 Y89.11
G1 F1800 X80.994 Y86.085 E0.10672
G0 F7200 X81.532 Y86.057
G1 F1800 X84.26 Y88.786 E0.09626
G0 F7200 X84.532 Y88.492
G1 F1800 X82.068 Y86.028 E0.08692
G0 F7200 X82.619 Y86.013
G1 F1800 X84.804 Y88.198 E0.07708
G0 F7200 X85.076 Y87.905
G1 F1800 X83.145 Y85.974 E0.06812
G0 F7200 X83.659 Y85.922
G1 F1800 X85.339 Y87.601 E0.05925
G0 F7200 X85.708 Y87.405
G1 F1800 X84.173 Y85.87 E0.05415
G0 F7200 X84.687 Y85.818
G1 F1800 X86.107 Y87.239 E0.05011
G0 F7200 X86.505 Y87.071
G1 F1800 X85.208 Y85.773 E0.04577
G0 F7200 X85.752 Y85.752
G1 F1800 X86.904 Y86.904 E0.04064
G0 F7200 X87.303 Y86.737
G1 F1800 X86.295 Y85.73 E0.03554
G0 F7200 X86.839 Y85.708
G1 F1800 X87.702 Y86.57 E0.03043
G0 F7200 X88.101 Y86.403
G1 F1800 X87.383 Y85.686 E0.02531
G0 F7200 X87.927 Y85.664
G1 F1800 X88.267 Y86.005 E0.01201
G1 F4200 E-3.5
G0 F7200 X88.305 Y85.188
G0 X91.245 Y85.33
G0 X91.221 Y86.933
G0 X91.227 Y86.136
G1 F4200 E3.5
G1 F1800 X91.65 Y86.559 E0.01492
G0 F7200 X91.475 Y87.32
G1 F4200 E-3.5
G1 F600 Z20.2
;MESH:NONMESH
G0 F7200 X91.475 Y87.32 Z20.2
G0 X71.525 Y85.848
;TIME_ELAPSED:1554.572672
;LAYER:131
;MESH:pi 3mm_deformed_tet.stl
G0 X71.525 Y85.848 Z20.35
;TYPE:FILL
G1 F600 Z19.85
G1 F4200 E3.5
G1 F3600 X67.329 Y90.044 E0.14803
G1 X67.328 Y89.955
G1 X71.491 Y94.119 E0.14688
G1 X71.561 Y94.189
G1 F4200 E-3.5
G1 F600 Z20.35
G0 F7200 X71.555 Y93.679 Z20.35
G0 X87.683 Y92.316
G1 F600 Z19.85
G1 F4200 E3.5
G1 F3600 X91.881 Y88.118 E0.1481
G1 X91.951 Y88.048
G0 F7200 X91.735 Y88.126
G0 X91.718 Y91.801
G0 X91.85 Y91.85
G1 F3600 X87.636 Y87.636 E0.14866
G1 X87.566 Y87.566
G1 F4200 E-3.5
G1 F600 Z20.35
G0 F7200 X87.769 Y88.057 Z20.35
G0 X108.469 Y85.842
G1 F600 Z19.85
G1 F4200 E3.5
G1 F3600 X112.592 Y89.964 E0.14543
G1 X112.591 Y90.036
G1 X108.532 Y94.095 E0.14319
G1 X108.462 Y94.165
G0 F7200 X108.465 Y93.957
G0 X97.285 Y94.49
G0 X88.332 Y94.83
G0 X88.479 Y94.924
;TYPE:WALL-INNER
G1 F3600 X91.394 Y94.864 E0.07273
G1 X94.668 Y94.776 E0.0817
G1 X97.466 Y94.561 E0.07
G1 X99.993 Y94.404 E0.06316
G1 X102.155 Y94.324 E0.05397
G1 X107.463 Y94.236 E0.13243
G1 X109.593 Y94.272 E0.05314
G1 X112.789 Y94.284 E0.07973
G1 X112.752 Y90.585 E0.09228
G1 X112.748 Y85.661 E0.12283
G1 X111.489 Y85.652 E0.03141
G1 X109.544 Y85.664 E0.04852
G1 X107.33 Y85.7 E0.05524
G1 X105.567 Y85.696 E0.04398
G1 X101.996 Y85.644 E0.08909
G1 X99.597 Y85.584 E0.05986
G1 X97.174 Y85.478 E0.0605
G1 X94.822 Y85.253 E0.05894
G1 X94.438 Y85.256 E0.00958
G1 X91.378 Y85.128 E0.0764
G1 X88.501 Y85.076 E0.07178
G1 X88.097 Y85.057 E0.01009
G1 X85.043 Y85.179 E0.07624
G1 X82.61 Y85.428 E0.06101
G1 X82.247 Y85.436 E0.00906
G1 X79.951 Y85.556 E0.05735
G1 X75.745 Y85.688 E0.10497
G1 X74.078 Y85.685 E0.04158
G1 X72.418 Y85.696 E0.04141
G1 X68.521 Y85.661 E0.09721
G1 X67.135 Y85.669 E0.03457
G1 X67.129 Y87.558 E0.04712
G1 X67.169 Y89.993 E0.06075
G1 X67.148 Y92.443 E0.06112
G1 X67.163 Y94.292 E0.04613
G1 X68.581 Y94.304 E0.03537
G1 X70.259 Y94.296 E0.04186
G1 X72.586 Y94.264 E0.05805
G1 X77.907 Y94.384 E0.13277
G1 X80.079 Y94.465 E0.05422
G1 X82.479 Y94.618 E0.05999
G1 X84.97 Y94.828 E0.06236
G1 X88.083 Y94.939 E0.0777
G1 X88.479 Y94.924 E0.00989
G0 F7200 X88.332 Y94.83
G0 X91.368 Y94.764
G0 X91.405 Y95.264
;TYPE:WALL-OUTER
G1 F1800 X94.684 Y95.176 E0.08182
G1 X97.491 Y94.96 E0.07023
G1 X100.008 Y94.804 E0.06291
G1 X102.158 Y94.724 E0.05367
G1 X107.456 Y94.636 E0.13218
G1 X109.591 Y94.672 E0.05327
G1 X113.193 Y94.684 E0.08985
G1 X113.152 Y90.585 E0.10226
G1 X113.148 Y85.263 E0.13276
G1 X111.487 Y85.252 E0.04143
G1 X109.538 Y85.264 E0.04862
G1 X107.331 Y85.3 E0.05506
G1 X105.573 Y85.296 E0.04385
G1 X102.006 Y85.244 E0.08899
G1 X99.615 Y85.184 E0.05966
G1 X97.212 Y85.08 E0.06
G1 X94.839 Y84.853 E0.05946
G1 X94.455 Y84.856 E0.00958
G1 X91.39 Y84.728 E0.07652
G1 X88.519 Y84.676 E0.07163
G1 X88.099 Y84.657 E0.01049
G1 X85.015 Y84.78 E0.07699
G1 X82.581 Y85.028 E0.06103
G1 X82.232 Y85.036 E0.00871
G1 X79.939 Y85.156 E0.05728
G1 X75.742 Y85.288 E0.10475
G1 X74.075 Y85.285 E0.04158
G1 X72.422 Y85.296 E0.04124
G1 X68.519 Y85.261 E0.09736
G1 X66.736 Y85.271 E0.04448
G1 X66.729 Y87.564 E0.0572
G1 X66.769 Y89.99 E0.06053
G1 X66.748 Y92.446 E0.06127
G1 X66.767 Y94.689 E0.05595
G1 X68.583 Y94.704 E0.0453
G1 X70.265 Y94.696 E0.04196
G1 X72.577 Y94.664 E0.05768
G1 X77.892 Y94.784 E0.13262
G1 X80.053 Y94.864 E0.05394
G1 X82.445 Y95.016 E0.05979
G1 X84.95 Y95.228 E0.06271
G1 X88.083 Y95.339 E0.0782
G1 X91.405 Y95.264 E0.08289
G0 F7200 X91.604 Y95.259
G1 F4200 E-3.5
G0 F7200 X91.588 Y94.758
G0 X88.475 Y94.724
G0 X87.646 Y92.235
G0 X85.194 Y89.965
G0 X84.924 Y90.061
;TYPE:SKIN
G1 F4200 E3.5
G1 F1800 X86.182 Y91.493 E0.04755
G1 X87.536 Y92.403 E0.0407
G1 X88.16 Y92.68 E0.01703
G1 X88.449 Y92.664 E0.00722
G1 X91.612 Y92.616 E0.07891
G1 X91.734 Y92.56 E0.00335
G1 X91.979 Y91.897 E0.01763
G1 X93.213 Y90.093 E0.05452
G1 X93.237 Y89.911 E0.00458
G1 X92.028 Y88.112 E0.05407
G1 X91.761 Y87.388 E0.01925
G1 X91.609 Y87.332 E0.00404
G1 X88.512 Y87.292 E0.07726
G1 X88.161 Y87.264 E0.00878
G1 X87.342 Y87.603 E0.02211
G1 X86.091 Y88.389 E0.03685
G1 X84.939 Y89.897 E0.04734
G1 X84.924 Y90.061 E0.00411
G1 F4200 E-3.5
G0 F7200 X85.194 Y89.965
G0 X91.36 Y92.445
G0 X91.388 Y94.664
G0 X91.384 Y94.484
G1 F4200 E3.5
G1 F1800 X88.081 Y94.555 E0.08241
G1 X84.993 Y94.448 E0.07708
G1 X82.51 Y94.236 E0.06216
G1 X80.101 Y94.084 E0.06021
G1 X77.92 Y94.004 E0.05444
G1 X73.889 Y93.911 E0.10058
G1 X73.558 Y92.472 E0.03683
G1 X73.68 Y90.9 E0.03933
G1 X73.716 Y90.009 E0.02224
G1 X73.712 Y89.119 E0.0222
G1 X73.732 Y87.56 E0.03889
G1 X73.825 Y86.068 E0.03729
G1 X75.744 Y86.068 E0.04787
G1 X79.959 Y85.936 E0.1052
G1 X82.221 Y85.818 E0.0565
G1 X82.593 Y85.808 E0.00928
G1 X85.122 Y85.553 E0.06341
G1 X88.094 Y85.436 E0.07419
G1 X88.481 Y85.456 E0.00967
G1 X91.356 Y85.508 E0.07173
G1 X94.423 Y85.636 E0.07657
G1 X94.799 Y85.633 E0.00938
G1 X97.181 Y85.86 E0.05969
G1 X99.579 Y85.964 E0.05987
G1 X101.987 Y86.024 E0.06009
G1 X105.806 Y86.074 E0.09527
G1 X106.148 Y87.464 E0.03571
G1 X106.39 Y88.625 E0.02958
G1 X106.546 Y89.967 E0.0337
G1 X106.382 Y91.319 E0.03397
G1 X106.159 Y92.416 E0.02792
G1 X106.088 Y93.308 E0.02232
G1 X106.064 Y93.879 E0.01426
G1 X102.148 Y93.944 E0.0977
G1 X99.98 Y94.024 E0.05412
G1 X97.443 Y94.18 E0.06341
G1 X94.649 Y94.396 E0.0699
G1 X91.384 Y94.484 E0.08148
G0 F7200 X91.39 Y94.763
G0 X106.266 Y94.084
G0 X105.432 Y93.69
G1 F1800 X105.893 Y93.228 E0.01628
G0 F7200 X105.943 Y92.613
G1 F1800 X104.857 Y93.699 E0.03831
G0 F7200 X104.281 Y93.709
G1 F1800 X106.051 Y91.939 E0.06244
G0 F7200 X106.19 Y91.234
G1 F1800 X103.706 Y93.718 E0.08763
G0 F7200 X103.131 Y93.728
G1 F1800 X106.269 Y90.59 E0.1107
G0 F7200 X106.343 Y89.95
G1 F1800 X102.555 Y93.738 E0.13363
G0 F7200 X101.977 Y93.75
G1 F1800 X106.284 Y89.443 E0.15194
G0 F7200 X106.224 Y88.937
G1 F1800 X101.389 Y93.772 E0.17057
G0 F7200 X100.802 Y93.793
G1 F1800 X106.148 Y88.448 E0.18858
G0 F7200 X106.05 Y87.98
G1 F1800 X100.215 Y93.815 E0.20585
G0 F7200 X99.619 Y93.846
G1 F1800 X105.953 Y87.512 E0.22345
G0 F7200 X105.842 Y87.057
G1 F1800 X99.015 Y93.883 E0.24082
G0 F7200 X98.413 Y93.92
G1 F1800 X105.73 Y86.603 E0.25813
G0 F7200 X105.498 Y86.27
G1 F1800 X97.811 Y93.957 E0.27118
G0 F7200 X97.204 Y93.998
G1 F1800 X104.94 Y86.262 E0.27291
G0 F7200 X104.381 Y86.255
G1 F1800 X96.59 Y94.046 E0.27485
G0 F7200 X95.977 Y94.093
G1 F1800 X103.822 Y86.248 E0.27675
G0 F7200 X103.264 Y86.24
G1 F1800 X95.364 Y94.141 E0.27871
G0 F7200 X94.751 Y94.188
G1 F1800 X102.706 Y86.233 E0.28063
G0 F7200 X102.147 Y86.226
G1 F1800 X94.163 Y94.21 E0.28166
G0 F7200 X93.582 Y94.226
G1 F1800 X101.594 Y86.214 E0.28264
G0 F7200 X101.041 Y86.201
G1 F1800 X93.001 Y94.241 E0.28363
G0 F7200 X92.42 Y94.257
G1 F1800 X100.489 Y86.187 E0.28467
G0 F7200 X99.938 Y86.173
G1 F1800 X91.838 Y94.272 E0.28573
G0 F7200 X91.258 Y94.286
G1 F1800 X99.389 Y86.156 E0.28683
G0 F7200 X98.846 Y86.133
G1 F1800 X90.68 Y94.299 E0.28808
G0 F7200 X90.102 Y94.312
G1 F1800 X91.594 Y92.819 E0.05265
G0 F7200 X91.02 Y92.828
G1 F1800 X89.523 Y94.325 E0.05281
G0 F7200 X88.946 Y94.337
G1 F1800 X90.446 Y92.836 E0.05293
G0 F7200 X89.873 Y92.844
G1 F1800 X88.367 Y94.349 E0.05311
G0 F7200 X87.805 Y94.346
G1 F1800 X89.298 Y92.852 E0.05269
G0 F7200 X88.724 Y92.861
G1 F1800 X87.258 Y94.327 E0.05172
G0 F7200 X86.712 Y94.308
G1 F1800 X88.151 Y92.869 E0.05076
G0 F7200 X87.743 Y92.711
G1 F1800 X86.165 Y94.288 E0.05565
G0 F7200 X85.618 Y94.27
G1 F1800 X87.362 Y92.526 E0.06152
G0 F7200 X87.024 Y92.299
G1 F1800 X85.071 Y94.251 E0.06888
G0 F7200 X84.549 Y94.208
G1 F1800 X86.686 Y92.071 E0.07539
G0 F7200 X86.348 Y91.843
G1 F1800 X84.027 Y94.164 E0.08188
G0 F7200 X83.505 Y94.12
G1 F1800 X86.018 Y91.607 E0.08865
G0 F7200 X85.754 Y91.306
G1 F1800 X82.983 Y94.076 E0.09774
G0 F7200 X82.46 Y94.034
G1 F1800 X85.489 Y91.005 E0.10686
G0 F7200 X85.225 Y90.703
G1 F1800 X81.928 Y94 E0.11631
G0 F7200 X81.396 Y93.966
G1 F1800 X84.96 Y90.402 E0.12573
G0 F7200 X84.732 Y90.065
G1 F1800 X80.865 Y93.932 E0.13642
G0 F7200 X80.333 Y93.898
G1 F1800 X85.825 Y88.406 E0.19375
G0 F7200 X86.056 Y88.176
G1 F1800 X88.574 Y85.657 E0.08885
G0 F7200 X88.026 Y85.639
G1 F1800 X79.793 Y93.873 E0.29046
G0 F7200 X79.247 Y93.853
G1 F1800 X87.437 Y85.663 E0.28892
G0 F7200 X86.847 Y85.687
G1 F1800 X78.701 Y93.833 E0.28737
G0 F7200 X78.156 Y93.813
G1 F1800 X86.258 Y85.711 E0.28582
G0 F7200 X85.668 Y85.735
G1 F1800 X77.606 Y93.797 E0.28441
G0 F7200 X77.053 Y93.784
G1 F1800 X85.078 Y85.759 E0.2831
G0 F7200 X84.453 Y85.819
G1 F1800 X76.5 Y93.771 E0.28055
G0 F7200 X75.948 Y93.758
G1 F1800 X83.823 Y85.883 E0.27781
G0 F7200 X83.193 Y85.947
G1 F1800 X75.395 Y93.745 E0.2751
G0 F7200 X74.842 Y93.733
G1 F1800 X82.566 Y86.008 E0.2725
G0 F7200 X81.978 Y86.031
G1 F1800 X74.289 Y93.719 E0.27123
G0 F7200 X73.99 Y93.453
G1 F1800 X81.381 Y86.062 E0.26074
G0 F7200 X80.784 Y86.093
G1 F1800 X73.883 Y92.994 E0.24345
G0 F7200 X73.778 Y92.533
G1 F1800 X80.187 Y86.124 E0.22609
G0 F7200 X79.598 Y86.148
G1 F1800 X73.799 Y91.947 E0.20458
G0 F7200 X73.847 Y91.333
G1 F1800 X79.014 Y86.166 E0.18228
G0 F7200 X78.431 Y86.184
G1 F1800 X73.887 Y90.727 E0.16028
G0 F7200 X73.911 Y90.138
G1 F1800 X77.847 Y86.202 E0.13885
G0 F7200 X77.263 Y86.22
G1 F1800 X73.915 Y89.569 E0.11813
G0 F7200 X73.915 Y89.003
G1 F1800 X76.679 Y86.239 E0.09751
G0 F7200 X76.095 Y86.257
G1 F1800 X73.922 Y88.43 E0.07666
G0 F7200 X73.929 Y87.857
G1 F1800 X75.518 Y86.268 E0.05606
G0 F7200 X74.952 Y86.268
G1 F1800 X73.951 Y87.269 E0.03531
G0 F7200 X73.989 Y86.666
G1 F1800 X74.386 Y86.268 E0.01402
G1 F4200 E-3.5
G1 F600 Z20.35
G0 F7200 X73.239 Y86.292 Z20.35
G0 X87.452 Y87.345
G1 F600 Z19.85
G1 F4200 E3.5
G1 F1800 X89.13 Y85.667 E0.0592
G0 F7200 X89.685 Y85.677
G1 F1800 X88.282 Y87.08 E0.04949
G0 F7200 X88.832 Y87.096
G1 F1800 X90.241 Y85.687 E0.04971
G0 F7200 X90.797 Y85.697
G1 F1800 X89.39 Y87.104 E0.04964
G0 F7200 X89.949 Y87.111
G1 F1800 X91.352 Y85.708 E0.04949
G0 F7200 X91.895 Y85.73
G1 F1800 X90.507 Y87.118 E0.04897
G0 F7200 X91.065 Y87.125
G1 F1800 X92.438 Y85.753 E0.04842
G0 F7200 X92.981 Y85.776
G1 F1800 X91.622 Y87.135 E0.04794
G0 F7200 X91.957 Y87.365
G1 F1800 X93.524 Y85.798 E0.05528
G0 F7200 X94.067 Y85.821
G1 F1800 X92.116 Y87.772 E0.06883
G0 F7200 X92.299 Y88.154
G1 F1800 X94.619 Y85.834 E0.08184
G0 F7200 X95.153 Y85.867
G1 F1800 X92.527 Y88.492 E0.09262
G0 F7200 X92.755 Y88.83
G1 F1800 X95.669 Y85.916 E0.1028
G0 F7200 X96.185 Y85.966
G1 F1800 X92.983 Y89.168 E0.11296
G0 F7200 X93.212 Y89.505
G1 F1800 X96.702 Y86.015 E0.12312
G0 F7200 X97.221 Y86.061
G1 F1800 X93.427 Y89.855 E0.13384
G1 X93.357 Y89.925
G0 F7200 X92.973 Y89.98
G0 X92.412 Y90.771
G0 X92.806 Y91.041
G1 F1800 X97.762 Y86.085 E0.17484
G0 F7200 X98.305 Y86.109
G1 F1800 X92.003 Y92.41 E0.2223
G1 X91.933 Y92.48
G0 F7200 X91.242 Y92.047
G1 F4200 E-3.5
G1 F600 Z20.35
;MESH:NONMESH
G0 F7200 X91.242 Y92.047 Z20.35
G0 X71.525 Y85.848
;TIME_ELAPSED:1591.919373
;LAYER:132
;MESH:pi 3mm_deformed_tet.stl
G0 X71.525 Y85.848 Z20.5
;TYPE:FILL
G1 F600 Z20
G1 F4200 E3.5
G1 F3600 X67.368 Y90.004 E0.14663
G1 X67.367 Y89.995
G1 X71.489 Y94.117 E0.14541
G1 X71.559 Y94.187
G0 F7200 X71.557 Y93.976
G0 X73.159 Y94.105
G0 X78.182 Y94.22
G0 X78.077 Y92.728
G0 X78.164 Y92.621
;TYPE:WALL-INNER
G1 F3600 X78.185 Y92.373 E0.00621
G1 X78.764 Y90.472 E0.04957
G1 X78.744 Y90.002 E0.01173
G1 X78.867 Y89.452 E0.01406
G1 X79.07 Y87.4 E0.05144
G1 X79.101 Y87.247 E0.00389
G1 X79.232 Y85.581 E0.04169
G1 X75.63 Y85.693 E0.0899
G1 X72.446 Y85.7 E0.07943
G1 X68.18 Y85.665 E0.10642
G1 X67.174 Y85.67 E0.0251
G1 X67.165 Y87.561 E0.04717
G1 X67.208 Y89.993 E0.06068
G1 X67.188 Y92.442 E0.06109
G1 X67.2 Y94.292 E0.04615
G1 X68.23 Y94.3 E0.02569
G1 X70.532 Y94.292 E0.05742
G1 X72.61 Y94.26 E0.05184
G1 X77.784 Y94.38 E0.1291
G1 X78.455 Y94.406 E0.01675
G1 X78.34 Y94.069 E0.00888
G1 X78.164 Y92.621 E0.03639
G0 F7200 X78.556 Y92.529
;TYPE:WALL-OUTER
G1 F1800 X79.166 Y90.522 E0.05233
G1 X79.144 Y90.011 E0.01276
G1 X79.262 Y89.521 E0.01257
G1 X79.468 Y87.44 E0.05216
G1 X79.497 Y87.309 E0.00335
G1 X79.666 Y85.167 E0.0536
G1 X75.629 Y85.293 E0.10075
G1 X72.45 Y85.3 E0.0793
G1 X68.178 Y85.265 E0.10657
G1 X66.776 Y85.272 E0.03497
G1 X66.765 Y87.568 E0.05727
G1 X66.808 Y89.99 E0.06043
G1 X66.788 Y92.444 E0.06122
G1 X66.803 Y94.689 E0.056
G1 X68.231 Y94.7 E0.03562
G1 X70.538 Y94.692 E0.05755
G1 X72.601 Y94.66 E0.05147
G1 X77.768 Y94.78 E0.12893
G1 X79.061 Y94.831 E0.03228
G1 X78.74 Y94.048 E0.02111
G1 X78.556 Y92.529 E0.03817
G0 F7200 X78.614 Y92.338
G0 X77.785 Y92.673
;TYPE:SKIN
G1 F1800 X77.949 Y94.006 E0.0335
G1 X73.303 Y93.895 E0.11593
G1 X72.974 Y92.461 E0.0367
G1 X73.052 Y91.484 E0.02445
G1 X73.104 Y90.008 E0.03684
G1 X73.104 Y88.68 E0.03313
G1 X73.116 Y87.572 E0.02764
G1 X73.187 Y86.416 E0.02889
G1 X73.262 Y86.076 E0.00869
G1 X75.629 Y86.072 E0.05905
G1 X78.818 Y85.975 E0.07959
G1 X78.721 Y87.192 E0.03045
G1 X78.688 Y87.36 E0.00427
G1 X78.49 Y89.393 E0.05095
G1 X78.368 Y89.957 E0.01439
G1 X78.378 Y90.421 E0.01158
G1 X77.82 Y92.253 E0.04777
G1 X77.785 Y92.673 E0.01051
G0 F7200 X78.067 Y92.648
G0 X78.182 Y94.22
G0 X73.159 Y94.105
G0 X73.91 Y93.709
G1 F1800 X73.336 Y93.135 E0.02025
G0 F7200 X73.178 Y92.411
G1 F1800 X74.489 Y93.723 E0.04627
G0 F7200 X75.069 Y93.736
G1 F1800 X73.22 Y91.888 E0.06521
G0 F7200 X73.256 Y91.358
G1 F1800 X75.648 Y93.75 E0.08438
G0 F7200 X76.228 Y93.764
G1 F1800 X73.275 Y90.812 E0.10416
G0 F7200 X73.295 Y90.266
G1 F1800 X76.808 Y93.779 E0.12393
G0 F7200 X77.388 Y93.793
G1 F1800 X73.304 Y89.709 E0.14407
G0 F7200 X73.304 Y89.144
G1 F1800 X77.688 Y93.528 E0.15466
G0 F7200 X77.61 Y92.883
G1 F1800 X73.305 Y88.579 E0.15185
G0 F7200 X73.311 Y88.019
G1 F1800 X77.616 Y92.324 E0.15187
G0 F7200 X77.728 Y91.87
G1 F1800 X73.323 Y87.465 E0.1554
G0 F7200 X73.356 Y86.932
G1 F1800 X77.86 Y91.437 E0.15891
G0 F7200 X77.992 Y91.003
G1 F1800 X73.394 Y86.405 E0.16221
G0 F7200 X73.83 Y86.276
G1 F1800 X78.124 Y90.569 E0.15146
G0 F7200 X78.173 Y90.053
G1 F1800 X74.395 Y86.274 E0.1333
G0 F7200 X74.96 Y86.273
G1 F1800 X78.248 Y89.562 E0.11601
G0 F7200 X78.321 Y89.069
G1 F1800 X75.525 Y86.273 E0.09864
G0 F7200 X76.076 Y86.259
G1 F1800 X78.371 Y88.553 E0.08094
G0 F7200 X78.421 Y88.038
G1 F1800 X76.626 Y86.242 E0.06334
G0 F7200 X77.174 Y86.225
G1 F1800 X78.471 Y87.522 E0.04576
G0 F7200 X78.534 Y87.019
G1 F1800 X77.724 Y86.209 E0.02857
G0 F7200 X78.273 Y86.193
G1 F1800 X78.576 Y86.495 E0.01067
G1 F4200 E-3.5
G1 F600 Z20.5
G0 F7200 X88.236 Y88.236 Z20.5
;TYPE:FILL
G1 F600 Z20
G1 F4200 E3.5
G1 F3600 X91.474 Y91.474 E0.11423
G1 X91.544 Y91.544
G0 F7200 X91.349 Y91.41
G0 X91.378 Y88.583
G0 X91.494 Y88.506
G1 F3600 X88.271 Y91.729 E0.1137
G1 X88.201 Y91.799
G1 F4200 E-3.5
G1 F600 Z20.5
G0 F7200 X88.501 Y91.346 Z20.5
G0 X96.967 Y93.146
;TYPE:WALL-INNER
G1 F600 Z20
G1 F4200 E3.5
G1 F3600 X97.076 Y93.003 E0.00449
G1 X97.296 Y92.866 E0.00647
G1 X97.624 Y92.846 E0.0082
G1 X97.833 Y92.9 E0.00538
G1 X97.746 Y92.442 E0.01163
G1 X98.129 Y91.067 E0.03561
G1 X98.658 Y90.004 E0.02962
G1 X97.428 Y88.112 E0.05629
G1 X97.225 Y87.703 E0.01139
G1 X95.03 Y85.254 E0.08204
G1 X91.378 Y85.104 E0.09118
G1 X88.09 Y85.037 E0.08204
G1 X85.027 Y85.159 E0.07647
G1 X82.436 Y85.424 E0.06497
G1 X80.697 Y85.516 E0.04344
G1 X80.795 Y87.099 E0.03956
G1 X80.748 Y87.295 E0.00503
G1 X80.461 Y87.679 E0.01196
G1 X80.588 Y89.982 E0.05754
G1 X80.63 Y92.09 E0.05259
G1 X80.726 Y92.29 E0.00553
G1 X82.674 Y94.651 E0.07635
G1 X84.957 Y94.844 E0.05715
G1 X88.081 Y94.963 E0.07799
G1 X91.389 Y94.892 E0.08254
G1 X94.728 Y94.794 E0.08333
G1 X96.571 Y94.195 E0.04834
G1 X96.967 Y93.146 E0.02797
G0 F7200 X97.319 Y93.336
;TYPE:WALL-OUTER
G1 F1800 X97.429 Y93.243 E0.00359
G1 X97.539 Y93.236 E0.00275
G1 X98.414 Y93.464 E0.02256
G1 X98.141 Y92.529 E0.0243
G1 X98.512 Y91.194 E0.03456
G1 X99.118 Y89.978 E0.03389
G1 X97.768 Y87.901 E0.06179
G1 X97.56 Y87.477 E0.01178
G1 X95.243 Y84.892 E0.08659
G1 X94.698 Y84.84 E0.01366
G1 X91.39 Y84.704 E0.08259
G1 X88.091 Y84.637 E0.08231
G1 X84.999 Y84.76 E0.07719
G1 X82.415 Y85.024 E0.06479
G1 X80.273 Y85.138 E0.05351
G1 X80.394 Y87.124 E0.04963
G1 X80.053 Y87.541 E0.01344
G1 X80.188 Y90.029 E0.06215
G1 X80.232 Y92.184 E0.05377
G1 X80.386 Y92.507 E0.00893
G1 X82.389 Y94.933 E0.07848
G1 X82.575 Y95.044 E0.0054
G1 X84.933 Y95.244 E0.05903
G1 X88.078 Y95.363 E0.07851
G1 X91.401 Y95.292 E0.08291
G1 X94.797 Y95.192 E0.08475
G1 X96.878 Y94.515 E0.05459
G1 X97.319 Y93.336 E0.0314
G0 F7200 X97.429 Y93.243
G0 X97.485 Y93.24
G1 F4200 E-3.5
G1 F600 Z20.5
G0 F7200 X86.045 Y90.053 Z20.5
;TYPE:SKIN
G1 F600 Z20
G1 F4200 E3.5
G1 F1800 X86.79 Y90.908 E0.02829
G1 X88.229 Y91.867 E0.04314
G1 X88.572 Y91.945 E0.00877
G1 X91.255 Y91.908 E0.06693
G1 X91.373 Y91.87 E0.00309
G1 X92.606 Y90.059 E0.05465
G1 X92.611 Y89.909 E0.00374
G1 X91.414 Y88.136 E0.05336
G1 X91.291 Y88.052 E0.00372
G1 X88.525 Y87.998 E0.06901
G1 X88.274 Y88.041 E0.00635
G1 X86.725 Y89.031 E0.04586
G1 X86.075 Y89.878 E0.02663
G1 X86.045 Y90.053 E0.00443
G1 F4200 E-3.5
G1 F600 Z20.5
G0 F7200 X86.69 Y89.913 Z20.5
G0 X96.608 Y92.994
G1 F600 Z20
G1 F4200 E3.5
G1 F1800 X96.277 Y93.887 E0.02376
G1 X94.657 Y94.412 E0.04248
G1 X91.384 Y94.512 E0.08168
G1 X88.086 Y94.579 E0.08229
G1 X84.981 Y94.464 E0.07751
G1 X82.865 Y94.287 E0.05297
G1 X81.009 Y92.033 E0.07283
G1 X80.968 Y90.008 E0.05052
G1 X80.848 Y87.803 E0.05509
G1 X81.101 Y87.437 E0.0111
G1 X81.176 Y87.126 E0.00798
G1 X81.1 Y85.873 E0.03131
G1 X82.461 Y85.8 E0.034
G1 X85.059 Y85.536 E0.06514
G1 X88.09 Y85.416 E0.07567
G1 X91.354 Y85.484 E0.08144
G1 X94.851 Y85.625 E0.0873
G1 X96.909 Y87.922 E0.07693
G1 X97.097 Y88.295 E0.01042
G1 X98.218 Y90.03 E0.05153
G1 X97.78 Y90.911 E0.02454
G1 X97.371 Y92.362 E0.03761
G1 X97.369 Y92.482 E0.00299
G1 X97.126 Y92.525 E0.00616
G1 X96.802 Y92.734 E0.00962
G1 X96.608 Y92.994 E0.00809
G0 F7200 X96.862 Y93.123
G0 X97.6 Y92.672
G0 X98.467 Y90.015
G0 X97.091 Y87.794
G0 X94.954 Y85.414
G0 X94.288 Y85.803
G1 F1800 X97 Y88.515 E0.09567
G1 X97.07 Y88.585
G0 F7200 X97.889 Y89.006
G0 X98.467 Y90.015
G0 X97.98 Y90.061
G1 F1800 X93.699 Y85.779 E0.15104
G0 F7200 X93.11 Y85.756
G1 F1800 X97.792 Y90.438 E0.16517
G0 F7200 X97.604 Y90.816
G1 F1800 X92.521 Y85.732 E0.17933
G0 F7200 X91.931 Y85.708
G1 F1800 X97.474 Y91.251 E0.19554
G0 F7200 X97.35 Y91.693
G1 F1800 X91.342 Y85.685 E0.21195
G0 F7200 X90.763 Y85.672
G1 F1800 X97.226 Y92.135 E0.228
G0 F7200 X96.936 Y92.41
G1 F1800 X90.185 Y85.66 E0.23814
G0 F7200 X89.607 Y85.648
G1 F1800 X96.614 Y92.654 E0.24717
G0 F7200 X96.394 Y93
G1 F1800 X91.914 Y88.52 E0.15804
G1 X91.844 Y88.45
G0 F7200 X91.242 Y87.847
G1 F1800 X89.03 Y85.636 E0.07802
G0 F7200 X88.452 Y85.624
G1 F1800 X90.666 Y87.838 E0.0781
G0 F7200 X90.09 Y87.828
G1 F1800 X87.887 Y85.624 E0.07773
G0 F7200 X87.343 Y85.646
G1 F1800 X89.514 Y87.817 E0.07659
G0 F7200 X88.938 Y87.807
G1 F1800 X86.799 Y85.668 E0.07546
G0 F7200 X86.256 Y85.69
G1 F1800 X88.392 Y87.826 E0.07535
G0 F7200 X87.987 Y87.987
G1 F1800 X85.711 Y85.711 E0.08029
G0 F7200 X85.167 Y85.733
G1 F1800 X87.64 Y88.206 E0.08724
G0 F7200 X87.294 Y88.426
G1 F1800 X84.648 Y85.779 E0.09336
G0 F7200 X84.134 Y85.831
G1 F1800 X86.948 Y88.645 E0.09927
G0 F7200 X86.602 Y88.865
G1 F1800 X83.621 Y85.884 E0.10516
G0 F7200 X83.107 Y85.935
G1 F1800 X86.357 Y89.185 E0.11465
G0 F7200 X86.111 Y89.506
G1 F1800 X82.594 Y85.988 E0.12409
G0 F7200 X82.063 Y86.022
G1 F1800 X85.884 Y89.844 E0.13481
G1 X85.954 Y89.914
G0 F7200 X86.321 Y89.981
G0 X88.249 Y91.547
G0 X87.983 Y91.943
G1 F1800 X90.372 Y94.332 E0.08428
G0 F7200 X89.818 Y94.344
G1 F1800 X81.525 Y86.051 E0.29256
G0 F7200 X81.333 Y86.424
G1 F1800 X89.264 Y94.355 E0.27979
G0 F7200 X88.709 Y94.366
G1 F1800 X81.369 Y87.026 E0.25894
G0 F7200 X81.287 Y87.509
G1 F1800 X88.155 Y94.378 E0.2423
G0 F7200 X87.571 Y94.359
G1 F1800 X81.061 Y87.849 E0.22966
G0 F7200 X81.083 Y88.437
G1 F1800 X86.983 Y94.337 E0.20814
G0 F7200 X86.396 Y94.315
G1 F1800 X81.116 Y89.035 E0.18627
G0 F7200 X81.148 Y89.634
G1 F1800 X85.808 Y94.293 E0.16438
G0 F7200 X85.22 Y94.271
G1 F1800 X81.172 Y90.223 E0.1428
G0 F7200 X81.184 Y90.8
G1 F1800 X84.616 Y94.233 E0.12109
G0 F7200 X83.999 Y94.181
G1 F1800 X81.195 Y91.377 E0.09892
G0 F7200 X81.206 Y91.954
G1 F1800 X83.381 Y94.129 E0.07673
G1 X83.451 Y94.199
G1 F4200 E-3.5
G1 F600 Z20.5
G0 F7200 X88.753 Y92.147 Z20.5
G1 F600 Z20
G1 F4200 E3.5
G1 F1800 X90.926 Y94.32 E0.07666
G0 F7200 X91.481 Y94.309
G1 F1800 X89.309 Y92.137 E0.07662
G0 F7200 X89.866 Y92.129
G1 F1800 X92.029 Y94.292 E0.07631
G0 F7200 X92.579 Y94.276
G1 F1800 X90.423 Y92.12 E0.07606
G0 F7200 X90.981 Y92.112
G1 F1800 X93.127 Y94.259 E0.07572
G0 F7200 X93.676 Y94.242
G1 F1800 X91.467 Y92.033 E0.07793
G0 F7200 X91.718 Y91.718
G1 F1800 X94.226 Y94.226 E0.08848
G0 F7200 X94.74 Y94.175
G1 F1800 X91.947 Y91.382 E0.09853
G0 F7200 X92.177 Y91.046
G1 F1800 X95.167 Y94.036 E0.10548
G0 F7200 X95.594 Y93.897
G1 F1800 X92.406 Y90.709 E0.11247
G0 F7200 X92.636 Y90.373
G1 F1800 X96.022 Y93.76 E0.11947
G0 F7200 X96.241 Y93.412
G1 F1800 X92.816 Y89.987 E0.12083
G1 X92.746 Y89.917
G0 F7200 X91.988 Y89.944
G1 F4200 E-3.5
G1 F600 Z20.5
G0 F7200 X91.95 Y89.966 Z20.5
G0 X108.473 Y85.846
;TYPE:FILL
G1 F600 Z20
G1 F4200 E3.5
G1 F3600 X112.548 Y89.921 E0.14376
G1 X112.549 Y90.078
G1 X108.534 Y94.093 E0.14164
G1 X108.464 Y94.163
G0 F7200 X108.467 Y93.954
G0 X106.842 Y94.071
G0 X101.549 Y94.173
G0 X101.769 Y90.474
G0 X101.945 Y89.191
;TYPE:WALL-INNER
G1 F3600 X101.628 Y90.041 E0.02263
G1 X101.734 Y91.035 E0.02494
G1 X101.636 Y92.523 E0.0372
G1 X101.388 Y93.539 E0.02609
G1 X101.373 Y94.352 E0.02028
G1 X102.265 Y94.32 E0.02227
G1 X107.436 Y94.232 E0.12901
G1 X109.346 Y94.268 E0.04765
G1 X112.75 Y94.278 E0.08491
G1 X112.708 Y89.956 E0.10782
G1 X112.708 Y85.663 E0.10709
G1 X109.271 Y85.672 E0.08574
G1 X107.294 Y85.704 E0.04932
G1 X105.335 Y85.7 E0.04887
G1 X101.533 Y85.641 E0.09485
G1 X101.914 Y86.664 E0.02723
G1 X101.99 Y87.45 E0.0197
G1 X101.945 Y89.191 E0.04344
G0 F7200 X101.545 Y89.11
;TYPE:WALL-OUTER
G1 F1800 X101.22 Y89.99 E0.0234
G1 X101.332 Y91.062 E0.02689
G1 X101.235 Y92.48 E0.03545
G1 X100.988 Y93.487 E0.02586
G1 X100.965 Y94.768 E0.03196
G1 X102.272 Y94.72 E0.03263
G1 X107.428 Y94.632 E0.12864
G1 X109.345 Y94.668 E0.04783
G1 X113.154 Y94.679 E0.09502
G1 X113.108 Y89.956 E0.11782
G1 X113.108 Y85.264 E0.11704
G1 X111.824 Y85.26 E0.03203
G1 X109.265 Y85.272 E0.06384
G1 X107.295 Y85.304 E0.04915
G1 X105.341 Y85.3 E0.04874
G1 X101.97 Y85.252 E0.0841
G1 X100.951 Y85.225 E0.02543
G1 X101.522 Y86.756 E0.04076
G1 X101.592 Y87.488 E0.01834
G1 X101.545 Y89.11 E0.04048
G0 F7200 X101.476 Y89.297
G0 X102.322 Y89.258
;TYPE:SKIN
G1 F1800 X102.372 Y87.517 E0.04345
G1 X102.286 Y86.575 E0.0236
G1 X102.083 Y86.033 E0.01444
G1 X105.325 Y86.08 E0.08088
G1 X106.394 Y86.08 E0.02667
G1 X106.718 Y87.415 E0.03427
G1 X107.106 Y89.265 E0.04715
G1 X107.19 Y89.967 E0.01764
G1 X107.102 Y90.683 E0.018
G1 X106.751 Y92.412 E0.04401
G1 X106.638 Y93.867 E0.0364
G1 X101.76 Y93.948 E0.1217
G1 X101.764 Y93.59 E0.00893
G1 X102.007 Y92.6 E0.02543
G1 X102.112 Y90.999 E0.04002
G1 X102.016 Y90.086 E0.0229
G1 X102.322 Y89.258 E0.02202
G0 F7200 X102.047 Y89.208
G0 X101.793 Y90.063
G0 X101.549 Y94.173
G0 X106.842 Y94.071
G0 X101.99 Y93.505
G1 F1800 X102.229 Y93.744 E0.00843
G0 F7200 X102.785 Y93.734
G1 F1800 X102.099 Y93.048 E0.0242
G0 F7200 X102.209 Y92.592
G1 F1800 X103.341 Y93.724 E0.03993
G0 F7200 X103.897 Y93.714
G1 F1800 X102.246 Y92.063 E0.05824
G0 F7200 X102.28 Y91.532
G1 F1800 X104.452 Y93.704 E0.07662
G0 F7200 X105.009 Y93.695
G1 F1800 X102.306 Y90.993 E0.09534
G0 F7200 X102.245 Y90.365
G1 F1800 X105.565 Y93.685 E0.11712
G0 F7200 X106.12 Y93.675
G1 F1800 X102.311 Y89.866 E0.13437
G0 F7200 X102.465 Y89.455
G1 F1800 X106.47 Y93.459 E0.14127
G0 F7200 X106.511 Y92.935
G1 F1800 X102.528 Y88.952 E0.14051
G0 F7200 X102.545 Y88.402
G1 F1800 X106.553 Y92.41 E0.14139
G0 F7200 X106.644 Y91.936
G1 F1800 X102.561 Y87.853 E0.14404
G0 F7200 X102.55 Y87.277
G1 F1800 X106.739 Y91.466 E0.14778
G0 F7200 X106.835 Y90.995
G1 F1800 X102.493 Y86.654 E0.15316
G0 F7200 X102.647 Y86.242
G1 F1800 X106.921 Y90.516 E0.15078
G0 F7200 X106.984 Y90.013
G1 F1800 X103.221 Y86.25 E0.13275
G0 F7200 X103.795 Y86.259
G1 F1800 X106.919 Y89.383 E0.11021
G0 F7200 X106.779 Y88.677
G1 F1800 X104.368 Y86.266 E0.08505
G0 F7200 X104.942 Y86.275
G1 F1800 X106.629 Y87.961 E0.0595
G0 F7200 X106.47 Y87.236
G1 F1800 X105.513 Y86.28 E0.03374
G0 F7200 X106.079 Y86.28
G1 F1800 X106.288 Y86.489 E0.00737
G0 F7200 X107.049 Y86.308
G1 F4200 E-3.5
;MESH:NONMESH
G0 F600 X107.049 Y86.308 Z20.15
G0 F7200 X101.259 Y85.445
G0 X100.252 Y85.819
G0 X95.661 Y84.067
G0 X94.762 Y83.978
G0 X88.096 Y83.772
G0 X85.536 Y83.875
G0 X79.841 Y84.296
G0 X79.436 Y85.386
G0 X71.514 Y85.993
G0 X71.515 Y85.858
;TIME_ELAPSED:1629.872865
;LAYER:133
;TYPE:FILL
;MESH:pi 3mm_deformed_tet.stl
G1 F4200 E3.5
G1 F3600 X67.408 Y89.964 E0.14487
G1 X67.407 Y90.034
G1 X71.485 Y94.112 E0.14386
G1 X71.555 Y94.182
G0 F7200 X71.553 Y93.974
G0 X72.624 Y94.087
G0 X76.664 Y94.173
G0 X76.382 Y92.534
G0 X76.484 Y92.539
;TYPE:WALL-INNER
G1 F3600 X76.593 Y90.468 E0.05173
G1 X76.632 Y89.983 E0.01214
G1 X76.704 Y87.53 E0.06122
G1 X76.731 Y87.194 E0.00841
G1 X76.711 Y85.657 E0.03834
G1 X75.523 Y85.696 E0.02965
G1 X72.479 Y85.709 E0.07593
G1 X69.651 Y85.677 E0.07055
G1 X67.211 Y85.673 E0.06087
G1 X67.205 Y87.563 E0.04715
G1 X67.248 Y89.993 E0.06063
G1 X67.228 Y92.438 E0.06099
G1 X67.24 Y94.289 E0.04617
G1 X67.885 Y94.296 E0.01609
G1 X70.796 Y94.284 E0.07262
G1 X72.619 Y94.255 E0.04548
G1 X76.884 Y94.355 E0.10642
G1 X76.484 Y92.539 E0.04639
G0 F7200 X76.886 Y92.511
;TYPE:WALL-OUTER
G1 F1800 X76.992 Y90.5 E0.05023
G1 X77.032 Y90.005 E0.01239
G1 X77.104 Y87.531 E0.06174
G1 X77.131 Y87.208 E0.00809
G1 X77.106 Y85.243 E0.04902
G1 X75.521 Y85.296 E0.03956
G1 X72.477 Y85.309 E0.07593
G1 X69.653 Y85.277 E0.07045
G1 X67.835 Y85.269 E0.04535
G1 X66.812 Y85.275 E0.02552
G1 X66.805 Y87.57 E0.05725
G1 X66.848 Y89.99 E0.06038
G1 X66.828 Y92.44 E0.06112
G1 X66.843 Y94.685 E0.056
G1 X67.887 Y94.696 E0.02604
G1 X70.802 Y94.684 E0.07272
G1 X72.619 Y94.655 E0.04533
G1 X75.606 Y94.72 E0.07453
G1 X77.385 Y94.769 E0.04439
G1 X76.886 Y92.511 E0.05769
G0 F7200 X76.896 Y92.312
G0 X76.098 Y92.567
;TYPE:SKIN
G1 F1800 X76.409 Y93.962 E0.03565
G1 X72.782 Y93.879 E0.0905
G1 X72.379 Y92.542 E0.03483
G1 X72.42 Y92.053 E0.01224
G1 X72.496 Y90.004 E0.05115
G1 X72.496 Y87.23 E0.0692
G1 X72.742 Y86.088 E0.02914
G1 X75.521 Y86.076 E0.06932
G1 X76.334 Y86.047 E0.02029
G1 X76.348 Y87.173 E0.02809
G1 X76.324 Y87.468 E0.00738
G1 X76.252 Y89.956 E0.06209
G1 X76.212 Y90.435 E0.01199
G1 X76.098 Y92.567 E0.05326
G0 F7200 X76.381 Y92.546
G0 X76.589 Y93.483
G0 X76.121 Y93.585
G1 F1800 X75.954 Y93.752 E0.00589
G0 F7200 X75.401 Y93.739
G1 F1800 X76.018 Y93.122 E0.02177
G0 F7200 X75.914 Y92.66
G1 F1800 X74.848 Y93.726 E0.03761
G0 F7200 X74.295 Y93.714
G1 F1800 X75.923 Y92.085 E0.05745
G0 F7200 X75.956 Y91.487
G1 F1800 X73.742 Y93.701 E0.0781
G0 F7200 X73.189 Y93.688
G1 F1800 X75.988 Y90.889 E0.09874
G0 F7200 X76.024 Y90.288
G1 F1800 X72.862 Y93.449 E0.11153
G0 F7200 X72.732 Y93.014
G1 F1800 X76.059 Y89.687 E0.11737
G0 F7200 X76.076 Y89.104
G1 F1800 X72.6 Y92.58 E0.12263
G0 F7200 X72.623 Y91.992
G1 F1800 X76.093 Y88.521 E0.12243
G0 F7200 X76.11 Y87.939
G1 F1800 X72.644 Y91.405 E0.12227
G0 F7200 X72.666 Y90.817
G1 F1800 X76.133 Y87.35 E0.12231
G0 F7200 X76.143 Y86.774
G1 F1800 X72.688 Y90.23 E0.1219
G0 F7200 X72.696 Y89.655
G1 F1800 X76.096 Y86.256 E0.11993
G0 F7200 X75.511 Y86.276
G1 F1800 X72.696 Y89.09 E0.09929
G0 F7200 X72.696 Y88.524
G1 F1800 X74.943 Y86.278 E0.07925
G0 F7200 X74.374 Y86.28
G1 F1800 X72.696 Y87.958 E0.0592
G0 F7200 X72.696 Y87.393
G1 F1800 X73.806 Y86.283 E0.03916
G0 F7200 X73.239 Y86.285
G1 F1800 X72.813 Y86.71 E0.01501
G0 F7200 X72.053 Y86.547
G1 F4200 E-3.5
G1 F600 Z20.65
G0 F7200 X72.053 Y86.547 Z20.65
G0 X89.107 Y89.107
;TYPE:FILL
G1 F600 Z20.15
G1 F4200 E3.5
G1 F3600 X90.92 Y90.92 E0.06396
G1 X90.99 Y90.99
G0 F7200 X90.988 Y90.779
G0 X89.161 Y90.724
G0 X89.138 Y90.862
G1 F3600 X90.952 Y89.047 E0.06401
G1 X91.022 Y88.977
G1 F4200 E-3.5
G1 F600 Z20.65
G0 F7200 X91.003 Y89.495 Z20.65
G0 X94.486 Y93.892
;TYPE:WALL-INNER
G1 F600 Z20.15
G1 F4200 E3.5
G1 F3600 X95.784 Y93.467 E0.03407
G1 X96.186 Y92.4 E0.02844
G1 X96.986 Y89.97 E0.06382
G1 X96.07 Y87.639 E0.06248
G1 X94.354 Y85.903 E0.06089
G1 X93.96 Y85.537 E0.01341
G1 X92.123 Y85.11 E0.04705
G1 X91.326 Y85.079 E0.0199
G1 X88.095 Y85.017 E0.08061
G1 X85.234 Y85.132 E0.07143
G1 X83.25 Y85.851 E0.05264
G1 X82.656 Y86.445 E0.02095
G1 X81.621 Y87.647 E0.03957
G1 X81.491 Y88.67 E0.02572
G1 X81.564 Y89.982 E0.03278
G1 X81.586 Y91.091 E0.02767
G1 X82.202 Y92.386 E0.03577
G1 X82.417 Y92.646 E0.00842
G1 X83.36 Y93.21 E0.02741
G1 X85.165 Y94.593 E0.05672
G1 X86.337 Y94.918 E0.03034
G1 X88.073 Y94.983 E0.04334
G1 X91.749 Y94.905 E0.09172
G1 X93.892 Y94.413 E0.05485
G1 X94.486 Y93.892 E0.01971
G0 F7200 X94.681 Y94.249
;TYPE:WALL-OUTER
G1 F1800 X96.09 Y93.787 E0.03699
G1 X96.563 Y92.533 E0.03343
G1 X97.411 Y89.958 E0.06763
G1 X96.412 Y87.416 E0.06813
G1 X94.632 Y85.616 E0.06315
G1 X94.154 Y85.171 E0.01629
G1 X92.177 Y84.712 E0.05063
G1 X91.386 Y84.68 E0.01975
G1 X88.091 Y84.617 E0.08221
G1 X85.156 Y84.735 E0.07327
G1 X83.03 Y85.505 E0.0564
G1 X82.363 Y86.173 E0.02355
G1 X81.239 Y87.477 E0.04294
G1 X81.089 Y88.656 E0.02965
G1 X81.164 Y90.012 E0.03388
G1 X81.188 Y91.185 E0.02927
G1 X81.862 Y92.603 E0.03916
G1 X82.153 Y92.954 E0.01137
G1 X83.158 Y93.557 E0.02924
G1 X84.983 Y94.957 E0.05738
G1 X86.275 Y95.316 E0.03345
G1 X88.07 Y95.383 E0.04481
G1 X91.799 Y95.304 E0.09304
G1 X94.081 Y94.78 E0.05841
G1 X94.681 Y94.249 E0.01999
G0 F7200 X94.871 Y94.187
G1 F4200 E-3.5
G1 F600 Z20.65
G0 F7200 X87.188 Y90.061 Z20.65
;TYPE:SKIN
G1 F600 Z20.15
G1 F4200 E3.5
G1 F1800 X87.418 Y90.332 E0.00887
G1 X88.177 Y90.843 E0.02282
G1 X89.587 Y91.078 E0.03566
G1 X91.23 Y91.054 E0.04099
G1 X91.349 Y90.99 E0.00337
G1 X91.994 Y90.046 E0.02852
G1 X91.979 Y89.914 E0.00331
G1 X91.349 Y88.978 E0.02814
G1 X91.243 Y88.916 E0.00306
G1 X89.557 Y88.882 E0.04207
G1 X88.177 Y89.134 E0.03499
G1 X87.38 Y89.64 E0.02355
G1 X87.201 Y89.875 E0.00737
G1 X87.188 Y90.061 E0.00465
G1 F4200 E-3.5
G1 F600 Z20.65
G0 F7200 X87.802 Y90.062 Z20.65
G0 X94.276 Y93.559
G1 F600 Z20.15
G1 F4200 E3.5
G1 F1800 X93.709 Y94.064 E0.01894
G1 X91.699 Y94.524 E0.05144
G1 X88.13 Y94.599 E0.08905
G1 X86.391 Y94.536 E0.04341
G1 X85.339 Y94.245 E0.02723
G1 X83.556 Y92.884 E0.05595
G1 X82.669 Y92.349 E0.02584
G1 X82.522 Y92.175 E0.00568
G1 X81.964 Y91.001 E0.03243
G1 X81.944 Y89.992 E0.02517
G1 X81.869 Y88.692 E0.03248
G1 X81.983 Y87.806 E0.02228
G1 X82.931 Y86.705 E0.03624
G1 X83.462 Y86.178 E0.01866
G1 X85.304 Y85.511 E0.04887
G1 X88.045 Y85.398 E0.06843
G1 X91.271 Y85.456 E0.08049
G1 X92.068 Y85.488 E0.0199
G1 X93.802 Y85.89 E0.0444
G1 X95.744 Y87.852 E0.06886
G1 X96.579 Y89.979 E0.057
G1 X95.827 Y92.269 E0.06013
G1 X95.49 Y93.159 E0.02374
G1 X94.276 Y93.559 E0.03188
G0 F7200 X94.548 Y93.26
G1 F1800 X95.654 Y92.154 E0.03902
G1 X95.724 Y92.084
G0 F7200 X95.93 Y91.312
G1 F1800 X93.286 Y93.955 E0.09326
G0 F7200 X92.552 Y94.124
G1 F1800 X96.206 Y90.47 E0.1289
G0 F7200 X96.298 Y89.812
G1 F1800 X91.819 Y94.292 E0.15803
G0 F7200 X91.21 Y94.335
G1 F1800 X96.139 Y89.406 E0.17388
G0 F7200 X95.979 Y89
G1 F1800 X90.632 Y94.347 E0.18863
G0 F7200 X90.055 Y94.358
G1 F1800 X95.82 Y88.593 E0.20338
G0 F7200 X95.66 Y88.188
G1 F1800 X89.477 Y94.37 E0.2181
G0 F7200 X88.9 Y94.382
G1 F1800 X95.446 Y87.836 E0.23093
G0 F7200 X95.165 Y87.551
G1 F1800 X88.322 Y94.395 E0.24142
G0 F7200 X87.763 Y94.387
G1 F1800 X90.892 Y91.259 E0.11037
G0 F7200 X90.319 Y91.266
G1 F1800 X87.218 Y94.367 E0.1094
G0 F7200 X86.673 Y94.346
G1 F1800 X89.747 Y91.273 E0.10843
G0 F7200 X89.233 Y91.221
G1 F1800 X86.182 Y94.271 E0.10761
G0 F7200 X85.74 Y94.148
G1 F1800 X88.748 Y91.14 E0.10612
G0 F7200 X88.262 Y91.06
G1 F1800 X85.333 Y93.989 E0.10333
G0 F7200 X85.012 Y93.745
G1 F1800 X87.876 Y90.881 E0.10104
G0 F7200 X87.538 Y90.653
G1 F1800 X84.691 Y93.5 E0.10044
G0 F7200 X84.37 Y93.255
G1 F1800 X87.223 Y90.402 E0.10065
G0 F7200 X86.991 Y90.068
G1 F1800 X84.049 Y93.011 E0.1038
G0 F7200 X83.728 Y92.766
G1 F1800 X90.846 Y85.648 E0.25111
G0 F7200 X91.399 Y85.66
G1 F1800 X88.118 Y88.942 E0.11576
G0 F7200 X88.81 Y88.815
G1 F1800 X91.942 Y85.683 E0.11049
G0 F7200 X92.417 Y85.774
G1 F1800 X89.503 Y88.688 E0.1028
G0 F7200 X90.063 Y88.693
G1 F1800 X92.876 Y85.88 E0.09924
G0 F7200 X93.336 Y85.986
G1 F1800 X90.62 Y88.702 E0.09581
G0 F7200 X91.176 Y88.711
G1 F1800 X93.758 Y86.13 E0.09107
G0 F7200 X94.04 Y86.414
G1 F1800 X91.543 Y88.911 E0.08809
G0 F7200 X91.773 Y89.247
G1 F1800 X94.321 Y86.698 E0.08991
G0 F7200 X94.602 Y86.983
G1 F1800 X92.002 Y89.583 E0.09172
G0 F7200 X92.18 Y89.971
G1 F1800 X94.884 Y87.267 E0.09539
G1 X94.954 Y87.197
G0 F7200 X95.227 Y86.929
G0 X93.916 Y85.693
G0 X92.282 Y85.312
G0 X90.299 Y85.161
G0 X90.29 Y85.638
G1 F1800 X83.382 Y92.546 E0.2437
G0 F7200 X83.029 Y92.333
G1 F1800 X89.735 Y85.628 E0.23655
G0 F7200 X89.18 Y85.616
G1 F1800 X82.71 Y92.087 E0.22826
G0 F7200 X82.522 Y91.709
G1 F1800 X88.625 Y85.606 E0.2153
G0 F7200 X88.067 Y85.599
G1 F1800 X82.34 Y91.325 E0.20202
G0 F7200 X82.163 Y90.937
G1 F1800 X87.477 Y85.623 E0.18747
G0 F7200 X86.886 Y85.648
G1 F1800 X82.152 Y90.382 E0.167
G0 F7200 X82.135 Y89.833
G1 F1800 X86.296 Y85.672 E0.14679
G0 F7200 X85.708 Y85.695
G1 F1800 X82.105 Y89.298 E0.12711
G0 F7200 X82.075 Y88.762
G1 F1800 X85.004 Y85.833 E0.10333
G1 X85.074 Y85.763
G0 F7200 X85.371 Y85.227
G0 X83.954 Y85.702
G0 X84.117 Y86.154
G1 F1800 X82.144 Y88.127 E0.0696
G1 X82.074 Y88.197
G1 F4200 E-3.5
G0 F7200 X81.659 Y88.144
G0 X82.774 Y86.554
G0 X85.266 Y85.292
G0 X88.097 Y85.178
G0 X92.101 Y85.27
G0 X93.916 Y85.693
G0 X96.228 Y87.537
G0 X97.236 Y87.142
G0 X101.69 Y86.354
G0 X102.75 Y86.124
G0 X106.708 Y85.874
G0 X108.477 Y85.992
G0 X108.476 Y85.848
;TYPE:FILL
G1 F4200 E3.5
G1 F3600 X112.508 Y89.88 E0.14224
G0 F7200 X112.507 Y90.12
G1 F3600 X108.537 Y94.09 E0.14005
G1 X108.467 Y94.16
G0 F7200 X108.47 Y93.95
G0 X107.576 Y92.455
G0 X103.215 Y91.918
;TYPE:WALL-INNER
G1 F3600 X103.09 Y92.88 E0.0242
G1 X103.126 Y94.301 E0.03546
G1 X107.412 Y94.228 E0.10693
G1 X109.091 Y94.26 E0.04189
G1 X112.709 Y94.273 E0.09025
G1 X112.668 Y90.253 E0.10028
G1 X112.664 Y85.666 E0.11442
G1 X109.008 Y85.68 E0.0912
G1 X107.258 Y85.708 E0.04366
G1 X105.103 Y85.704 E0.05376
G1 X102.834 Y85.671 E0.05661
G1 X103.219 Y87.455 E0.04553
G1 X103.308 Y88.133 E0.01706
G1 X103.377 Y89.961 E0.04563
G1 X103.215 Y91.918 E0.04898
G0 F7200 X102.819 Y91.866
;TYPE:WALL-OUTER
G1 F1800 X102.689 Y92.859 E0.02498
G1 X102.736 Y94.708 E0.04614
G1 X107.404 Y94.628 E0.11646
G1 X109.089 Y94.66 E0.04204
G1 X113.113 Y94.675 E0.10038
G1 X113.068 Y90.253 E0.11031
G1 X113.064 Y85.268 E0.12435
G1 X112.161 Y85.264 E0.02253
G1 X109.002 Y85.28 E0.0788
G1 X107.259 Y85.308 E0.04348
G1 X105.109 Y85.304 E0.05363
G1 X102.337 Y85.264 E0.06916
G1 X102.823 Y87.509 E0.0573
G1 X102.907 Y88.129 E0.01561
G1 X102.977 Y89.961 E0.04573
G1 X102.819 Y91.866 E0.04768
G0 F7200 X102.794 Y92.064
G0 X107.574 Y92.476
G0 X107.344 Y92.432
;TYPE:SKIN
G1 F1800 X107.231 Y93.851 E0.03551
G1 X103.495 Y93.912 E0.09321
G1 X103.469 Y92.907 E0.02508
G1 X103.591 Y91.97 E0.02357
G1 X103.757 Y89.954 E0.05046
G1 X103.688 Y88.101 E0.04626
G1 X103.595 Y87.405 E0.01752
G1 X103.305 Y86.056 E0.03442
G1 X105.092 Y86.084 E0.04458
G1 X106.951 Y86.088 E0.04637
G1 X107.277 Y87.267 E0.03051
G1 X107.831 Y89.965 E0.06871
G1 X107.344 Y92.432 E0.06273
G0 F7200 X107.625 Y92.464
G0 X107.454 Y93.982
G0 X106.591 Y93.661
G1 F1800 X107.086 Y93.167 E0.01744
G0 F7200 X107.137 Y92.55
G1 F1800 X106.016 Y93.671 E0.03955
G0 F7200 X105.441 Y93.68
G1 F1800 X107.25 Y91.872 E0.0638
G0 F7200 X107.389 Y91.167
G1 F1800 X104.865 Y93.69 E0.08902
G0 F7200 X104.29 Y93.699
G1 F1800 X107.528 Y90.462 E0.11421
G0 F7200 X107.598 Y89.827
G1 F1800 X103.715 Y93.709 E0.13697
G0 F7200 X103.677 Y93.182
G1 F1800 X107.501 Y89.357 E0.13492
G0 F7200 X107.405 Y88.888
G1 F1800 X103.713 Y92.579 E0.13023
G0 F7200 X103.795 Y91.932
G1 F1800 X107.309 Y88.418 E0.12397
G0 F7200 X107.214 Y87.948
G1 F1800 X103.846 Y91.316 E0.11882
G0 F7200 X103.896 Y90.7
G1 F1800 X107.117 Y87.478 E0.11365
G0 F7200 X107.003 Y87.027
G1 F1800 X103.947 Y90.083 E0.10781
G0 F7200 X103.941 Y89.523
G1 F1800 X106.881 Y86.584 E0.1037
G0 F7200 X106.611 Y86.288
G1 F1800 X103.921 Y88.978 E0.0949
G0 F7200 X103.9 Y88.433
G1 F1800 X106.047 Y86.286 E0.07574
G0 F7200 X105.483 Y86.285
G1 F1800 X103.863 Y87.904 E0.05713
G0 F7200 X103.797 Y87.405
G1 F1800 X104.921 Y86.281 E0.03965
G0 F7200 X104.364 Y86.272
G1 F1800 X103.699 Y86.937 E0.02346
G0 F7200 X103.599 Y86.471
G1 F1800 X103.807 Y86.263 E0.00734
G1 F4200 E-3.5
;MESH:NONMESH
G0 F600 X103.807 Y86.263 Z20.3
G0 F7200 X103.814 Y85.786
G0 X102.602 Y85.48
G0 X101.55 Y85.708
G0 X92.296 Y83.853
G0 X88.08 Y83.754
G0 X84.992 Y83.876
G0 X77.977 Y85.817
G0 X76.913 Y85.831
G0 X74.728 Y85.898
G0 X72.44 Y85.909
G0 X71.506 Y85.997
G0 X71.508 Y85.864
;TIME_ELAPSED:1662.285450
;LAYER:134
;TYPE:FILL
;MESH:pi 3mm_deformed_tet.stl
G1 F4200 E3.5
G1 F3600 X67.448 Y89.924 E0.14323
G1 X67.447 Y90.075
G1 X71.482 Y94.11 E0.14235
G1 X71.552 Y94.18
G0 F7200 X71.55 Y93.971
G0 X75.84 Y94.157
G0 X75.559 Y92.514
G0 X75.659 Y92.519
;TYPE:WALL-INNER
G1 F3600 X75.729 Y91.288 E0.03076
G1 X75.824 Y89.981 E0.03269
G1 X75.896 Y87.542 E0.06087
G1 X75.988 Y86.457 E0.02716
G1 X75.979 Y85.682 E0.01933
G1 X75.411 Y85.7 E0.01418
G1 X72.497 Y85.712 E0.07269
G1 X69.686 Y85.685 E0.07012
G1 X67.252 Y85.674 E0.06072
G1 X67.244 Y87.563 E0.04712
G1 X67.289 Y89.991 E0.06058
G1 X67.268 Y92.437 E0.06102
G1 X67.281 Y94.286 E0.04612
G1 X71.06 Y94.276 E0.09427
G1 X72.663 Y94.256 E0.03999
G1 X76.056 Y94.338 E0.08466
G1 X75.659 Y92.519 E0.04644
G0 F7200 X76.062 Y92.489
;TYPE:WALL-OUTER
G1 F1800 X76.128 Y91.317 E0.02928
G1 X76.224 Y90.001 E0.03291
G1 X76.296 Y87.543 E0.06134
G1 X76.388 Y86.472 E0.02681
G1 X76.374 Y85.27 E0.02999
G1 X75.409 Y85.3 E0.02408
G1 X72.501 Y85.312 E0.07254
G1 X67.489 Y85.273 E0.12503
G1 X66.852 Y85.276 E0.01589
G1 X66.844 Y87.57 E0.05722
G1 X66.889 Y89.989 E0.06035
G1 X66.868 Y92.439 E0.06112
G1 X66.883 Y94.684 E0.056
G1 X71.065 Y94.676 E0.10432
G1 X72.653 Y94.656 E0.03962
G1 X76.609 Y94.75 E0.09871
G1 X76.38 Y93.947 E0.02083
G1 X76.062 Y92.489 E0.03722
G0 F7200 X76.073 Y92.29
G0 X75.278 Y92.55
;TYPE:SKIN
G1 F1800 X75.586 Y93.946 E0.03566
G1 X72.238 Y93.866 E0.08354
G1 X71.861 Y92.441 E0.03677
G1 X71.956 Y90 E0.06094
G1 X71.925 Y87.563 E0.0608
G1 X72.084 Y86.753 E0.02059
G1 X72.226 Y86.088 E0.01696
G1 X75.602 Y86.077 E0.08422
G1 X75.608 Y86.436 E0.00896
G1 X75.516 Y87.478 E0.02609
G1 X75.444 Y89.957 E0.06186
G1 X75.348 Y91.257 E0.03252
G1 X75.278 Y92.55 E0.0323
G0 F7200 X75.558 Y92.53
G0 X75.84 Y94.157
G0 X72.735 Y94.156
G0 X72.747 Y93.678
G1 F1800 X72.268 Y93.199 E0.0169
G0 F7200 X72.064 Y92.429
G1 F1800 X73.327 Y93.692 E0.04456
G0 F7200 X73.906 Y93.705
G1 F1800 X72.082 Y91.881 E0.06435
G0 F7200 X72.104 Y91.337
G1 F1800 X74.486 Y93.719 E0.08403
G0 F7200 X75.066 Y93.733
G1 F1800 X72.125 Y90.793 E0.10373
G0 F7200 X72.146 Y90.248
G1 F1800 X75.251 Y93.353 E0.10954
G0 F7200 X75.091 Y92.627
G1 F1800 X72.152 Y89.688 E0.10368
G0 F7200 X72.144 Y89.115
G1 F1800 X75.104 Y92.074 E0.1044
G0 F7200 X75.133 Y91.538
G1 F1800 X72.137 Y88.542 E0.10569
G0 F7200 X72.13 Y87.969
G1 F1800 X75.166 Y91.005 E0.1071
G0 F7200 X75.205 Y90.479
G1 F1800 X72.155 Y87.429 E0.1076
G0 F7200 X72.251 Y86.959
G1 F1800 X75.244 Y89.952 E0.10559
G0 F7200 X75.26 Y89.402
G1 F1800 X72.346 Y86.488 E0.1028
G0 F7200 X72.71 Y86.286
G1 F1800 X75.276 Y88.853 E0.09054
G0 F7200 X75.293 Y88.303
G1 F1800 X73.273 Y86.284 E0.07124
G0 F7200 X73.838 Y86.283
G1 F1800 X75.308 Y87.753 E0.05186
G0 F7200 X75.339 Y87.218
G1 F1800 X74.401 Y86.28 E0.03309
G0 F7200 X74.965 Y86.279
G1 F1800 X75.385 Y86.698 E0.0148
G1 F4200 E-3.5
G0 F7200 X75.862 Y86.738
G0 X76.008 Y89.992
G0 X77.091 Y90.023
G0 X81.478 Y90.802
G0 X87.357 Y94.279
;TYPE:WALL-INNER
G1 F4200 E3.5
G1 F3600 X88.167 Y94.633 E0.02205
G1 X90.694 Y94.426 E0.06325
G1 X91.376 Y94.416 E0.01701
G1 X93.339 Y93.965 E0.05024
G1 X94.457 Y92.971 E0.03732
G1 X94.67 Y92.848 E0.00614
G1 X95.007 Y92.74 E0.00883
G1 X95.941 Y89.966 E0.07301
G1 X95.405 Y88.463 E0.03981
G1 X95.062 Y87.586 E0.02349
G1 X94.462 Y86.979 E0.02129
G1 X93.4 Y85.989 E0.03622
G1 X91.375 Y85.52 E0.05185
G1 X90.767 Y85.51 E0.01517
G1 X88.174 Y85.249 E0.06501
G1 X87.68 Y85.446 E0.01327
G1 X85.085 Y86.103 E0.06677
G1 X83.958 Y86.511 E0.0299
G1 X82.754 Y87.712 E0.04242
G1 X82.688 Y88.57 E0.02147
G1 X82.526 Y89.81 E0.03119
G1 X82.538 Y90.084 E0.00684
G1 X82.694 Y90.448 E0.00988
G1 X83.03 Y91.94 E0.03815
G1 X83.413 Y92.349 E0.01398
G1 X85.117 Y93.656 E0.05357
G1 X87.357 Y94.279 E0.058
G0 F7200 X87.221 Y94.655
;TYPE:WALL-OUTER
G1 F1800 X88.099 Y95.04 E0.02391
G1 X90.727 Y94.824 E0.06578
G1 X91.424 Y94.816 E0.01739
G1 X93.529 Y94.332 E0.05388
G1 X94.755 Y93.242 E0.04092
G1 X95.306 Y93.063 E0.01445
G1 X95.479 Y92.592 E0.01252
G1 X96.364 Y89.962 E0.06922
G1 X95.78 Y88.323 E0.0434
G1 X95.404 Y87.364 E0.0257
G1 X94.74 Y86.692 E0.02357
G1 X93.594 Y85.623 E0.03909
G1 X91.423 Y85.12 E0.05559
G1 X90.807 Y85.112 E0.01537
G1 X88.114 Y84.841 E0.06752
G1 X87.582 Y85.058 E0.01433
G1 X84.967 Y85.72 E0.06729
G1 X83.738 Y86.165 E0.03261
G1 X82.366 Y87.534 E0.04835
G1 X82.291 Y88.518 E0.02462
G1 X82.125 Y89.793 E0.03207
G1 X82.142 Y90.182 E0.00971
G1 X82.304 Y90.536 E0.00971
G1 X82.664 Y92.134 E0.04086
G1 X83.143 Y92.647 E0.01751
G1 X84.935 Y94.021 E0.05633
G1 X87.221 Y94.655 E0.05918
G0 F7200 X87.404 Y94.735
G0 X88.037 Y94.467
G0 X90.682 Y94.325
G0 X90.663 Y94.044
;TYPE:SKIN
G1 F1800 X88.23 Y94.244 E0.0609
G1 X87.489 Y93.919 E0.02018
G1 X85.291 Y93.309 E0.0569
G1 X83.671 Y92.067 E0.05092
G1 X83.376 Y91.754 E0.01073
G1 X83.06 Y90.348 E0.03595
G1 X82.914 Y89.994 E0.00955
G1 X82.905 Y89.832 E0.00405
G1 X83.063 Y88.622 E0.03044
G1 X83.122 Y87.882 E0.01852
G1 X84.17 Y86.837 E0.03692
G1 X85.159 Y86.48 E0.02623
G1 X87.789 Y85.807 E0.06772
G1 X88.228 Y85.636 E0.01175
G1 X90.732 Y85.888 E0.06278
G1 X91.327 Y85.896 E0.01484
G1 X93.214 Y86.335 E0.04833
G1 X94.192 Y87.248 E0.03337
G1 X94.736 Y87.8 E0.01933
G1 X95.069 Y88.653 E0.02284
G1 X95.536 Y89.966 E0.03476
G1 X94.698 Y92.437 E0.06509
G1 X94.235 Y92.662 E0.01284
G1 X93.157 Y93.616 E0.03591
G1 X91.328 Y94.036 E0.04681
G1 X90.663 Y94.044 E0.01659
G0 F7200 X90.682 Y94.325
G0 X88.195 Y94.469
G0 X85.191 Y93.509
G0 X83.522 Y92.23
G0 X83.041 Y91.531
G0 X83.507 Y91.427
G1 F1800 X84.636 Y92.555 E0.03981
G1 X84.706 Y92.625
G0 F7200 X84.421 Y92.996
G0 X85.484 Y93.654
G0 X85.923 Y93.277
G1 F1800 X83.343 Y90.697 E0.09102
G1 X83.273 Y90.627
G0 F7200 X83.099 Y89.887
G1 F1800 X86.707 Y93.495 E0.12728
G1 X86.777 Y93.565
G0 F7200 X87.49 Y93.712
G1 F1800 X83.164 Y89.387 E0.15259
G0 F7200 X83.229 Y88.886
G1 F1800 X88.375 Y94.032 E0.18154
G0 F7200 X88.897 Y93.989
G1 F1800 X83.282 Y88.373 E0.1981
G0 F7200 X83.381 Y87.907
G1 F1800 X89.42 Y93.945 E0.21302
G0 F7200 X89.943 Y93.902
G1 F1800 X83.664 Y87.624 E0.22149
G0 F7200 X83.948 Y87.342
G1 F1800 X90.466 Y93.86 E0.22994
G0 F7200 X91.011 Y93.839
G1 F1800 X84.231 Y87.059 E0.23918
G0 F7200 X84.623 Y86.886
G1 F1800 X91.522 Y93.785 E0.24338
G0 F7200 X91.983 Y93.68
G1 F1800 X85.039 Y86.736 E0.24497
G0 F7200 X85.474 Y86.606
G1 F1800 X92.443 Y93.574 E0.24583
G0 F7200 X92.903 Y93.469
G1 F1800 X85.925 Y86.49 E0.24619
G0 F7200 X86.376 Y86.376
G1 F1800 X93.258 Y93.258 E0.24278
G0 F7200 X93.557 Y92.992
G1 F1800 X86.826 Y86.261 E0.23745
G0 F7200 X87.277 Y86.145
G1 F1800 X93.856 Y92.725 E0.23211
G0 F7200 X94.169 Y92.472
G1 F1800 X87.727 Y86.03 E0.22726
G0 F7200 X88.145 Y85.882
G1 F1800 X94.541 Y92.278 E0.22564
G0 F7200 X94.684 Y91.856
G1 F1800 X88.715 Y85.887 E0.21057
G0 F7200 X89.344 Y85.95
G1 F1800 X94.827 Y91.433 E0.19343
G0 F7200 X94.971 Y91.011
G1 F1800 X89.973 Y86.013 E0.17632
G0 F7200 X90.602 Y86.077
G1 F1800 X95.114 Y90.588 E0.15916
G0 F7200 X95.257 Y90.166
G1 F1800 X91.186 Y86.094 E0.14363
G0 F7200 X91.89 Y86.233
G1 F1800 X95.158 Y89.501 E0.11529
G1 X95.228 Y89.571
G0 F7200 X95.642 Y89.425
G0 X95.291 Y88.445
G0 X94.842 Y88.62
G1 F1800 X92.627 Y86.405 E0.07814
G1 X92.557 Y86.335
G1 F4200 E-3.5
G0 F7200 X93.449 Y86.172
G0 X94.598 Y86.859
G0 X95.368 Y86.096
G0 X102.357 Y85.812
G0 X103.386 Y85.499
G0 X106.862 Y85.804
G0 X108.485 Y85.999
G0 X108.484 Y85.857
;TYPE:FILL
G1 F4200 E3.5
G1 F3600 X112.464 Y89.837 E0.14041
G0 F7200 X112.465 Y90.162
G1 F3600 X108.539 Y94.088 E0.1385
G1 X108.469 Y94.158
G0 F7200 X108.472 Y93.948
G0 X104.062 Y94.107
G0 X104.219 Y90.974
;TYPE:WALL-INNER
G1 F3600 X104.015 Y92.472 E0.03771
G1 X103.877 Y93.582 E0.0279
G1 X103.894 Y94.282 E0.01747
G1 X107.383 Y94.228 E0.08704
G1 X108.83 Y94.252 E0.0361
G1 X112.669 Y94.269 E0.09577
G1 X112.624 Y90.084 E0.1044
G1 X112.624 Y85.673 E0.11003
G1 X110.16 Y85.676 E0.06146
G1 X107.222 Y85.712 E0.07329
G1 X104.874 Y85.708 E0.05857
G1 X103.641 Y85.689 E0.03076
G1 X103.771 Y86.113 E0.01106
G1 X104.055 Y87.425 E0.03349
G1 X104.262 Y88.988 E0.03933
G1 X104.3 Y89.976 E0.02466
G1 X104.219 Y90.974 E0.02498
G0 F7200 X103.819 Y90.952
;TYPE:WALL-OUTER
G1 F1800 X103.619 Y92.41 E0.03671
G1 X103.477 Y93.562 E0.02895
G1 X103.504 Y94.688 E0.0281
G1 X107.376 Y94.628 E0.0966
G1 X108.828 Y94.652 E0.03623
G1 X113.073 Y94.671 E0.10589
G1 X113.024 Y90.084 E0.11443
G1 X113.024 Y85.273 E0.12001
G1 X110.155 Y85.276 E0.07157
G1 X107.223 Y85.312 E0.07314
G1 X104.88 Y85.308 E0.05845
G1 X103.099 Y85.281 E0.04443
G1 X103.392 Y86.245 E0.02513
G1 X103.667 Y87.525 E0.03266
G1 X103.864 Y89.022 E0.03766
G1 X103.9 Y89.977 E0.02384
G1 X103.819 Y90.952 E0.02441
G0 F7200 X103.792 Y91.15
G0 X104.089 Y91.191
G0 X104.062 Y94.107
G0 X108.011 Y94.067
G0 X108.164 Y92.39
G0 X107.886 Y92.355
;TYPE:SKIN
G1 F1800 X107.81 Y93.842 E0.03714
G1 X104.263 Y93.893 E0.08849
G1 X104.256 Y93.606 E0.00716
G1 X104.595 Y91.019 E0.06508
G1 X104.68 Y89.989 E0.02578
G1 X104.639 Y88.937 E0.02626
G1 X104.439 Y87.417 E0.03824
G1 X104.152 Y86.077 E0.03418
G1 X104.864 Y86.088 E0.01776
G1 X107.525 Y86.084 E0.06638
G1 X107.873 Y87.504 E0.03647
G1 X107.889 Y87.715 E0.00528
G1 X108.281 Y89.965 E0.05697
G1 X107.886 Y92.355 E0.06043
G0 F7200 X108.164 Y92.39
G0 X108.011 Y94.067
G0 X104.062 Y94.107
G0 X104.034 Y93.136
G0 X104.508 Y93.195
G1 F1800 X104.997 Y93.683 E0.01723
G0 F7200 X105.555 Y93.676
G1 F1800 X104.572 Y92.693 E0.03468
G0 F7200 X104.638 Y92.193
G1 F1800 X106.114 Y93.669 E0.05207
G0 F7200 X106.673 Y93.662
G1 F1800 X104.706 Y91.695 E0.06939
G0 F7200 X104.773 Y91.196
G1 F1800 X107.231 Y93.654 E0.08671
G0 F7200 X107.629 Y93.487
G1 F1800 X104.822 Y90.68 E0.09902
G0 F7200 X104.865 Y90.157
G1 F1800 X107.656 Y92.948 E0.09846
G0 F7200 X107.685 Y92.411
G1 F1800 X104.865 Y89.592 E0.09947
G0 F7200 X104.842 Y89.003
G1 F1800 X107.756 Y91.917 E0.1028
G0 F7200 X107.837 Y91.432
G1 F1800 X104.763 Y88.358 E0.10844
G0 F7200 X104.678 Y87.707
G1 F1800 X107.917 Y90.946 E0.11426
G0 F7200 X107.997 Y90.461
G1 F1800 X104.558 Y87.022 E0.12132
G0 F7200 X104.405 Y86.303
G1 F1800 X108.077 Y89.975 E0.12954
G0 F7200 X107.962 Y89.294
G1 F1800 X104.956 Y86.288 E0.10604
G0 F7200 X105.521 Y86.288
G1 F1800 X107.843 Y88.61 E0.08191
G0 F7200 X107.723 Y87.924
G1 F1800 X106.086 Y86.287 E0.05775
G0 F7200 X106.65 Y86.285
G1 F1800 X107.6 Y87.235 E0.03351
G0 F7200 X107.41 Y86.48
G1 F1800 X107.215 Y86.285 E0.00688
G0 F7200 X108.107 Y86.304
G1 F4200 E-3.5
;MESH:NONMESH
G0 F600 X108.107 Y86.304 Z20.45
G0 F7200 X103.386 Y85.499
G0 X102.357 Y85.812
G0 X91.531 Y84.258
G0 X87.984 Y83.959
G0 X77.247 Y85.868
G0 X76.182 Y85.882
G0 X72.056 Y85.878
G0 X71.505 Y85.867
;TIME_ELAPSED:1690.317129
;LAYER:135
;TYPE:FILL
;MESH:pi 3mm_deformed_tet.stl
G1 F4200 E3.5
G1 F3600 X67.487 Y89.885 E0.14175
G0 F7200 X67.486 Y90.114
G1 F3600 X71.484 Y94.111 E0.14102
G1 X71.554 Y94.181
G0 F7200 X71.552 Y93.968
G0 X74.858 Y92.687
;TYPE:WALL-INNER
G1 F3600 X74.837 Y92.48 E0.00519
G1 X75.02 Y89.977 E0.0626
G1 X75.094 Y87.52 E0.06132
G1 X75.247 Y85.703 E0.04549
G1 X72.535 Y85.717 E0.06765
G1 X69.715 Y85.689 E0.07035
G1 X67.291 Y85.682 E0.06047
G1 X67.284 Y87.567 E0.04702
G1 X67.328 Y89.97 E0.05995
G1 X67.304 Y92.44 E0.06162
G1 X67.32 Y94.279 E0.04588
G1 X71.335 Y94.272 E0.10015
G1 X72.69 Y94.252 E0.0338
G1 X75.317 Y94.313 E0.06555
G1 X74.858 Y92.687 E0.04215
G0 F7200 X75.233 Y92.545
;TYPE:WALL-OUTER
G1 F1800 X75.42 Y89.997 E0.06373
G1 X75.492 Y87.554 E0.06097
G1 X75.648 Y85.736 E0.04552
G1 X75.642 Y85.302 E0.01083
G1 X72.533 Y85.317 E0.07756
G1 X69.716 Y85.289 E0.07027
G1 X66.892 Y85.281 E0.07045
G1 X66.884 Y87.574 E0.0572
G1 X66.928 Y89.966 E0.05968
G1 X66.904 Y92.443 E0.06179
G1 X66.923 Y94.679 E0.05578
G1 X71.341 Y94.672 E0.11021
G1 X72.681 Y94.652 E0.03343
G1 X75.849 Y94.725 E0.07905
G1 X75.233 Y92.545 E0.05651
G0 F7200 X75.247 Y92.346
G0 X74.484 Y92.761
;TYPE:SKIN
G1 F1800 X74.809 Y93.921 E0.03005
G1 X72.697 Y93.872 E0.0527
G1 X71.786 Y93.882 E0.02273
G1 X71.409 Y92.459 E0.03672
G1 X71.417 Y91.767 E0.01726
G1 X71.485 Y89.985 E0.04448
G1 X71.449 Y87.56 E0.0605
G1 X71.541 Y87.009 E0.01394
G1 X71.728 Y86.087 E0.02347
G1 X72.533 Y86.096 E0.02008
G1 X74.833 Y86.082 E0.05737
G1 X74.712 Y87.486 E0.03515
G1 X74.64 Y89.953 E0.06157
G1 X74.456 Y92.485 E0.06333
G1 X74.484 Y92.761 E0.00692
G0 F7200 X74.488 Y93.521
G1 F1800 X74.3 Y93.709 E0.00663
G0 F7200 X73.747 Y93.696
G1 F1800 X74.366 Y93.077 E0.02184
G0 F7200 X74.27 Y92.608
G1 F1800 X73.194 Y93.683 E0.03794
G0 F7200 X72.639 Y93.673
G1 F1800 X74.287 Y92.025 E0.05814
G0 F7200 X74.331 Y91.415
G1 F1800 X72.067 Y93.679 E0.07987
G0 F7200 X71.848 Y93.332
G1 F1800 X74.376 Y90.804 E0.08918
G0 F7200 X74.421 Y90.194
G1 F1800 X71.73 Y92.885 E0.09493
G0 F7200 X71.611 Y92.438
G1 F1800 X74.45 Y89.599 E0.10015
G0 F7200 X74.467 Y89.016
G1 F1800 X71.616 Y91.867 E0.10058
G0 F7200 X71.635 Y91.283
G1 F1800 X74.485 Y88.433 E0.10054
G0 F7200 X74.502 Y87.85
G1 F1800 X71.657 Y90.695 E0.10037
G0 F7200 X71.679 Y90.107
G1 F1800 X74.531 Y87.255 E0.10061
G0 F7200 X74.584 Y86.636
G1 F1800 X71.679 Y89.542 E0.1025
G0 F7200 X71.67 Y88.984
G1 F1800 X74.37 Y86.285 E0.09523
G0 F7200 X73.801 Y86.288
G1 F1800 X71.662 Y88.427 E0.07546
G0 F7200 X71.654 Y87.869
G1 F1800 X73.232 Y86.291 E0.05567
G0 F7200 X72.663 Y86.295
G1 F1800 X71.703 Y87.254 E0.03385
G0 F7200 X71.838 Y86.554
G1 F1800 X72.101 Y86.291 E0.00928
G0 F7200 X71.134 Y86.304
G1 F4200 E-3.5
G0 F7200 X75.06 Y85.877
G0 X75.203 Y89.99
G0 X76.284 Y90.068
G0 X82.433 Y91.652
G0 X89.939 Y93.845
;TYPE:WALL-INNER
G1 F4200 E3.5
G1 F3600 X91.448 Y93.824 E0.03765
G1 X92.788 Y93.517 E0.03429
G1 X94.051 Y92.396 E0.04213
G1 X94.369 Y91.518 E0.02329
G1 X94.889 Y89.977 E0.04057
G1 X94.393 Y88.566 E0.03731
G1 X94.014 Y87.538 E0.02733
G1 X92.839 Y86.44 E0.04012
G1 X91.45 Y86.115 E0.03558
G1 X90.049 Y86.096 E0.03495
G1 X88.175 Y85.909 E0.04698
G1 X86.12 Y86.762 E0.0555
G1 X85.041 Y87.035 E0.02776
G1 X84.666 Y87.171 E0.00995
G1 X84.208 Y87.626 E0.0161
G1 X83.467 Y88.423 E0.02715
G1 X83.35 Y89.975 E0.03882
G1 X83.654 Y91.324 E0.03449
G1 X84.689 Y92.429 E0.03777
G1 X85.073 Y92.724 E0.01208
G1 X85.694 Y92.902 E0.01611
G1 X88.167 Y93.989 E0.06739
G1 X89.939 Y93.845 E0.04435
G0 F7200 X89.929 Y93.746
G0 X88.195 Y93.825
G0 X85.147 Y92.577
G0 X83.802 Y91.245
G0 X83.512 Y89.962
G0 X83.625 Y88.492
G0 X84.754 Y87.311
G0 X86.15 Y86.649
G0 X86.034 Y86.369
;TYPE:WALL-OUTER
G1 F1800 X84.923 Y86.652 E0.0286
G1 X84.446 Y86.825 E0.01266
G1 X83.92 Y87.348 E0.0185
G1 X83.079 Y88.253 E0.03082
G1 X82.946 Y90.005 E0.04383
G1 X83.288 Y91.518 E0.03869
G1 X84.419 Y92.727 E0.0413
G1 X84.891 Y93.089 E0.01484
G1 X85.533 Y93.268 E0.01663
G1 X88.099 Y94.396 E0.06992
G1 X89.971 Y94.244 E0.04685
G1 X91.496 Y94.224 E0.03804
G1 X92.977 Y93.884 E0.0379
G1 X94.393 Y92.628 E0.04722
G1 X94.735 Y91.685 E0.02502
G1 X95.312 Y89.974 E0.04504
G1 X94.77 Y88.433 E0.04075
G1 X94.356 Y87.31 E0.02986
G1 X93.034 Y86.075 E0.04513
G1 X91.499 Y85.716 E0.03932
G1 X90.047 Y85.695 E0.03622
G1 X88.115 Y85.501 E0.04844
G1 X86.034 Y86.369 E0.05625
G0 F7200 X85.841 Y86.418
G0 X85.915 Y86.713
G0 X84.754 Y87.311
G0 X83.625 Y88.492
G0 X83.512 Y89.962
G0 X83.802 Y91.245
G0 X84.798 Y92.31
G0 X88.195 Y93.825
G0 X89.927 Y93.745
G0 X89.925 Y93.464
;TYPE:SKIN
G1 F1800 X88.231 Y93.6 E0.04239
G1 X85.763 Y92.517 E0.06723
G1 X85.247 Y92.377 E0.01334
G1 X84.947 Y92.147 E0.00943
G1 X84 Y91.138 E0.03452
G1 X83.73 Y89.945 E0.03051
G1 X83.835 Y88.585 E0.03403
G1 X84.449 Y87.923 E0.02252
G1 X84.912 Y87.46 E0.01633
G1 X86.254 Y87.118 E0.03455
G1 X88.231 Y86.297 E0.0534
G1 X90.028 Y86.476 E0.04505
G1 X91.399 Y86.492 E0.0342
G1 X92.654 Y86.787 E0.03216
G1 X93.688 Y87.754 E0.03532
G1 X94.046 Y88.722 E0.02575
G1 X94.484 Y89.978 E0.03318
G1 X94.007 Y91.393 E0.03725
G1 X93.725 Y92.172 E0.02067
G1 X92.605 Y93.168 E0.03739
G1 X91.4 Y93.444 E0.03084
G1 X89.925 Y93.464 E0.0368
G0 F7200 X89.927 Y93.745
G0 X91.428 Y93.663
G0 X92.711 Y93.368
G0 X93.686 Y92.505
G0 X93.591 Y91.954
G1 F1800 X92.968 Y92.577 E0.02198
G1 X92.898 Y92.647
G0 F7200 X93.214 Y93.004
G0 X91.949 Y93.606
G0 X91.842 Y93.137
G1 F1800 X93.902 Y91.077 E0.07267
G1 X93.972 Y91.007
G0 F7200 X94.19 Y90.223
G1 F1800 X91.167 Y93.247 E0.10666
G0 F7200 X90.593 Y93.255
G1 F1800 X94.168 Y89.68 E0.12612
G0 F7200 X94.022 Y89.26
G1 F1800 X90.02 Y93.262 E0.14118
G0 F7200 X89.412 Y93.304
G1 F1800 X93.875 Y88.841 E0.15744
G0 F7200 X93.723 Y88.427
G1 F1800 X88.797 Y93.354 E0.1738
G0 F7200 X88.211 Y93.374
G1 F1800 X93.571 Y88.014 E0.18909
G0 F7200 X93.328 Y87.691
G1 F1800 X87.818 Y93.202 E0.1944
G0 F7200 X87.425 Y93.029
G1 F1800 X93.036 Y87.417 E0.19796
G0 F7200 X92.744 Y87.144
G1 F1800 X87.031 Y92.857 E0.20154
G0 F7200 X86.638 Y92.684
G1 F1800 X92.393 Y86.93 E0.20301
G0 F7200 X91.934 Y86.823
G1 F1800 X86.245 Y92.511 E0.20068
G0 F7200 X85.851 Y92.34
G1 F1800 X91.476 Y86.715 E0.19844
G0 F7200 X90.939 Y86.686
G1 F1800 X85.411 Y92.215 E0.19503
G0 F7200 X85.073 Y91.987
G1 F1800 X90.38 Y86.679 E0.18724
G0 F7200 X89.837 Y86.657
G1 F1800 X84.798 Y91.695 E0.17775
G0 F7200 X84.525 Y91.403
G1 F1800 X89.322 Y86.606 E0.16923
G0 F7200 X88.808 Y86.555
G1 F1800 X84.25 Y91.112 E0.16078
G0 F7200 X84.105 Y90.692
G1 F1800 X88.294 Y86.503 E0.14778
G1 X88.364 Y86.433
G0 F7200 X88.404 Y86.033
G0 X87.168 Y86.438
G0 X87.351 Y86.88
G1 F1800 X84.001 Y90.23 E0.11818
G0 F7200 X83.949 Y89.716
G1 F1800 X86.38 Y87.285 E0.08576
G0 F7200 X85.614 Y87.486
G1 F1800 X83.996 Y89.104 E0.05708
G1 X83.926 Y89.174
G1 F4200 E-3.5
G1 F600 Z20.95
G0 F7200 X108.49 Y85.863 Z20.95
;TYPE:FILL
G1 F600 Z20.45
G1 F4200 E3.5
G1 F3600 X112.424 Y89.797 E0.13878
G0 F7200 X112.426 Y90.201
G1 F3600 X108.542 Y94.085 E0.13702
G1 X108.472 Y94.155
G0 F7200 X108.554 Y93.948
G0 X104.864 Y94.089
G0 X105.224 Y89.976
;TYPE:WALL-INNER
G1 F3600 X104.891 Y92.455 E0.06239
G1 X104.666 Y94.266 E0.04552
G1 X107.358 Y94.224 E0.06716
G1 X108.567 Y94.244 E0.03016
G1 X112.626 Y94.265 E0.10125
G1 X112.584 Y89.962 E0.10734
G1 X112.58 Y85.675 E0.10694
G1 X110.124 Y85.684 E0.06127
G1 X107.187 Y85.716 E0.07327
G1 X104.394 Y85.709 E0.06967
G1 X104.89 Y87.333 E0.04236
G1 X105.224 Y89.976 E0.06645
G0 F7200 X104.827 Y89.97
;TYPE:WALL-OUTER
G1 F1800 X104.494 Y92.406 E0.06133
G1 X104.264 Y94.262 E0.04665
G1 X104.275 Y94.672 E0.01023
G1 X107.352 Y94.624 E0.07677
G1 X108.565 Y94.644 E0.03026
G1 X113.03 Y94.667 E0.11138
G1 X112.984 Y89.962 E0.11737
G1 X112.98 Y85.273 E0.11697
G1 X110.12 Y85.284 E0.07134
G1 X107.187 Y85.316 E0.07317
G1 X104.648 Y85.312 E0.06334
G1 X103.852 Y85.301 E0.01986
G1 X104.499 Y87.434 E0.0556
G1 X104.827 Y89.97 E0.06379
G0 F7200 X104.8 Y90.168
G0 X105.61 Y89.969
;TYPE:SKIN
G1 F1800 X105.263 Y87.262 E0.06808
G1 X104.907 Y86.093 E0.03048
G1 X107.183 Y86.096 E0.05678
G1 X108.019 Y86.086 E0.02086
G1 X108.362 Y87.505 E0.03642
G1 X108.42 Y88.178 E0.01685
G1 X108.733 Y89.969 E0.04535
G1 X108.438 Y91.739 E0.04476
G1 X108.392 Y92.392 E0.01633
G1 X108.321 Y92.967 E0.01445
G1 X108.277 Y93.857 E0.02223
G1 X107.402 Y93.844 E0.02183
G1 X105.095 Y93.876 E0.05755
G1 X105.269 Y92.495 E0.03472
G1 X105.61 Y89.969 E0.06358
G0 F7200 X105.332 Y89.97
G0 X104.789 Y86.66
G0 X105.246 Y86.521
G1 F1800 X105.473 Y86.295 E0.00799
G0 F7200 X106.04 Y86.293
G1 F1800 X105.377 Y86.956 E0.02339
G0 F7200 X105.484 Y87.415
G1 F1800 X106.607 Y86.292 E0.03962
G0 F7200 X107.174 Y86.29
G1 F1800 X105.548 Y87.917 E0.05738
G0 F7200 X105.611 Y88.419
G1 F1800 X107.741 Y86.289 E0.07514
G0 F7200 X107.948 Y86.647
G1 F1800 X105.675 Y88.921 E0.0802
G0 F7200 X105.739 Y89.423
G1 F1800 X108.059 Y87.103 E0.08184
G0 F7200 X108.165 Y87.562
G1 F1800 X105.802 Y89.925 E0.08336
G0 F7200 X105.729 Y90.564
G1 F1800 X108.211 Y88.081 E0.08758
G0 F7200 X108.286 Y88.572
G1 F1800 X105.641 Y91.217 E0.09331
G0 F7200 X105.554 Y91.87
G1 F1800 X108.37 Y89.054 E0.09934
G0 F7200 X108.454 Y89.536
G1 F1800 X105.466 Y92.524 E0.10541
G0 F7200 X105.386 Y93.17
G1 F1800 X108.519 Y90.037 E0.11053
G0 F7200 X108.407 Y90.715
G1 F1800 X105.449 Y93.672 E0.10433
G0 F7200 X106.023 Y93.664
G1 F1800 X108.294 Y91.393 E0.08012
G0 F7200 X108.216 Y92.037
G1 F1800 X106.597 Y93.656 E0.05711
G0 F7200 X107.171 Y93.648
G1 F1800 X108.157 Y92.661 E0.0348
G0 F7200 X108.105 Y93.279
G1 F1800 X107.735 Y93.649 E0.01305
G1 F4200 E-3.5
;MESH:NONMESH
G0 F600 X107.735 Y93.649 Z20.6
G0 F7200 X108.552 Y93.996
G0 X104.864 Y94.089
G0 X104.713 Y92.425
G0 X103.639 Y92.279
G0 X91.601 Y95.087
G0 X87.955 Y95.278
G0 X85.156 Y94.142
G0 X76.284 Y90.068
G0 X75.203 Y89.99
G0 X75.06 Y85.877
G0 X71.557 Y85.877
G0 X71.047 Y86.326
;TIME_ELAPSED:1715.361488
;LAYER:136
;TYPE:FILL
;MESH:pi 3mm_deformed_tet.stl
G1 F4200 E3.5
G1 F3600 X67.526 Y89.846 E0.1242
G0 F7200 X67.527 Y90.154
G1 F3600 X71.165 Y93.793 E0.12836
G1 X71.235 Y93.863
G0 F7200 X71.051 Y93.91
G0 X74.356 Y94.11
G0 X74.062 Y92.468
G0 X74.162 Y92.476
;TYPE:WALL-INNER
G1 F3600 X74.344 Y90.193 E0.05713
G1 X74.369 Y87.546 E0.06603
G1 X74.484 Y85.715 E0.04576
G1 X72.548 Y85.724 E0.04829
G1 X67.331 Y85.684 E0.13014
G1 X67.324 Y87.571 E0.04707
G1 X67.369 Y90.006 E0.06075
G1 X67.344 Y92.436 E0.06062
G1 X67.36 Y94.278 E0.04595
G1 X71.588 Y94.263 E0.10547
G1 X72.714 Y94.248 E0.02809
G1 X74.578 Y94.29 E0.04651
G1 X74.162 Y92.476 E0.04643
G0 F7200 X74.569 Y92.468
;TYPE:WALL-OUTER
G1 F1800 X74.744 Y90.211 E0.05647
G1 X74.768 Y87.571 E0.06586
G1 X74.91 Y85.313 E0.05644
G1 X72.552 Y85.324 E0.05882
G1 X69.755 Y85.297 E0.06977
G1 X66.932 Y85.282 E0.07042
G1 X66.924 Y87.578 E0.05727
G1 X66.969 Y90.002 E0.06048
G1 X66.944 Y92.439 E0.06079
G1 X66.963 Y94.679 E0.05588
G1 X71.594 Y94.663 E0.11552
G1 X72.705 Y94.648 E0.02772
G1 X75.083 Y94.702 E0.05933
G1 X74.569 Y92.468 E0.05718
G0 F7200 X74.584 Y92.269
G0 X73.78 Y92.487
;TYPE:SKIN
G1 F1800 X74.096 Y93.898 E0.03607
G1 X72.721 Y93.868 E0.03431
G1 X71.33 Y93.882 E0.0347
G1 X70.953 Y92.454 E0.03684
G1 X70.96 Y91.328 E0.02809
G1 X71.013 Y89.982 E0.0336
G1 X70.977 Y87.559 E0.06045
G1 X71.128 Y86.628 E0.02353
G1 X71.236 Y86.094 E0.01359
G1 X72.5 Y86.104 E0.03153
G1 X74.078 Y86.098 E0.03936
G1 X73.988 Y87.523 E0.03562
G1 X73.964 Y90.171 E0.06606
G1 X73.78 Y92.487 E0.05795
G0 F7200 X74.061 Y92.482
G0 X74.356 Y94.11
G0 X71.171 Y94.095
G0 X71.617 Y93.679
G1 F1800 X71.435 Y93.497 E0.00642
G0 F7200 X72.177 Y93.673
G1 F1800 X71.233 Y92.729 E0.0333
G0 F7200 X71.155 Y92.085
G1 F1800 X72.737 Y93.668 E0.05583
G0 F7200 X73.316 Y93.681
G1 F1800 X71.158 Y91.523 E0.07613
G0 F7200 X71.174 Y90.973
G1 F1800 X73.83 Y93.629 E0.0937
G0 F7200 X73.662 Y92.895
G1 F1800 X71.195 Y90.428 E0.08703
G0 F7200 X71.211 Y89.878
G1 F1800 X73.598 Y92.265 E0.08421
G0 F7200 X73.64 Y91.741
G1 F1800 X71.202 Y89.304 E0.08599
G0 F7200 X71.194 Y88.731
G1 F1800 X73.681 Y91.217 E0.08772
G0 F7200 X73.722 Y90.693
G1 F1800 X71.186 Y88.156 E0.08948
G0 F7200 X71.177 Y87.582
G1 F1800 X73.764 Y90.169 E0.09126
G0 F7200 X73.77 Y89.609
G1 F1800 X71.255 Y87.094 E0.08872
G0 F7200 X71.334 Y86.608
G1 F1800 X73.775 Y89.048 E0.0861
G0 F7200 X73.78 Y88.487
G1 F1800 X71.589 Y86.297 E0.07728
G0 F7200 X72.16 Y86.302
G1 F1800 X73.784 Y87.927 E0.05731
G0 F7200 X73.797 Y87.374
G1 F1800 X72.727 Y86.304 E0.03775
G0 F7200 X73.291 Y86.302
G1 F1800 X73.831 Y86.842 E0.01905
G1 F4200 E-3.5
G0 F7200 X74.31 Y86.871
G0 X74.526 Y90.204
G0 X75.607 Y90.289
G0 X84.282 Y92.562
G0 X89.223 Y93.264
;TYPE:WALL-INNER
G1 F4200 E3.5
G1 F3600 X91.52 Y93.232 E0.0573
G1 X92.239 Y93.069 E0.01839
G1 X92.903 Y92.476 E0.02221
G1 X93.67 Y90.38 E0.05568
G1 X93.941 Y89.977 E0.01211
G1 X93.677 Y89.577 E0.01196
G1 X92.902 Y87.477 E0.05584
G1 X92.278 Y86.892 E0.02134
G1 X91.522 Y86.716 E0.01936
G1 X89.284 Y86.684 E0.05583
G1 X88.171 Y86.573 E0.0279
G1 X85.604 Y87.646 E0.0694
G1 X85.434 Y87.755 E0.00504
G1 X85.26 Y87.972 E0.00694
G1 X84.179 Y89.139 E0.03968
G1 X84.114 Y89.975 E0.02092
G1 X84.282 Y90.709 E0.01878
G1 X85.214 Y91.711 E0.03414
G1 X85.555 Y92.096 E0.01283
G1 X86.002 Y92.395 E0.01342
G1 X88.171 Y93.349 E0.05911
G1 X89.223 Y93.264 E0.02633
G0 F7200 X89.215 Y93.664
;TYPE:WALL-OUTER
G1 F1800 X91.568 Y93.632 E0.0587
G1 X92.429 Y93.436 E0.02203
G1 X93.245 Y92.708 E0.02728
G1 X94.028 Y90.558 E0.05708
G1 X94.425 Y89.979 E0.01751
G1 X94.039 Y89.406 E0.01723
G1 X93.244 Y87.25 E0.05732
G1 X92.474 Y86.527 E0.02635
G1 X91.571 Y86.316 E0.02313
G1 X89.283 Y86.283 E0.05708
G1 X88.111 Y86.165 E0.02938
G1 X85.418 Y87.29 E0.0728
G1 X85.161 Y87.455 E0.00762
G1 X84.978 Y87.688 E0.00739
G1 X83.791 Y88.969 E0.04356
G1 X83.71 Y90.005 E0.02592
G1 X83.916 Y90.903 E0.02298
G1 X84.914 Y91.975 E0.03654
G1 X85.289 Y92.4 E0.01414
G1 X85.809 Y92.747 E0.01559
G1 X88.103 Y93.756 E0.06251
G1 X89.215 Y93.664 E0.02783
G0 F7200 X89.415 Y93.662
G0 X89.165 Y92.884
;TYPE:SKIN
G1 F1800 X88.235 Y92.96 E0.02328
G1 X86.185 Y92.059 E0.05586
G1 X85.809 Y91.808 E0.01128
G1 X85.498 Y91.455 E0.01174
G1 X84.628 Y90.523 E0.0318
G1 X84.498 Y89.945 E0.01478
G1 X84.547 Y89.301 E0.01611
G1 X85.536 Y88.228 E0.0364
G1 X85.712 Y88.014 E0.00691
G1 X88.227 Y86.961 E0.06801
G1 X89.26 Y87.064 E0.0259
G1 X91.471 Y87.092 E0.05516
G1 X92.09 Y87.239 E0.01587
G1 X92.576 Y87.694 E0.01661
G1 X93.324 Y89.717 E0.0538
G1 X93.482 Y89.972 E0.00748
G1 X93.324 Y90.226 E0.00746
G1 X92.581 Y92.252 E0.05383
G1 X92.057 Y92.72 E0.01753
G1 X91.472 Y92.852 E0.01496
G1 X89.165 Y92.884 E0.05755
G0 F7200 X89.17 Y93.165
G0 X88.296 Y93.182
G0 X86.135 Y92.343
G0 X86.113 Y91.77
G1 F1800 X85.418 Y91.075 E0.02452
G1 X85.348 Y91.005
G0 F7200 X84.566 Y90.867
G0 X84.306 Y90.089
G0 X84.363 Y89.089
G0 X84.709 Y89.8
G1 F1800 X87.193 Y92.284 E0.08763
G1 X87.263 Y92.354
G0 F7200 X87.084 Y92.76
G0 X88.007 Y93.166
G0 X88.201 Y92.726
G1 F1800 X84.798 Y89.323 E0.12005
G0 F7200 X85.069 Y89.029
G1 F1800 X88.756 Y92.716 E0.13007
G0 F7200 X89.288 Y92.682
G1 F1800 X85.341 Y88.735 E0.13924
G0 F7200 X85.612 Y88.441
G1 F1800 X89.845 Y92.673 E0.14931
G0 F7200 X90.403 Y92.666
G1 F1800 X85.892 Y88.155 E0.15914
G0 F7200 X86.291 Y87.988
G1 F1800 X90.961 Y92.658 E0.16475
G0 F7200 X91.507 Y92.638
G1 F1800 X86.69 Y87.821 E0.16993
G0 F7200 X87.089 Y87.654
G1 F1800 X91.966 Y92.532 E0.17207
G0 F7200 X92.265 Y92.265
G1 F1800 X87.487 Y87.487 E0.16856
G0 F7200 X87.886 Y87.321
G1 F1800 X92.489 Y91.923 E0.16237
G0 F7200 X92.641 Y91.51
G1 F1800 X88.301 Y87.169 E0.15312
G0 F7200 X88.929 Y87.232
G1 F1800 X92.792 Y91.095 E0.13628
G0 F7200 X92.944 Y90.681
G1 F1800 X89.53 Y87.267 E0.12044
G0 F7200 X90.103 Y87.275
G1 F1800 X93.096 Y90.268 E0.10559
G0 F7200 X93.11 Y89.716
G1 F1800 X90.677 Y87.282 E0.08585
G0 F7200 X91.25 Y87.29
G1 F1800 X92.779 Y88.82 E0.05396
G1 X92.849 Y88.89
G0 F7200 X93.26 Y88.739
G0 X92.898 Y87.757
G0 X92.448 Y87.922
G1 F1800 X91.933 Y87.408 E0.01815
G1 F4200 E-3.5
G0 F7200 X92.153 Y86.966
G0 X93.059 Y87.372
G0 X94.076 Y86.999
G0 X103.833 Y85.784
G0 X104.878 Y85.529
G0 X108.675 Y85.873
G0 X108.634 Y86.007
;TYPE:FILL
G1 F4200 E3.5
G1 F3600 X112.38 Y89.753 E0.13215
G0 F7200 X112.383 Y90.244
G1 F3600 X108.892 Y93.735 E0.12315
G1 X108.822 Y93.805
G0 F7200 X109.026 Y93.815
G0 X105.636 Y94.07
G0 X105.88 Y89.973
;TYPE:WALL-INNER
G1 F3600 X105.637 Y91.969 E0.05016
G1 X105.53 Y92.508 E0.01371
G1 X105.455 Y94.246 E0.04339
G1 X107.331 Y94.22 E0.0468
G1 X108.305 Y94.236 E0.0243
G1 X112.585 Y94.26 E0.10677
G1 X112.54 Y89.956 E0.10737
G1 X112.54 Y85.679 E0.10669
G1 X110.084 Y85.688 E0.06127
G1 X107.151 Y85.72 E0.07317
G1 X105.117 Y85.718 E0.05074
G1 X105.54 Y87.451 E0.0445
G1 X105.652 Y88.009 E0.0142
G1 X105.88 Y89.973 E0.04932
G0 F7200 X105.479 Y89.993
;TYPE:WALL-OUTER
G1 F1800 X105.245 Y91.891 E0.0477
G1 X105.132 Y92.46 E0.01447
G1 X105.037 Y94.652 E0.05473
G1 X107.324 Y94.62 E0.05706
G1 X108.303 Y94.636 E0.02442
G1 X112.989 Y94.662 E0.11689
G1 X112.94 Y89.956 E0.1174
G1 X112.94 Y85.277 E0.11672
G1 X110.08 Y85.288 E0.07134
G1 X107.151 Y85.32 E0.07307
G1 X104.607 Y85.317 E0.06346
G1 X105.148 Y87.531 E0.05685
G1 X105.255 Y88.056 E0.01337
G1 X105.479 Y89.993 E0.04864
G0 F7200 X105.455 Y90.191
G0 X106.265 Y89.969
;TYPE:SKIN
G1 F1800 X106.027 Y87.96 E0.05047
G1 X105.913 Y87.373 E0.01492
G1 X105.603 Y86.097 E0.03276
G1 X107.147 Y86.1 E0.03852
G1 X108.507 Y86.082 E0.03393
G1 X108.854 Y87.505 E0.03654
G1 X108.952 Y88.65 E0.02867
G1 X109.184 Y89.969 E0.03341
G1 X108.966 Y91.27 E0.03291
G1 X108.888 Y92.396 E0.02816
G1 X108.765 Y93.366 E0.02439
G1 X108.741 Y93.854 E0.01219
G1 X107.408 Y93.84 E0.03325
G1 X105.85 Y93.857 E0.03887
G1 X105.908 Y92.544 E0.03278
G1 X106.017 Y91.979 E0.01435
G1 X106.265 Y89.969 E0.05052
G0 F7200 X105.987 Y89.971
G0 X105.608 Y93.053
G0 X106.084 Y93.074
G1 F1800 X106.659 Y93.648 E0.02027
G0 F7200 X107.218 Y93.641
G1 F1800 X106.113 Y92.536 E0.03898
G0 F7200 X106.204 Y92.062
G1 F1800 X107.786 Y93.644 E0.05581
G0 F7200 X108.358 Y93.65
G1 F1800 X106.27 Y91.563 E0.07364
G0 F7200 X106.332 Y91.058
G1 F1800 X108.574 Y93.301 E0.07911
G0 F7200 X108.636 Y92.797
G1 F1800 X106.393 Y90.554 E0.07913
G0 F7200 X106.456 Y90.051
G1 F1800 X108.695 Y92.29 E0.07899
G0 F7200 X108.731 Y91.761
G1 F1800 X106.402 Y89.431 E0.08218
G0 F7200 X106.326 Y88.79
G1 F1800 X108.77 Y91.234 E0.08622
G0 F7200 X108.851 Y90.749
G1 F1800 X106.251 Y88.149 E0.09172
G0 F7200 X106.135 Y87.467
G1 F1800 X108.932 Y90.264 E0.09867
G0 F7200 X108.934 Y89.701
G1 F1800 X105.961 Y86.728 E0.10488
G0 F7200 X106.096 Y86.297
G1 F1800 X108.813 Y89.014 E0.09585
G0 F7200 X108.727 Y88.362
G1 F1800 X106.664 Y86.3 E0.07276
G0 F7200 X107.23 Y86.3
G1 F1800 X108.674 Y87.743 E0.05092
G0 F7200 X108.534 Y87.038
G1 F1800 X107.788 Y86.292 E0.02632
G1 X107.718 Y86.222
G0 F7200 X109.064 Y86.301
G1 F4200 E-3.5
;MESH:NONMESH
G0 F600 X109.064 Y86.301 Z20.75
G0 F7200 X104.878 Y85.529
G0 X103.833 Y85.784
G0 X87.982 Y85.286
G0 X75.762 Y85.594
G0 X74.686 Y85.527
G0 X71.066 Y85.882
G0 X70.47 Y86.903
;TIME_ELAPSED:1736.745334
;LAYER:137
;TYPE:FILL
;MESH:pi 3mm_deformed_tet.stl
G1 F4200 E3.5
G1 F3600 X67.566 Y89.806 E0.10243
G0 F7200 X67.567 Y90.194
G1 F3600 X70.541 Y93.168 E0.10492
G1 X70.611 Y93.238
G0 F7200 X70.428 Y93.285
G0 X73.581 Y92.483
;TYPE:WALL-INNER
G1 F3600 X73.7 Y90.92 E0.0391
G1 X73.736 Y89.997 E0.02304
G1 X73.732 Y89.084 E0.02278
G1 X73.753 Y87.554 E0.03817
G1 X73.865 Y85.722 E0.04578
G1 X72.591 Y85.729 E0.03178
G1 X67.368 Y85.689 E0.13029
G1 X67.368 Y87.57 E0.04692
G1 X67.409 Y89.985 E0.06025
G1 X67.388 Y92.678 E0.06718
G1 X67.4 Y94.273 E0.03979
G1 X71.846 Y94.256 E0.11091
G1 X72.742 Y94.244 E0.02235
G1 X73.989 Y94.274 E0.03112
G1 X73.581 Y92.483 E0.04582
G0 F7200 X73.982 Y92.441
;TYPE:WALL-OUTER
G1 F1800 X74.1 Y90.944 E0.03746
G1 X74.136 Y90.004 E0.02347
G1 X74.132 Y89.089 E0.02282
G1 X74.152 Y87.579 E0.03767
G1 X74.264 Y85.805 E0.04434
G1 X74.368 Y85.322 E0.01232
G1 X72.589 Y85.329 E0.04438
G1 X66.968 Y85.286 E0.14022
G1 X66.968 Y87.576 E0.05712
G1 X67.009 Y89.982 E0.06003
G1 X66.988 Y92.681 E0.06733
G1 X67.003 Y94.675 E0.04974
G1 X71.852 Y94.656 E0.12096
G1 X72.733 Y94.644 E0.02198
G1 X74.523 Y94.685 E0.04466
G1 X74.405 Y94.301 E0.01002
G1 X73.982 Y92.441 E0.04758
G0 F7200 X73.997 Y92.242
G0 X73.198 Y92.513
;TYPE:SKIN
G1 F1800 X73.508 Y93.882 E0.03501
G1 X72.721 Y93.864 E0.01964
G1 X70.874 Y93.878 E0.04607
G1 X70.493 Y92.442 E0.03706
G1 X70.504 Y90.865 E0.03934
G1 X70.54 Y89.981 E0.02207
G1 X70.505 Y87.555 E0.06052
G1 X70.739 Y86.094 E0.03691
G1 X72.59 Y86.109 E0.04617
G1 X73.459 Y86.105 E0.02168
G1 X73.372 Y87.531 E0.03564
G1 X73.352 Y89.077 E0.03857
G1 X73.356 Y89.988 E0.02273
G1 X73.321 Y90.872 E0.02207
G1 X73.198 Y92.513 E0.04105
G0 F7200 X73.141 Y93.171
G1 F1800 X72.647 Y93.664 E0.01741
G0 F7200 X72.077 Y93.669
G1 F1800 X73.037 Y92.709 E0.03387
G0 F7200 X73.026 Y92.154
G1 F1800 X71.507 Y93.673 E0.05359
G0 F7200 X71.008 Y93.606
G1 F1800 X73.071 Y91.543 E0.07278
G0 F7200 X73.116 Y90.933
G1 F1800 X70.89 Y93.158 E0.07851
G0 F7200 X70.771 Y92.712
G1 F1800 X73.142 Y90.341 E0.08364
G0 F7200 X73.154 Y89.763
G1 F1800 X70.694 Y92.223 E0.08678
G0 F7200 X70.699 Y91.653
G1 F1800 X73.152 Y89.2 E0.08654
G0 F7200 X73.157 Y88.629
G1 F1800 X70.702 Y91.084 E0.08661
G0 F7200 X70.719 Y90.501
G1 F1800 X73.165 Y88.055 E0.08629
G0 F7200 X73.174 Y87.48
G1 F1800 X70.74 Y89.915 E0.08588
G0 F7200 X70.731 Y89.358
G1 F1800 X73.21 Y86.879 E0.08745
G0 F7200 X73.218 Y86.305
G1 F1800 X70.723 Y88.8 E0.08802
G0 F7200 X70.715 Y88.243
G1 F1800 X72.655 Y86.303 E0.06844
G0 F7200 X72.091 Y86.301
G1 F1800 X70.707 Y87.685 E0.04882
G0 F7200 X70.791 Y87.035
G1 F1800 X71.528 Y86.298 E0.026
G0 F7200 X70.965 Y86.296
G1 F1800 X70.899 Y86.361 E0.00231
G0 F7200 X70.13 Y86.306
G1 F4200 E-3.5
G0 F7200 X73.682 Y85.898
G0 X73.915 Y89.092
G0 X75 Y89.101
G0 X83.687 Y90.421
G0 X91.999 Y91.898
;TYPE:WALL-INNER
G1 F4200 E3.5
G1 F3600 X93.314 Y89.981 E0.05799
G1 X92.047 Y88.106 E0.05645
G1 X91.791 Y87.412 E0.01845
G1 X91.688 Y87.316 E0.00351
G1 X88.482 Y87.269 E0.07998
G1 X88.171 Y87.237 E0.0078
G1 X87.315 Y87.594 E0.02314
G1 X86.079 Y88.378 E0.03651
G1 X85.24 Y89.47 E0.03435
G1 X84.889 Y89.853 E0.01296
G1 X84.9 Y90.07 E0.00542
G1 X86.171 Y91.512 E0.04795
G1 X87.537 Y92.427 E0.04101
G1 X88.173 Y92.703 E0.01729
G1 X88.434 Y92.685 E0.00653
G1 X91.667 Y92.639 E0.08066
G1 X91.759 Y92.556 E0.00309
G1 X91.999 Y91.898 E0.01747
G0 F7200 X92.371 Y92.062
;TYPE:WALL-OUTER
G1 F1800 X93.798 Y89.983 E0.0629
G1 X92.396 Y87.898 E0.06268
G1 X92.133 Y87.183 E0.019
G1 X91.911 Y86.979 E0.00752
G1 X91.647 Y86.916 E0.00677
G1 X88.523 Y86.871 E0.07794
G1 X88.111 Y86.829 E0.01033
G1 X87.129 Y87.238 E0.02654
G1 X85.805 Y88.078 E0.03911
G1 X84.909 Y89.243 E0.03666
G1 X84.502 Y89.682 E0.01493
G1 X84.475 Y90.005 E0.00809
G1 X84.539 Y90.286 E0.00719
G1 X84.887 Y90.659 E0.01273
G1 X85.905 Y91.816 E0.03844
G1 X87.345 Y92.779 E0.04321
G1 X88.103 Y93.109 E0.02062
G1 X88.473 Y93.084 E0.00925
G1 X91.64 Y93.04 E0.07901
G1 X91.877 Y92.987 E0.00606
G1 X92.101 Y92.788 E0.00747
G1 X92.371 Y92.062 E0.01932
G0 F7200 X92.484 Y91.898
G0 X91.675 Y91.694
;TYPE:SKIN
G1 F1800 X91.463 Y92.254 E0.01494
G1 X88.236 Y92.313 E0.08051
G1 X87.716 Y92.091 E0.0141
G1 X86.425 Y91.228 E0.03874
G1 X85.31 Y89.956 E0.04219
G1 X85.548 Y89.698 E0.00876
G1 X86.338 Y88.662 E0.0325
G1 X87.485 Y87.934 E0.03389
G1 X88.226 Y87.625 E0.02003
G1 X88.443 Y87.647 E0.00544
G1 X91.487 Y87.694 E0.07594
G1 X91.714 Y88.297 E0.01607
G1 X92.853 Y89.979 E0.05067
G1 X91.675 Y91.694 E0.0519
G0 F7200 X91.224 Y92.058
G1 F1800 X91.385 Y91.897 E0.00568
G0 F7200 X90.648 Y92.069
G1 F1800 X92.332 Y90.385 E0.05941
G0 F7200 X92.434 Y89.716
G1 F1800 X90.072 Y92.079 E0.08334
G0 F7200 X89.496 Y92.089
G1 F1800 X92.206 Y89.379 E0.0956
G0 F7200 X91.977 Y89.042
G1 F1800 X88.919 Y92.1 E0.10788
G0 F7200 X88.343 Y92.111
G1 F1800 X91.749 Y88.705 E0.12016
G0 F7200 X91.529 Y88.359
G1 F1800 X87.925 Y91.963 E0.12714
G0 F7200 X87.57 Y91.753
G1 F1800 X91.369 Y87.953 E0.13404
G0 F7200 X90.872 Y87.884
G1 F1800 X87.23 Y91.526 E0.12848
G0 F7200 X86.891 Y91.3
G1 F1800 X90.315 Y87.876 E0.12079
G0 F7200 X89.759 Y87.867
G1 F1800 X86.554 Y91.071 E0.11305
G0 F7200 X86.29 Y90.77
G1 F1800 X89.202 Y87.858 E0.10273
G0 F7200 X88.645 Y87.849
G1 F1800 X86.025 Y90.469 E0.09243
G0 F7200 X85.761 Y90.167
G1 F1800 X87.987 Y87.941 E0.07853
G1 X88.057 Y87.871
G0 F7200 X87.888 Y87.463
G0 X86.425 Y88.277
G0 X86.681 Y88.682
G1 F1800 X86.233 Y89.129 E0.01579
G1 F4200 E-3.5
G1 F600 Z21.25
G0 F7200 X109.287 Y86.659 Z21.25
;TYPE:FILL
G1 F600 Z20.75
G1 F4200 E3.5
G1 F3600 X112.34 Y89.713 E0.10772
G0 F7200 X112.342 Y90.285
G1 F3600 X109.429 Y93.198 E0.10276
G1 X109.359 Y93.268
G0 F7200 X109.557 Y93.293
G0 X106.212 Y94.058
G0 X106.283 Y92.762
G0 X106.629 Y89.985
G0 X106.524 Y89.973
;TYPE:WALL-INNER
G1 F3600 X106.361 Y91.33 E0.03409
G1 X106.14 Y92.435 E0.02811
G1 X106.071 Y93.305 E0.02177
G1 X106.031 Y94.234 E0.0232
G1 X107.306 Y94.216 E0.03181
G1 X108.044 Y94.228 E0.01841
G1 X112.545 Y94.256 E0.11228
G1 X112.5 Y89.956 E0.10727
G1 X112.5 Y85.683 E0.10659
G1 X110.044 Y85.692 E0.06127
G1 X107.114 Y85.724 E0.07309
G1 X105.703 Y85.722 E0.0352
G1 X106.124 Y87.453 E0.04444
G1 X106.364 Y88.601 E0.02926
G1 X106.524 Y89.973 E0.03446
G0 F7200 X106.123 Y89.993
;TYPE:WALL-OUTER
G1 F1800 X105.969 Y91.252 E0.03164
G1 X105.743 Y92.38 E0.0287
G1 X105.671 Y93.287 E0.0227
G1 X105.613 Y94.64 E0.03378
G1 X107.3 Y94.616 E0.04209
G1 X108.042 Y94.628 E0.01851
G1 X112.949 Y94.658 E0.12241
G1 X112.9 Y89.956 E0.1173
G1 X112.9 Y85.281 E0.11662
G1 X110.04 Y85.292 E0.07134
G1 X107.115 Y85.324 E0.07297
G1 X105.195 Y85.321 E0.04789
G1 X105.732 Y87.535 E0.05683
G1 X105.975 Y88.7 E0.02969
G1 X106.123 Y89.993 E0.03246
G0 F7200 X106.099 Y90.191
G0 X106.909 Y89.967
;TYPE:SKIN
G1 F1800 X106.747 Y88.604 E0.03424
G1 X106.488 Y87.347 E0.03201
G1 X106.187 Y86.101 E0.03198
G1 X107.111 Y86.104 E0.02305
G1 X108.999 Y86.082 E0.0471
G1 X109.346 Y87.501 E0.03644
G1 X109.488 Y89.126 E0.04069
G1 X109.637 Y89.973 E0.02145
G1 X109.494 Y90.802 E0.02098
G1 X109.388 Y92.4 E0.03995
G1 X109.2 Y93.854 E0.03657
G1 X107.31 Y93.836 E0.04715
G1 X106.426 Y93.845 E0.02205
G1 X106.448 Y93.325 E0.01298
G1 X106.519 Y92.484 E0.02105
G1 X106.741 Y91.339 E0.02909
G1 X106.909 Y89.967 E0.03448
G0 F7200 X106.631 Y89.971
G0 X106.005 Y86.54
G0 X106.471 Y86.428
G1 F1800 X106.596 Y86.302 E0.00443
G0 F7200 X107.166 Y86.298
G1 F1800 X106.581 Y86.883 E0.02064
G0 F7200 X106.691 Y87.339
G1 F1800 X107.737 Y86.293 E0.0369
G0 F7200 X108.308 Y86.288
G1 F1800 X106.787 Y87.809 E0.05366
G0 F7200 X106.883 Y88.278
G1 F1800 X108.848 Y86.313 E0.06932
G0 F7200 X108.959 Y86.768
G1 F1800 X106.967 Y88.76 E0.07027
G0 F7200 X107.026 Y89.267
G1 F1800 X109.071 Y87.222 E0.07214
G0 F7200 X109.162 Y87.697
G1 F1800 X107.086 Y89.772 E0.07322
G0 F7200 X107.062 Y90.363
G1 F1800 X109.207 Y88.217 E0.07569
G0 F7200 X109.253 Y88.737
G1 F1800 X106.984 Y91.006 E0.08005
G0 F7200 X106.879 Y91.676
G1 F1800 X109.306 Y89.25 E0.0856
G0 F7200 X109.391 Y89.73
G1 F1800 X106.743 Y92.378 E0.09342
G0 F7200 X106.676 Y93.011
G1 F1800 X109.376 Y90.311 E0.09525
G0 F7200 X109.281 Y90.971
G1 F1800 X106.625 Y93.628 E0.09372
G0 F7200 X107.181 Y93.637
G1 F1800 X109.242 Y91.577 E0.07269
G0 F7200 X109.202 Y92.182
G1 F1800 X107.744 Y93.64 E0.05143
G0 F7200 X108.304 Y93.646
G1 F1800 X109.133 Y92.817 E0.02925
G0 F7200 X109.048 Y93.467
G1 F1800 X108.865 Y93.651 E0.00647
G1 F4200 E-3.5
;MESH:NONMESH
G0 F600 X108.865 Y93.651 Z20.9
G0 F7200 X109.484 Y93.99
G0 X106.212 Y94.058
G0 X105.959 Y92.413
G0 X104.879 Y92.329
G0 X91.744 Y93.905
G0 X87.956 Y93.99
G0 X75 Y89.101
G0 X73.915 Y89.092
G0 X73.682 Y85.898
G0 X70.575 Y85.883
G0 X69.904 Y87.468
;TIME_ELAPSED:1755.763953
;LAYER:138
;TYPE:FILL
;MESH:pi 3mm_deformed_tet.stl
G1 F4200 E3.5
G1 F3600 X67.605 Y89.767 E0.0811
G0 F7200 X67.606 Y90.234
G1 F3600 X69.923 Y92.55 E0.08172
G1 X69.993 Y92.62
G0 F7200 X69.808 Y92.667
G0 X70.233 Y94.09
G0 X73.176 Y94.057
G0 X72.908 Y92.258
G0 X72.994 Y92.456
;TYPE:WALL-INNER
G1 F3600 X73.068 Y91.489 E0.02419
G1 X73.124 Y89.997 E0.03724
G1 X73.124 Y88.536 E0.03644
G1 X73.137 Y87.566 E0.0242
G1 X73.204 Y86.466 E0.02749
G1 X73.356 Y85.733 E0.01867
G1 X72.522 Y85.736 E0.0208
G1 X67.408 Y85.693 E0.12757
G1 X67.408 Y87.57 E0.04682
G1 X67.449 Y89.981 E0.06015
G1 X67.428 Y92.82 E0.07082
G1 X67.437 Y94.269 E0.03615
G1 X72.112 Y94.252 E0.11662
G1 X72.779 Y94.24 E0.01664
G1 X73.444 Y94.256 E0.01659
G1 X73.273 Y93.695 E0.01463
G1 X72.994 Y92.456 E0.03168
G0 F7200 X73.398 Y92.427
;TYPE:WALL-OUTER
G1 F1800 X73.468 Y91.512 E0.02289
G1 X73.524 Y90.004 E0.03764
G1 X73.524 Y88.541 E0.03649
G1 X73.536 Y87.591 E0.0237
G1 X73.606 Y86.474 E0.02792
G1 X73.852 Y85.33 E0.02919
G1 X72.526 Y85.336 E0.03308
G1 X67.008 Y85.29 E0.13765
G1 X67.008 Y87.576 E0.05702
G1 X67.049 Y89.978 E0.05993
G1 X67.028 Y92.822 E0.07095
G1 X67.039 Y94.671 E0.04612
G1 X72.119 Y94.652 E0.12672
G1 X72.769 Y94.64 E0.01622
G1 X73.988 Y94.669 E0.03042
G1 X73.652 Y93.564 E0.02881
G1 X73.398 Y92.427 E0.02906
G0 F7200 X73.413 Y92.228
G0 X72.64 Y92.624
;TYPE:SKIN
G1 F1800 X72.919 Y93.856 E0.03151
G1 X72.101 Y93.872 E0.02041
G1 X70.398 Y93.875 E0.04248
G1 X70.219 Y93.125 E0.01923
G1 X70.033 Y92.434 E0.01785
G1 X70.048 Y90.452 E0.04944
G1 X70.068 Y89.969 E0.01206
G1 X70.029 Y87.551 E0.06033
G1 X70.266 Y86.094 E0.03682
G1 X72.884 Y86.111 E0.06531
G1 X72.832 Y86.349 E0.00608
G1 X72.756 Y87.533 E0.0296
G1 X72.744 Y88.529 E0.02485
G1 X72.744 Y89.984 E0.0363
G1 X72.689 Y91.439 E0.03632
G1 X72.62 Y92.336 E0.02244
G1 X72.64 Y92.624 E0.0072
G0 F7200 X72.908 Y92.258
G0 X73.176 Y94.057
G0 X70.233 Y94.09
G0 X71.047 Y93.674
G1 F1800 X70.4 Y93.028 E0.02281
G0 F7200 X70.234 Y92.296
G1 F1800 X71.611 Y93.673 E0.04858
G0 F7200 X72.174 Y93.67
G1 F1800 X70.238 Y91.734 E0.0683
G0 F7200 X70.242 Y91.172
G1 F1800 X72.653 Y93.583 E0.08505
G0 F7200 X72.491 Y92.856
G1 F1800 X70.246 Y90.611 E0.0792
G0 F7200 X70.264 Y90.063
G1 F1800 X72.428 Y92.227 E0.07634
G0 F7200 X72.469 Y91.702
G1 F1800 X70.26 Y89.493 E0.07793
G0 F7200 X70.25 Y88.918
G1 F1800 X72.499 Y91.167 E0.07934
G0 F7200 X72.52 Y90.622
G1 F1800 X70.241 Y88.343 E0.0804
G0 F7200 X70.232 Y87.768
G1 F1800 X72.541 Y90.077 E0.08146
G0 F7200 X72.544 Y89.515
G1 F1800 X70.28 Y87.251 E0.07987
G0 F7200 X70.359 Y86.764
G1 F1800 X72.544 Y88.949 E0.07708
G0 F7200 X72.546 Y88.386
G1 F1800 X70.457 Y86.296 E0.07371
G0 F7200 X71.025 Y86.299
G1 F1800 X72.553 Y87.826 E0.05389
G0 F7200 X72.572 Y87.28
G1 F1800 X71.595 Y86.302 E0.03448
G0 F7200 X72.164 Y86.306
G1 F1800 X72.609 Y86.751 E0.0157
G1 F4200 E-3.5
G0 F7200 X73.084 Y86.78
G0 X73.317 Y87.589
G0 X74.4 Y87.632
G0 X84.867 Y89.343
G0 X86.787 Y90.929
;TYPE:WALL-INNER
G1 F4200 E3.5
G1 F3600 X88.255 Y91.913 E0.04408
G1 X88.581 Y91.967 E0.00824
G1 X91.356 Y91.924 E0.06923
G1 X92.686 Y89.985 E0.05865
G1 X91.364 Y88.034 E0.05879
G1 X88.535 Y87.974 E0.07059
G1 X88.269 Y88.025 E0.00676
G1 X86.723 Y89.003 E0.04563
G1 X85.962 Y89.99 E0.03109
G1 X86.787 Y90.929 E0.03118
G0 F7200 X86.521 Y91.232
;TYPE:WALL-OUTER
G1 F1800 X88.104 Y92.293 E0.04754
G1 X88.551 Y92.367 E0.0113
G1 X91.569 Y92.321 E0.07529
G1 X93.17 Y89.987 E0.0706
G1 X91.58 Y87.638 E0.07076
G1 X88.501 Y87.573 E0.07682
G1 X88.119 Y87.646 E0.0097
G1 X86.449 Y88.703 E0.0493
G1 X85.444 Y90.007 E0.04107
G1 X86.521 Y91.232 E0.04069
G0 F7200 X86.687 Y91.343
G0 X87.042 Y90.644
;TYPE:SKIN
G1 F1800 X86.451 Y89.971 E0.02234
G1 X86.981 Y89.287 E0.02159
G1 X88.411 Y88.382 E0.04221
G1 X88.561 Y88.353 E0.00381
G1 X91.16 Y88.41 E0.06485
G1 X92.226 Y89.983 E0.0474
G1 X91.153 Y91.545 E0.04727
G1 X88.602 Y91.583 E0.06364
G1 X88.395 Y91.552 E0.00522
G1 X87.042 Y90.644 E0.04065
G0 F7200 X86.895 Y89.723
G1 F1800 X88.555 Y91.384 E0.05858
G0 F7200 X89.113 Y91.376
G1 F1800 X87.153 Y89.416 E0.06914
G0 F7200 X87.5 Y89.197
G1 F1800 X89.67 Y91.367 E0.07655
G0 F7200 X90.228 Y91.359
G1 F1800 X87.846 Y88.977 E0.08403
G0 F7200 X88.192 Y88.758
G1 F1800 X90.785 Y91.35 E0.09146
G0 F7200 X91.169 Y91.169
G1 F1800 X88.555 Y88.555 E0.09222
G0 F7200 X89.132 Y88.567
G1 F1800 X91.4 Y90.834 E0.07999
G0 F7200 X91.63 Y90.498
G1 F1800 X89.711 Y88.579 E0.0677
G0 F7200 X90.289 Y88.592
G1 F1800 X91.86 Y90.163 E0.05542
G1 X91.93 Y90.233
G0 F7200 X92.245 Y90.45
G0 X91.83 Y88.9
G0 X91.432 Y89.17
G1 F1800 X90.867 Y88.605 E0.01993
G1 F4200 E-3.5
G0 F7200 X91.226 Y88.132
G0 X92.909 Y89.986
G0 X93.805 Y89.38
G0 X105.295 Y86.979
G0 X106.347 Y86.724
G0 X106.511 Y85.906
G0 X109.679 Y85.873
G0 X110.073 Y87.278
G0 X109.937 Y87.309
;TYPE:FILL
G1 F4200 E3.5
G1 F3600 X112.296 Y89.669 E0.08324
G0 F7200 X112.3 Y90.327
G1 F3600 X110 Y92.627 E0.08114
G1 X109.93 Y92.697
G0 F7200 X110.128 Y92.722
G0 X109.886 Y94.061
G0 X106.779 Y94.035
G0 X106.843 Y93.139
G0 X107.261 Y89.861
G0 X107.173 Y89.969
;TYPE:WALL-INNER
G1 F3600 X107.085 Y90.674 E0.01772
G1 X106.732 Y92.432 E0.04473
G1 X106.59 Y94.221 E0.04477
G1 X107.278 Y94.212 E0.01716
G1 X112.501 Y94.251 E0.13029
G1 X112.456 Y89.96 E0.10705
G1 X112.456 Y85.691 E0.10649
G1 X110.004 Y85.7 E0.06117
G1 X107.077 Y85.732 E0.07302
G1 X106.27 Y85.729 E0.02013
G1 X106.427 Y86.3 E0.01477
G1 X106.712 Y87.462 E0.02985
G1 X107.088 Y89.282 E0.04636
G1 X107.173 Y89.969 E0.01727
G0 F7200 X106.767 Y89.993
;TYPE:WALL-OUTER
G1 F1800 X106.689 Y90.616 E0.01566
G1 X106.335 Y92.376 E0.04478
G1 X106.224 Y93.761 E0.03466
G1 X106.189 Y94.628 E0.02165
G1 X107.272 Y94.612 E0.02702
G1 X112.905 Y94.654 E0.14052
G1 X112.856 Y89.96 E0.1171
G1 X112.856 Y85.289 E0.11652
G1 X110 Y85.3 E0.07124
G1 X107.079 Y85.332 E0.07287
G1 X105.744 Y85.326 E0.0333
G1 X106.039 Y86.396 E0.02769
G1 X106.32 Y87.543 E0.02946
G1 X106.691 Y89.331 E0.04555
G1 X106.767 Y89.993 E0.01662
G0 F7200 X106.743 Y90.191
G0 X107.553 Y89.939
;TYPE:SKIN
G1 F1800 X107.451 Y89.165 E0.01947
G1 X107.08 Y87.379 E0.0455
G1 X106.771 Y86.11 E0.03258
G1 X109.508 Y86.082 E0.06828
G1 X109.672 Y86.82 E0.01886
G1 X109.838 Y87.501 E0.01749
G1 X110.02 Y89.594 E0.05241
G1 X110.088 Y89.977 E0.0097
G1 X110.025 Y90.339 E0.00917
G1 X109.884 Y92.404 E0.05163
G1 X109.7 Y93.85 E0.03636
G1 X107.001 Y93.825 E0.06733
G1 X107.107 Y92.48 E0.03366
G1 X107.457 Y90.736 E0.04437
G1 X107.553 Y89.939 E0.02002
G0 F7200 X107.271 Y89.942
G0 X106.782 Y93.078
G0 X107.257 Y93.115
G1 F1800 X107.774 Y93.632 E0.01824
G0 F7200 X108.344 Y93.636
G1 F1800 X107.299 Y92.591 E0.03687
G0 F7200 X107.385 Y92.111
G1 F1800 X108.916 Y93.642 E0.05401
G0 F7200 X109.486 Y93.647
G1 F1800 X107.479 Y91.64 E0.0708
G0 F7200 X107.573 Y91.168
G1 F1800 X109.584 Y93.179 E0.07094
G0 F7200 X109.648 Y92.678
G1 F1800 X107.663 Y90.693 E0.07003
G0 F7200 X107.723 Y90.187
G1 F1800 X109.701 Y92.164 E0.06976
G0 F7200 X109.737 Y91.635
G1 F1800 X107.709 Y89.607 E0.07154
G0 F7200 X107.608 Y88.94
G1 F1800 X109.772 Y91.104 E0.07634
G0 F7200 X109.808 Y90.575
G1 F1800 X107.46 Y88.226 E0.08285
G0 F7200 X107.312 Y87.513
G1 F1800 X109.87 Y90.071 E0.09024
G0 F7200 X109.807 Y89.442
G1 F1800 X107.138 Y86.773 E0.09416
G0 F7200 X107.241 Y86.31
G1 F1800 X109.752 Y88.822 E0.0886
G0 F7200 X109.698 Y88.202
G1 F1800 X107.799 Y86.303 E0.06699
G0 F7200 X108.358 Y86.297
G1 F1800 X109.644 Y87.582 E0.04535
G0 F7200 X109.472 Y86.845
G1 F1800 X108.917 Y86.29 E0.01958
G0 F7200 X110.092 Y86.301
G1 F4200 E-3.5
;MESH:NONMESH
G0 F600 X110.092 Y86.301 Z21.05
G0 F7200 X106.511 Y85.906
G0 X105.211 Y86.635
G0 X74.465 Y86.595
G0 X73.389 Y86.45
G0 X70.09 Y85.886
G0 X69.424 Y87.949
;TIME_ELAPSED:1773.015338
;LAYER:139
;TYPE:FILL
;MESH:pi 3mm_deformed_tet.stl
G1 F4200 E3.5
G1 F3600 X67.645 Y89.727 E0.06274
G0 F7200 X67.646 Y90.273
G1 F3600 X69.439 Y92.067 E0.06327
G1 X69.509 Y92.137
G0 F7200 X69.299 Y92.135
G0 X69.564 Y93.353
G0 X72.43 Y92.651
;TYPE:WALL-INNER
G1 F3600 X72.406 Y92.425 E0.00567
G1 X72.436 Y92.059 E0.00916
G1 X72.516 Y89.996 E0.0515
G1 X72.516 Y87.231 E0.06897
G1 X72.836 Y85.74 E0.03804
G1 X67.449 Y85.697 E0.13438
G1 X67.452 Y87.571 E0.04675
G1 X67.489 Y89.978 E0.06005
G1 X67.468 Y92.416 E0.06082
G1 X67.477 Y94.261 E0.04602
G1 X72.913 Y94.242 E0.1356
G1 X72.43 Y92.651 E0.04148
G0 F7200 X72.812 Y92.535
;TYPE:WALL-OUTER
G1 F1800 X72.916 Y90.004 E0.06319
G1 X72.92 Y87.254 E0.0686
G1 X73.332 Y85.338 E0.04889
G1 X72.642 Y85.341 E0.01721
G1 X67.049 Y85.294 E0.13952
G1 X67.052 Y87.577 E0.05695
G1 X67.089 Y89.974 E0.0598
G1 X67.068 Y92.418 E0.06097
G1 X67.079 Y94.663 E0.056
G1 X72.785 Y94.64 E0.14234
G1 X73.456 Y94.654 E0.01674
G1 X72.812 Y92.535 E0.05525
G0 F7200 X72.82 Y92.336
G0 X72.064 Y92.763
;TYPE:SKIN
G1 F1800 X72.398 Y93.861 E0.02863
G1 X69.926 Y93.871 E0.06166
G1 X69.577 Y92.413 E0.0374
G1 X69.597 Y89.958 E0.06124
G1 X69.557 Y87.551 E0.06005
G1 X69.794 Y86.094 E0.03682
G1 X72.365 Y86.118 E0.06414
G1 X72.14 Y87.166 E0.02674
G1 X72.136 Y89.984 E0.0703
G1 X72.056 Y92.031 E0.0511
G1 X72.024 Y92.394 E0.00909
G1 X72.064 Y92.763 E0.00926
G0 F7200 X71.986 Y93.194
G1 F1800 X71.515 Y93.665 E0.01662
G0 F7200 X70.948 Y93.667
G1 F1800 X71.864 Y92.75 E0.03233
G0 F7200 X71.842 Y92.207
G1 F1800 X70.379 Y93.67 E0.05161
G0 F7200 X70.032 Y93.451
G1 F1800 X71.871 Y91.612 E0.06488
G0 F7200 X71.894 Y91.023
G1 F1800 X69.922 Y92.995 E0.06957
G0 F7200 X69.813 Y92.539
G1 F1800 X71.918 Y90.434 E0.07426
G0 F7200 X71.936 Y89.85
G1 F1800 X69.78 Y92.006 E0.07606
G0 F7200 X69.785 Y91.435
G1 F1800 X71.936 Y89.284 E0.07588
G0 F7200 X71.936 Y88.719
G1 F1800 X69.79 Y90.865 E0.07571
G0 F7200 X69.795 Y90.294
G1 F1800 X71.936 Y88.153 E0.07553
G0 F7200 X71.936 Y87.587
G1 F1800 X69.794 Y89.73 E0.07558
G0 F7200 X69.784 Y89.173
G1 F1800 X71.974 Y86.983 E0.07726
G0 F7200 X72.076 Y86.316
G1 F1800 X69.775 Y88.617 E0.08117
G0 F7200 X69.765 Y88.061
G1 F1800 X71.516 Y86.31 E0.06177
G0 F7200 X70.955 Y86.305
G1 F1800 X69.77 Y87.491 E0.04182
G0 F7200 X69.88 Y86.815
G1 F1800 X70.395 Y86.3 E0.01817
G0 F7200 X69.204 Y86.314
G1 F4200 E-3.5
G0 F7200 X72.619 Y85.916
G0 X72.699 Y87.253
G0 X73.782 Y87.368
G0 X85.993 Y89.341
G0 X89.598 Y91.099
;TYPE:WALL-INNER
G1 F4200 E3.5
G1 F3600 X91.317 Y91.072 E0.04289
G1 X92.061 Y89.989 E0.03278
G1 X91.321 Y88.894 E0.03297
G1 X89.565 Y88.858 E0.04381
G1 X88.175 Y89.113 E0.03525
G1 X87.368 Y89.622 E0.0238
G1 X87.087 Y89.989 E0.01153
G1 X87.4 Y90.345 E0.01182
G1 X88.167 Y90.861 E0.02306
G1 X89.598 Y91.099 E0.03619
G0 F7200 X89.568 Y91.499
;TYPE:WALL-OUTER
G1 F1800 X91.529 Y91.469 E0.04892
G1 X92.545 Y89.991 E0.04474
G1 X91.536 Y88.498 E0.04495
G1 X89.533 Y88.457 E0.04998
G1 X88.027 Y88.734 E0.0382
G1 X87.094 Y89.322 E0.02751
G1 X86.571 Y90.007 E0.0215
G1 X87.134 Y90.648 E0.02128
G1 X88.016 Y91.241 E0.02651
G1 X89.568 Y91.499 E0.03925
G0 F7200 X89.768 Y91.496
G0 X89.619 Y90.715
;TYPE:SKIN
G1 F1800 X88.308 Y90.501 E0.03314
G1 X87.658 Y90.06 E0.01959
G1 X87.578 Y89.97 E0.003
G1 X87.627 Y89.906 E0.00201
G1 X88.314 Y89.471 E0.02028
G1 X89.593 Y89.237 E0.03243
G1 X91.116 Y89.27 E0.038
G1 X91.601 Y89.986 E0.02157
G1 X91.114 Y90.693 E0.02142
G1 X89.619 Y90.715 E0.0373
G0 F7200 X90.517 Y90.503
G1 F1800 X91.227 Y89.792 E0.02506
G0 F7200 X90.986 Y89.467
G1 F1800 X89.943 Y90.511 E0.03681
G0 F7200 X89.409 Y90.479
G1 F1800 X90.433 Y89.455 E0.03612
G0 F7200 X89.879 Y89.443
G1 F1800 X88.923 Y90.399 E0.03373
G0 F7200 X88.436 Y90.32
G1 F1800 X89.255 Y89.502 E0.02887
G0 F7200 X88.562 Y89.629
G1 F1800 X88.083 Y90.108 E0.0169
G1 F4200 E-3.5
G0 F7200 X87.817 Y90.503
G0 X89.611 Y90.938
G0 X91.228 Y90.909
G0 X92.283 Y89.99
G0 X93.178 Y89.384
G0 X106.029 Y87.563
G0 X107.084 Y87.315
G0 X107.066 Y85.912
G0 X110.184 Y85.873
G0 X110.643 Y87.865
G0 X110.502 Y87.875
;TYPE:FILL
G1 F4200 E3.5
G1 F3600 X112.252 Y89.625 E0.06174
G0 F7200 X112.256 Y90.371
G1 F3600 X110.545 Y92.082 E0.06036
G1 X110.475 Y92.152
G0 F7200 X110.678 Y92.165
G0 X110.384 Y94.059
G0 X107.373 Y94.036
G0 X107.797 Y89.39
G0 X107.793 Y90.065
;TYPE:WALL-INNER
G1 F3600 X107.324 Y92.427 E0.06007
G1 X107.185 Y94.208 E0.04456
G1 X112.461 Y94.243 E0.13161
G1 X112.412 Y89.959 E0.10687
G1 X112.415 Y85.695 E0.10637
G1 X109.928 Y85.705 E0.06204
G1 X106.835 Y85.736 E0.07716
G1 X107.255 Y87.251 E0.03922
G1 X107.788 Y89.847 E0.06611
G1 X107.793 Y90.065 E0.00544
G0 F7200 X107.405 Y89.969
;TYPE:WALL-OUTER
G1 F1800 X106.927 Y92.372 E0.06112
G1 X106.753 Y94.605 E0.05587
G1 X112.865 Y94.646 E0.15247
G1 X112.812 Y89.959 E0.11693
G1 X112.815 Y85.293 E0.11639
G1 X109.924 Y85.305 E0.07212
G1 X107.043 Y85.336 E0.07187
G1 X106.308 Y85.334 E0.01833
G1 X106.872 Y87.371 E0.05272
G1 X107.405 Y89.969 E0.06616
G0 F7200 X107.366 Y90.165
G0 X108.168 Y90.106
;TYPE:SKIN
G1 F1800 X108.164 Y89.791 E0.00786
G1 X107.632 Y87.207 E0.06581
G1 X107.33 Y86.11 E0.02838
G1 X110.016 Y86.082 E0.06701
G1 X110.329 Y87.491 E0.036
G1 X110.539 Y89.982 E0.06236
G1 X110.38 Y92.404 E0.06055
G1 X110.195 Y93.846 E0.03627
G1 X107.597 Y93.829 E0.06481
G1 X107.703 Y92.472 E0.03395
G1 X108.168 Y90.106 E0.06015
G0 F7200 X107.797 Y89.39
G0 X107.159 Y86.536
G0 X107.62 Y86.41
G1 F1800 X107.725 Y86.305 E0.0037
G0 F7200 X107.743 Y86.853
G1 F1800 X108.296 Y86.3 E0.01951
G0 F7200 X108.868 Y86.293
G1 F1800 X107.856 Y87.305 E0.0357
G0 F7200 X107.953 Y87.775
G1 F1800 X109.44 Y86.288 E0.05246
G0 F7200 X109.884 Y86.409
G1 F1800 X108.049 Y88.243 E0.06472
G0 F7200 X108.146 Y88.713
G1 F1800 X109.986 Y86.872 E0.06493
G0 F7200 X110.089 Y87.335
G1 F1800 X108.242 Y89.182 E0.06516
G0 F7200 X108.338 Y89.652
G1 F1800 X110.156 Y87.834 E0.06413
G0 F7200 X110.2 Y88.355
G1 F1800 X108.352 Y90.203 E0.06519
G0 F7200 X108.214 Y90.908
G1 F1800 X110.244 Y88.877 E0.07163
G0 F7200 X110.288 Y89.399
G1 F1800 X108.076 Y91.611 E0.07803
G0 F7200 X107.937 Y92.316
G1 F1800 X110.332 Y89.921 E0.08449
G0 F7200 X110.303 Y90.515
G1 F1800 X107.866 Y92.952 E0.08597
G0 F7200 X107.819 Y93.565
G1 F1800 X110.263 Y91.121 E0.08622
G0 F7200 X110.224 Y91.726
G1 F1800 X108.316 Y93.634 E0.06731
G0 F7200 X108.877 Y93.638
G1 F1800 X110.184 Y92.331 E0.04611
G0 F7200 X110.105 Y92.976
G1 F1800 X109.44 Y93.641 E0.02346
G1 X109.37 Y93.711
G1 F4200 E-3.5
;MESH:NONMESH
G0 F600 X109.37 Y93.711 Z21.2
G0 F7200 X110.463 Y93.987
G0 X107.373 Y94.036
G0 X107.147 Y92.401
G0 X106.066 Y92.316
G0 X89.509 Y92.367
G0 X73.78 Y90.036
G0 X72.697 Y89.997
G0 X72.619 Y85.916
G0 X69.616 Y85.886
G0 X68.957 Y88.415
;TIME_ELAPSED:1788.731108
;LAYER:140
;TYPE:FILL
;MESH:pi 3mm_deformed_tet.stl
G1 F4200 E3.5
G1 F3600 X67.688 Y89.684 E0.04477
G0 F7200 X67.689 Y90.317
G1 F3600 X68.953 Y91.58 E0.04457
G1 X69.023 Y91.65
G0 F7200 X68.812 Y91.649
G0 X68.588 Y92.872
G0 X69.281 Y94.08
G0 X72.128 Y94.061
G0 X71.786 Y92.246
G0 X71.881 Y92.433
;TYPE:WALL-INNER
G1 F3600 X71.976 Y89.996 E0.06084
G1 X71.943 Y87.561 E0.06075
G1 X72.101 Y86.752 E0.02056
G1 X72.321 Y85.743 E0.02576
G1 X67.496 Y85.705 E0.12036
G1 X67.493 Y87.58 E0.04677
G1 X67.532 Y89.973 E0.0597
G1 X67.508 Y93.112 E0.0783
G1 X67.516 Y94.257 E0.02856
G1 X72.382 Y94.236 E0.12138
G1 X72.175 Y93.55 E0.01787
G1 X71.881 Y92.433 E0.02881
G0 F7200 X72.283 Y92.393
;TYPE:WALL-OUTER
G1 F1800 X72.376 Y90.001 E0.05971
G1 X72.347 Y87.577 E0.06047
G1 X72.492 Y86.837 E0.01881
G1 X72.816 Y85.347 E0.03804
G1 X67.091 Y85.302 E0.14282
G1 X67.093 Y87.586 E0.05697
G1 X67.132 Y89.97 E0.05948
G1 X67.108 Y93.114 E0.07843
G1 X67.119 Y94.659 E0.03854
G1 X72.919 Y94.633 E0.14468
G1 X72.562 Y93.448 E0.03087
G1 X72.283 Y92.393 E0.02722
G0 F7200 X72.29 Y92.194
G0 X71.534 Y92.619
;TYPE:SKIN
G1 F1800 X71.86 Y93.857 E0.03193
G1 X69.443 Y93.867 E0.06029
G1 X69.158 Y92.765 E0.02839
G1 X69.089 Y92.003 E0.01909
G1 X69.105 Y89.97 E0.05071
G1 X69.116 Y89.571 E0.00996
G1 X69.081 Y87.547 E0.0505
G1 X69.318 Y86.098 E0.03663
G1 X71.848 Y86.118 E0.06311
G1 X71.563 Y87.496 E0.0351
G1 X71.596 Y89.985 E0.06209
G1 X71.504 Y92.359 E0.05926
G1 X71.534 Y92.619 E0.00653
G0 F7200 X71.786 Y92.246
G0 X72.128 Y94.061
G0 X69.281 Y94.08
G0 X69.906 Y93.665
G1 F1800 X69.49 Y93.248 E0.01469
G0 F7200 X69.337 Y92.531
G1 F1800 X70.47 Y93.663 E0.03995
G0 F7200 X71.033 Y93.661
G1 F1800 X69.289 Y91.916 E0.06154
G0 F7200 X69.294 Y91.355
G1 F1800 X71.597 Y93.658 E0.08124
G0 F7200 X71.401 Y92.897
G1 F1800 X69.298 Y90.794 E0.07419
G0 F7200 X69.303 Y90.233
G1 F1800 X71.31 Y92.241 E0.07082
G0 F7200 X71.331 Y91.695
G1 F1800 X69.313 Y89.677 E0.07119
G0 F7200 X69.307 Y89.106
G1 F1800 X71.351 Y91.15 E0.07211
G0 F7200 X71.373 Y90.606
G1 F1800 X69.297 Y88.53 E0.07324
G0 F7200 X69.287 Y87.955
G1 F1800 X71.393 Y90.061 E0.07429
G0 F7200 X71.39 Y89.492
G1 F1800 X69.306 Y87.408 E0.07352
G0 F7200 X69.386 Y86.922
G1 F1800 X71.382 Y88.919 E0.07043
G0 F7200 X71.375 Y88.346
G1 F1800 X69.465 Y86.436 E0.06738
G0 F7200 X69.898 Y86.302
G1 F1800 X71.368 Y87.773 E0.05188
G0 F7200 X71.411 Y87.25
G1 F1800 X70.468 Y86.307 E0.03327
G0 F7200 X71.038 Y86.312
G1 F1800 X71.506 Y86.78 E0.01651
G1 F4200 E-3.5
G0 F7200 X71.975 Y86.873
G0 X72.436 Y86.072
G0 X73.497 Y86.299
G0 X87.491 Y89.084
G0 X88.077 Y90.007
G0 X90.64 Y89.995
G0 X90.615 Y90.209
;TYPE:WALL-INNER
G1 F4200 E3.5
G1 F3272.7 X91.267 Y90.203 E0.01789
G1 F3310.3 X91.412 Y89.991 E0.00697
G1 X91.264 Y89.773 E0.00715
G1 F3272.7 X90.602 Y89.764 E0.01817
G1 F3236 X89.338 Y89.995 E0.03566
G1 X90.615 Y90.209 E0.03593
G0 F7200 X90.583 Y90.631
;TYPE:WALL-OUTER
G1 F1800 X91.489 Y90.617 E0.0226
G1 X91.917 Y89.991 E0.01892
G1 X91.488 Y89.362 E0.01899
G1 X90.568 Y89.341 E0.02296
G1 X87.931 Y89.826 E0.06688
G1 X87.694 Y90.005 E0.00741
G1 X87.931 Y90.189 E0.00748
G1 X90.583 Y90.631 E0.06707
G0 F7200 X90.783 Y90.628
G1 F4200 E-3.5
G0 F7200 X90.772 Y89.998
G0 X91.657 Y89.993
G0 X92.548 Y90.604
G0 X106.615 Y92.165
G0 X107.685 Y92.342
G0 X107.956 Y94.037
G0 X110.877 Y94.059
G0 X111.196 Y91.577
G0 X111.059 Y91.568
;TYPE:FILL
G1 F4200 E3.5
G1 F3600 X112.217 Y90.41 E0.04085
G1 X112.287 Y90.34
G0 F7200 X112.213 Y89.585
G1 F3600 X111.021 Y88.394 E0.04203
G1 X110.951 Y88.324
G0 F7200 X111.156 Y88.309
G0 X110.681 Y85.884
G0 X107.646 Y85.91
G0 X108.261 Y89.968
;TYPE:WALL-INNER
G1 F3600 X107.862 Y92.352 E0.0603
G1 X107.776 Y94.209 E0.04637
G1 X112.421 Y94.24 E0.11587
G1 X112.372 Y89.963 E0.1067
G1 X112.375 Y85.704 E0.10624
G1 X107.399 Y85.735 E0.12413
G1 X107.599 Y86.462 E0.01881
G1 X107.839 Y87.445 E0.02524
G1 X107.872 Y87.72 E0.00691
G1 X108.261 Y89.968 E0.05691
G0 F7200 X107.856 Y89.971
;TYPE:WALL-OUTER
G1 F1800 X107.464 Y92.31 E0.05916
G1 X107.357 Y94.605 E0.05731
G1 X112.825 Y94.642 E0.1364
G1 X112.772 Y89.963 E0.11673
G1 X112.775 Y85.302 E0.11627
G1 X106.875 Y85.339 E0.14718
G1 X107.211 Y86.556 E0.03149
G1 X107.456 Y87.569 E0.026
G1 X107.475 Y87.773 E0.00511
G1 X107.856 Y89.971 E0.05565
G0 F7200 X107.823 Y90.168
G0 X108.643 Y89.966
;TYPE:SKIN
G1 F1800 X108.252 Y87.705 E0.05724
G1 X108.211 Y87.368 E0.00847
G1 X107.907 Y86.111 E0.03226
G1 X110.51 Y86.094 E0.06493
G1 X110.805 Y87.498 E0.03579
G1 X111.015 Y89.987 E0.06231
G1 X110.852 Y92.569 E0.06454
G1 X110.691 Y93.846 E0.03211
G1 X108.174 Y93.829 E0.06279
G1 X108.24 Y92.386 E0.03603
G1 X108.643 Y89.966 E0.0612
G0 F7200 X108.364 Y89.967
G0 X107.928 Y93.11
G0 X108.406 Y93.132
G1 F1800 X108.907 Y93.634 E0.01769
G0 F7200 X109.476 Y93.637
G1 F1800 X108.431 Y92.591 E0.03688
G0 F7200 X108.492 Y92.087
G1 F1800 X110.046 Y93.641 E0.05482
G0 F7200 X110.526 Y93.556
G1 F1800 X108.573 Y91.602 E0.06891
G0 F7200 X108.653 Y91.116
G1 F1800 X110.59 Y93.054 E0.06835
G0 F7200 X110.653 Y92.551
G1 F1800 X108.733 Y90.631 E0.06773
G0 F7200 X108.814 Y90.146
G1 F1800 X110.687 Y92.019 E0.06608
G0 F7200 X110.72 Y91.487
G1 F1800 X108.771 Y89.538 E0.06876
G0 F7200 X108.653 Y88.854
G1 F1800 X110.753 Y90.954 E0.07408
G0 F7200 X110.787 Y90.422
G1 F1800 X108.535 Y88.171 E0.07943
G0 F7200 X108.428 Y87.497
G1 F1800 X110.804 Y89.874 E0.08384
G0 F7200 X110.752 Y89.256
G1 F1800 X108.274 Y86.778 E0.08742
G0 F7200 X108.37 Y86.308
G1 F1800 X110.7 Y88.639 E0.08221
G0 F7200 X110.648 Y88.021
G1 F1800 X108.932 Y86.305 E0.06054
G0 F7200 X109.494 Y86.301
G1 F1800 X110.577 Y87.384 E0.03821
G0 F7200 X110.427 Y86.668
G1 F1800 X110.056 Y86.297 E0.01309
G1 F4200 E-3.5
;MESH:NONMESH
G0 F600 X110.056 Y86.297 Z21.35
G0 F7200 X110.765 Y85.951
G0 X107.152 Y85.547
G0 X106.115 Y85.832
G0 X73.24 Y89.981
G0 X71.431 Y92.463
;TIME_ELAPSED:1802.660183
;LAYER:141
;TYPE:WALL-INNER
;MESH:pi 3mm_deformed_tet.stl
G1 F4200 E3.5
G1 F3600 X71.436 Y91.724 E0.01843
G1 X71.504 Y89.988 E0.04334
G1 X71.471 Y87.571 E0.0603
G1 X71.564 Y86.987 E0.01475
G1 X71.817 Y85.747 E0.03157
G1 X67.535 Y85.71 E0.10682
G1 X67.533 Y87.581 E0.04667
G1 X67.572 Y89.973 E0.05968
G1 X67.548 Y93.254 E0.08185
G1 X67.556 Y94.25 E0.02485
G1 X71.898 Y94.234 E0.10831
G1 X71.431 Y92.463 E0.04569
G0 F7200 X71.838 Y92.435
;TYPE:WALL-OUTER
G1 F1800 X71.836 Y91.74 E0.01734
G1 X71.904 Y89.993 E0.04361
G1 X71.874 Y87.584 E0.0601
G1 X71.956 Y87.067 E0.01306
G1 X72.307 Y85.351 E0.04369
G1 X67.131 Y85.306 E0.12912
G1 X67.133 Y87.587 E0.0569
G1 X67.172 Y89.97 E0.05945
G1 X67.148 Y93.257 E0.082
G1 X67.159 Y94.654 E0.03485
G1 X72.416 Y94.632 E0.13114
G1 X71.838 Y92.435 E0.05667
G0 F7200 X71.838 Y92.235
G0 X71.049 Y92.512
;TYPE:SKIN
G1 F1800 X71.4 Y93.852 E0.03455
G1 X68.927 Y93.863 E0.06169
G1 X68.745 Y93.16 E0.01811
G1 X68.636 Y92.405 E0.01903
G1 X68.596 Y91.544 E0.0215
G1 X68.608 Y89.97 E0.03926
G1 X68.636 Y89.172 E0.01992
G1 X68.609 Y87.547 E0.04054
G1 X68.842 Y86.098 E0.03661
G1 X71.351 Y86.122 E0.06259
G1 X71.184 Y86.948 E0.02102
G1 X71.09 Y87.524 E0.01456
G1 X71.124 Y89.977 E0.0612
G1 X71.056 Y91.712 E0.04331
G1 X71.049 Y92.512 E0.01996
G0 F7200 X71.331 Y92.475
G0 X71.571 Y93.389
G0 X71.103 Y93.511
G1 F1800 X70.96 Y93.654 E0.00504
G0 F7200 X70.392 Y93.656
G1 F1800 X70.986 Y93.062 E0.02095
G0 F7200 X70.87 Y92.613
G1 F1800 X69.824 Y93.659 E0.0369
G0 F7200 X69.256 Y93.661
G1 F1800 X70.853 Y92.065 E0.05632
G0 F7200 X70.864 Y91.488
G1 F1800 X69.001 Y93.351 E0.06572
G0 F7200 X68.907 Y92.879
G1 F1800 X70.887 Y90.899 E0.06985
G0 F7200 X70.91 Y90.31
G1 F1800 X68.836 Y92.384 E0.07317
G0 F7200 X68.811 Y91.843
G1 F1800 X70.921 Y89.734 E0.07442
G0 F7200 X70.914 Y89.175
G1 F1800 X68.799 Y91.29 E0.07461
G0 F7200 X68.803 Y90.72
G1 F1800 X70.907 Y88.616 E0.07422
G0 F7200 X70.9 Y88.057
G1 F1800 X68.807 Y90.15 E0.07384
G0 F7200 X68.822 Y89.57
G1 F1800 X70.893 Y87.499 E0.07306
G0 F7200 X71.005 Y86.821
G1 F1800 X68.833 Y88.994 E0.07664
G0 F7200 X68.823 Y88.437
G1 F1800 X70.943 Y86.318 E0.07477
G0 F7200 X70.383 Y86.312
G1 F1800 X68.814 Y87.881 E0.05535
G0 F7200 X68.855 Y87.274
G1 F1800 X69.822 Y86.307 E0.03411
G0 F7200 X69.262 Y86.302
G1 F1800 X68.964 Y86.599 E0.0105
G0 F7200 X68.197 Y86.473
G1 F4200 E-3.5
G0 F7200 X72.049 Y85.561
G0 X73.105 Y85.776
G0 X107.147 Y88.311
G0 X108.225 Y88.215
G0 X108.14 Y85.91
G0 X111.159 Y85.885
G0 X111.437 Y87.176
G0 X111.754 Y89.75
G0 X108.713 Y89.967
;TYPE:WALL-INNER
G1 F4200 E3.5
G1 F3600 X108.421 Y91.73 E0.04458
G1 X108.372 Y92.427 E0.01743
G1 X108.303 Y92.98 E0.0139
G1 X108.243 Y94.204 E0.03057
G1 X112.38 Y94.235 E0.1032
G1 X112.328 Y89.967 E0.10647
G1 X112.334 Y85.708 E0.10624
G1 X107.918 Y85.736 E0.11016
G1 X108.332 Y87.446 E0.04389
G1 X108.404 Y88.194 E0.01875
G1 X108.713 Y89.967 E0.04489
G0 F7200 X108.308 Y89.97
;TYPE:WALL-OUTER
G1 F1800 X108.023 Y91.684 E0.04334
G1 X107.975 Y92.377 E0.01733
G1 X107.904 Y92.946 E0.0143
G1 X107.823 Y94.601 E0.04133
G1 X112.785 Y94.638 E0.12378
G1 X112.728 Y89.967 E0.11653
G1 X112.735 Y85.306 E0.11627
G1 X107.41 Y85.339 E0.13284
G1 X107.948 Y87.57 E0.05725
G1 X108.007 Y88.246 E0.01693
G1 X108.308 Y89.97 E0.04366
G0 F7200 X108.276 Y90.167
G0 X109.092 Y89.951
;TYPE:SKIN
G1 F1800 X108.783 Y88.145 E0.04571
G1 X108.716 Y87.429 E0.01794
G1 X108.398 Y86.111 E0.03382
G1 X110.985 Y86.097 E0.06453
G1 X111.281 Y87.502 E0.03582
G1 X111.491 Y89.99 E0.06228
G1 X111.392 Y91.502 E0.0378
G1 X111.344 Y92.416 E0.02283
G1 X111.183 Y93.846 E0.0359
G1 X108.639 Y93.825 E0.06346
G1 X108.68 Y93.014 E0.02026
G1 X108.751 Y92.433 E0.0146
G1 X108.799 Y91.772 E0.01653
G1 X109.092 Y89.951 E0.04601
G0 F7200 X111.753 Y90.261
G0 X111.858 Y87.426
G0 X111.159 Y85.885
G0 X108.14 Y85.91
G0 X108.691 Y86.471
G1 F1800 X108.853 Y86.309 E0.00571
G0 F7200 X109.422 Y86.305
G1 F1800 X108.8 Y86.927 E0.02194
G0 F7200 X108.909 Y87.384
G1 F1800 X109.99 Y86.302 E0.03815
G0 F7200 X110.559 Y86.3
G1 F1800 X108.961 Y87.898 E0.05637
G0 F7200 X109.029 Y88.395
G1 F1800 X110.876 Y86.548 E0.06516
G0 F7200 X110.974 Y87.016
G1 F1800 X109.112 Y88.878 E0.06569
G0 F7200 X109.194 Y89.361
G1 F1800 X111.072 Y87.483 E0.06625
G0 F7200 X111.122 Y87.999
G1 F1800 X109.276 Y89.845 E0.06512
G0 F7200 X109.215 Y90.472
G1 F1800 X111.166 Y88.521 E0.06883
G0 F7200 X111.21 Y89.043
G1 F1800 X109.104 Y91.148 E0.07428
G0 F7200 X108.997 Y91.821
G1 F1800 X111.254 Y89.564 E0.07962
G0 F7200 X111.282 Y90.102
G1 F1800 X108.952 Y92.432 E0.0822
G0 F7200 X108.878 Y93.072
G1 F1800 X111.243 Y90.707 E0.08343
G0 F7200 X111.203 Y91.312
G1 F1800 X108.889 Y93.627 E0.08165
G0 F7200 X109.45 Y93.631
G1 F1800 X111.169 Y91.912 E0.06064
G0 F7200 X111.13 Y92.516
G1 F1800 X110.011 Y93.636 E0.03949
G0 F7200 X110.572 Y93.64
G1 F1800 X111.06 Y93.153 E0.0172
G0 F7200 X111.771 Y93.236
G1 F4200 E-3.5
;MESH:NONMESH
G0 F600 X111.771 Y93.236 Z21.5
G0 F7200 X111.369 Y94.057
G0 X108.06 Y94.232
G0 X106.978 Y94.181
G0 X73.184 Y94.149
G0 X70.973 Y92.457
;TIME_ELAPSED:1814.674497
;LAYER:142
;TYPE:WALL-INNER
;MESH:pi 3mm_deformed_tet.stl
G1 F4200 E3.5
G1 F3600 X70.98 Y91.288 E0.02916
G1 X71.032 Y89.984 E0.03255
G1 X70.997 Y87.567 E0.0603
G1 X71.152 Y86.599 E0.02445
G1 X71.326 Y85.746 E0.02172
G1 X67.575 Y85.714 E0.09357
G1 X67.576 Y87.583 E0.04662
G1 X67.612 Y89.969 E0.05953
G1 X67.588 Y93.401 E0.08561
G1 X67.593 Y94.246 E0.02108
G1 X71.443 Y94.23 E0.09604
G1 X70.973 Y92.457 E0.04576
G0 F7200 X71.372 Y92.387
;TYPE:WALL-OUTER
G1 F1800 X71.38 Y91.304 E0.02702
G1 X71.432 Y89.989 E0.03283
G1 X71.396 Y87.597 E0.05968
G1 X71.544 Y86.679 E0.0232
G1 X71.815 Y85.35 E0.03383
G1 X67.168 Y85.31 E0.11592
G1 X67.18 Y86.073 E0.01904
G1 X67.176 Y87.589 E0.03782
G1 X67.212 Y89.966 E0.0593
G1 X67.188 Y93.403 E0.08574
G1 X67.195 Y94.65 E0.03111
G1 X68.727 Y94.636 E0.03822
G1 X71.961 Y94.628 E0.08067
G1 X71.372 Y92.387 E0.0578
G0 F7200 X71.373 Y92.187
G0 X70.593 Y92.51
;TYPE:SKIN
G1 F1800 X70.948 Y93.848 E0.03453
G1 X68.41 Y93.859 E0.06331
G1 X68.325 Y93.532 E0.00843
G1 X68.164 Y92.409 E0.0283
G1 X68.104 Y91.116 E0.03229
G1 X68.112 Y89.965 E0.02871
G1 X68.156 Y88.78 E0.02958
G1 X68.133 Y87.547 E0.03076
G1 X68.37 Y86.098 E0.03663
G1 X70.846 Y86.122 E0.06177
G1 X70.614 Y87.519 E0.03533
G1 X70.652 Y89.973 E0.06122
G1 X70.6 Y91.271 E0.0324
G1 X70.593 Y92.51 E0.03091
G0 F7200 X70.874 Y92.473
G0 X71.214 Y94.054
G0 X68.247 Y94.073
G0 X68.768 Y93.658
G1 F1800 X68.507 Y93.397 E0.00921
G0 F7200 X68.413 Y92.737
G1 F1800 X69.33 Y93.655 E0.03237
G0 F7200 X69.894 Y93.653
G1 F1800 X68.35 Y92.108 E0.05449
G0 F7200 X68.322 Y91.515
G1 F1800 X70.457 Y93.65 E0.07532
G0 F7200 X70.569 Y93.197
G1 F1800 X68.304 Y90.932 E0.0799
G0 F7200 X68.309 Y90.37
G1 F1800 X70.396 Y92.458 E0.07364
G0 F7200 X70.398 Y91.894
G1 F1800 X68.317 Y89.813 E0.07341
G0 F7200 X68.338 Y89.268
G1 F1800 X70.4 Y91.331 E0.07276
G0 F7200 X70.419 Y90.784
G1 F1800 X68.355 Y88.719 E0.07283
G0 F7200 X68.343 Y88.142
G1 F1800 X70.441 Y90.24 E0.07401
G0 F7200 X70.448 Y89.681
G1 F1800 X68.333 Y87.566 E0.07461
G0 F7200 X68.411 Y87.079
G1 F1800 X70.438 Y89.105 E0.07149
G0 F7200 X70.429 Y88.53
G1 F1800 X68.491 Y86.593 E0.06835
G0 F7200 X68.766 Y86.302
G1 F1800 X70.419 Y87.955 E0.05831
G0 F7200 X70.431 Y87.402
G1 F1800 X69.337 Y86.308 E0.03859
G0 F7200 X69.909 Y86.314
G1 F1800 X70.514 Y86.919 E0.02134
G0 F7200 X70.597 Y86.436
G1 F1800 X70.48 Y86.319 E0.00413
G1 F4200 E-3.5
G0 F7200 X71.08 Y86.444
G0 X71.558 Y85.561
G0 X72.614 Y85.775
G0 X107.68 Y88.781
G0 X109.165 Y89.967
;TYPE:WALL-INNER
G1 F4200 E3.5
G1 F3600 X108.949 Y91.263 E0.03277
G1 X108.868 Y92.428 E0.02913
G1 X108.747 Y93.377 E0.02386
G1 X108.706 Y94.204 E0.02065
G1 X112.337 Y94.231 E0.09058
G1 X112.288 Y89.966 E0.1064
G1 X112.294 Y85.713 E0.10609
G1 X108.405 Y85.74 E0.09701
G1 X108.834 Y87.488 E0.0449
G1 X108.94 Y88.669 E0.02958
G1 X109.165 Y89.967 E0.03286
G0 F7200 X108.76 Y89.97
;TYPE:WALL-OUTER
G1 F1800 X108.551 Y91.216 E0.03152
G1 X108.471 Y92.378 E0.02905
G1 X108.348 Y93.342 E0.02424
G1 X108.286 Y94.601 E0.03144
G1 X112.741 Y94.634 E0.11113
G1 X112.688 Y89.967 E0.11643
G1 X112.695 Y85.31 E0.11617
G1 X107.909 Y85.343 E0.11939
G1 X108.02 Y85.85 E0.01295
G1 X108.44 Y87.57 E0.04417
G1 X108.543 Y88.721 E0.02883
G1 X108.76 Y89.97 E0.03162
G0 F7200 X108.727 Y90.167
G0 X109.544 Y89.966
;TYPE:SKIN
G1 F1800 X109.319 Y88.621 E0.03402
G1 X109.208 Y87.425 E0.02996
G1 X108.887 Y86.115 E0.03364
G1 X111.465 Y86.098 E0.06431
G1 X111.761 Y87.509 E0.03596
G1 X111.908 Y89.261 E0.04386
G1 X111.916 Y90.759 E0.03737
G1 X111.828 Y92.416 E0.04139
G1 X111.676 Y93.846 E0.03587
G1 X109.103 Y93.825 E0.06419
G1 X109.123 Y93.427 E0.00994
G1 X109.247 Y92.429 E0.02509
G1 X109.328 Y91.3 E0.02824
G1 X109.544 Y89.966 E0.03371
G0 F7200 X109.211 Y89.649
G0 X108.887 Y94.032
G0 X109.317 Y93.478
G1 F1800 X109.466 Y93.627 E0.00526
G0 F7200 X110.037 Y93.632
G1 F1800 X109.38 Y92.975 E0.02318
G0 F7200 X109.443 Y92.473
G1 F1800 X110.607 Y93.636 E0.04105
G0 F7200 X111.177 Y93.641
G1 F1800 X109.482 Y91.946 E0.0598
G0 F7200 X109.52 Y91.418
G1 F1800 X111.519 Y93.417 E0.07052
G0 F7200 X111.574 Y92.906
G1 F1800 X109.59 Y90.923 E0.06997
G0 F7200 X109.668 Y90.435
G1 F1800 X111.63 Y92.396 E0.0692
G0 F7200 X111.658 Y91.859
G1 F1800 X109.74 Y89.941 E0.06766
G0 F7200 X109.627 Y89.262
G1 F1800 X111.686 Y91.321 E0.07264
G0 F7200 X111.714 Y90.784
G1 F1800 X109.515 Y88.585 E0.07758
G0 F7200 X109.458 Y87.962
G1 F1800 X111.714 Y90.218 E0.07959
G0 F7200 X111.71 Y89.648
G1 F1800 X109.387 Y87.326 E0.08193
G0 F7200 X109.207 Y86.58
G1 F1800 X111.691 Y89.064 E0.08763
G0 F7200 X111.639 Y88.446
G1 F1800 X109.504 Y86.311 E0.07532
G0 F7200 X110.066 Y86.307
G1 F1800 X111.588 Y87.829 E0.05369
G0 F7200 X111.484 Y87.159
G1 F1800 X110.628 Y86.304 E0.03018
G0 F7200 X111.19 Y86.3
G1 F1800 X111.333 Y86.443 E0.00504
G0 F7200 X111.695 Y86.282
G1 F4200 E-3.5
;MESH:NONMESH
G0 F600 X111.695 Y86.282 Z21.65
G0 F7200 X111.785 Y86.265
G0 X108.228 Y85.785
G0 X107.174 Y86.019
G0 X72.245 Y91.336
G0 X70.511 Y92.432
;TIME_ELAPSED:1826.148531
;LAYER:143
;TYPE:WALL-INNER
;MESH:pi 3mm_deformed_tet.stl
G1 F4200 E3.5
G1 F3600 X70.524 Y90.847 E0.03954
G1 X70.559 Y89.976 E0.02174
G1 X70.523 Y87.557 E0.06035
G1 X70.818 Y85.746 E0.04577
G1 X67.613 Y85.718 E0.07995
G1 X67.62 Y86.242 E0.01307
G1 X67.616 Y87.585 E0.0335
G1 X67.653 Y89.959 E0.05923
G1 X67.628 Y93.543 E0.08941
G1 X67.632 Y94.242 E0.01744
G1 X69.097 Y94.227 E0.03655
G1 X70.972 Y94.222 E0.04677
G1 X70.844 Y93.689 E0.01367
G1 X70.511 Y92.432 E0.03244
G0 F7200 X70.914 Y92.398
;TYPE:WALL-OUTER
G1 F1800 X70.924 Y90.863 E0.03829
G1 X70.959 Y89.981 E0.02202
G1 X70.926 Y87.575 E0.06002
G1 X71.136 Y86.287 E0.03255
G1 X71.327 Y85.35 E0.02385
G1 X67.207 Y85.314 E0.10278
G1 X67.22 Y86.241 E0.02313
G1 X67.216 Y87.591 E0.03368
G1 X67.253 Y89.959 E0.05908
G1 X67.228 Y93.545 E0.08946
G1 X67.235 Y94.646 E0.02747
G1 X69.098 Y94.627 E0.04648
G1 X71.478 Y94.62 E0.05937
G1 X71.233 Y93.596 E0.02626
G1 X70.914 Y92.398 E0.03093
G0 F7200 X70.915 Y92.198
G0 X70.13 Y92.494
;TYPE:SKIN
G1 F1800 X70.481 Y93.841 E0.03472
G1 X68.01 Y93.858 E0.06164
G1 X68.033 Y89.958 E0.09729
G1 X67.996 Y87.586 E0.05918
G1 X67.997 Y86.099 E0.03709
G1 X70.372 Y86.122 E0.05925
G1 X70.142 Y87.515 E0.03522
G1 X70.176 Y89.922 E0.06005
G1 X70.144 Y90.832 E0.02271
G1 X70.13 Y92.494 E0.04146
G0 F7200 X70.144 Y93.339
G1 F1800 X69.837 Y93.646 E0.01083
G0 F7200 X69.267 Y93.65
G1 F1800 X70.028 Y92.89 E0.02683
G0 F7200 X69.934 Y92.418
G1 F1800 X68.698 Y93.654 E0.0436
G0 F7200 X68.212 Y93.574
G1 F1800 X69.937 Y91.849 E0.06085
G0 F7200 X69.941 Y91.28
G1 F1800 X68.215 Y93.005 E0.06087
G0 F7200 X68.219 Y92.436
G1 F1800 X69.948 Y90.707 E0.061
G0 F7200 X69.969 Y90.12
G1 F1800 X68.222 Y91.867 E0.06163
G0 F7200 X68.225 Y91.298
G1 F1800 X69.971 Y89.552 E0.06159
G0 F7200 X69.964 Y88.994
G1 F1800 X68.229 Y90.729 E0.06121
G0 F7200 X68.232 Y90.16
G1 F1800 X69.957 Y88.435 E0.06085
G0 F7200 X69.95 Y87.876
G1 F1800 X68.228 Y89.598 E0.06075
G0 F7200 X68.22 Y89.041
G1 F1800 X69.977 Y87.283 E0.062
G0 F7200 X70.09 Y86.605
G1 F1800 X68.21 Y88.485 E0.06632
G0 F7200 X68.202 Y87.927
G1 F1800 X69.813 Y86.317 E0.05681
G0 F7200 X69.253 Y86.311
G1 F1800 X68.197 Y87.367 E0.03725
G0 F7200 X68.198 Y86.8
G1 F1800 X68.693 Y86.305 E0.01746
G1 F4200 E-3.5
G0 F7200 X68.697 Y85.828
G0 X71.068 Y85.562
G0 X72.123 Y85.777
G0 X108.214 Y89.256
G0 X109.618 Y89.975
;TYPE:WALL-INNER
G1 F4200 E3.5
G1 F3600 X109.477 Y90.796 E0.02078
G1 X109.364 Y92.431 E0.04088
G1 X109.194 Y93.791 E0.03419
G1 X109.174 Y94.2 E0.01021
G1 X112.298 Y94.227 E0.07793
G1 X112.268 Y92.382 E0.04603
G1 X112.244 Y89.971 E0.06015
G1 X112.25 Y85.72 E0.10604
G1 X108.912 Y85.74 E0.08327
G1 X109.042 Y86.324 E0.01492
G1 X109.322 Y87.477 E0.0296
G1 X109.472 Y89.141 E0.04168
G1 X109.618 Y89.975 E0.02112
G0 F7200 X109.212 Y89.975
;TYPE:WALL-OUTER
G1 F1800 X109.079 Y90.748 E0.01957
G1 X108.967 Y92.381 E0.04083
G1 X108.796 Y93.742 E0.03422
G1 X108.754 Y94.597 E0.02135
G1 X112.702 Y94.63 E0.09849
G1 X112.693 Y93.573 E0.02637
G1 X112.668 Y92.378 E0.02982
G1 X112.644 Y89.971 E0.06005
G1 X112.651 Y85.318 E0.11607
G1 X108.414 Y85.343 E0.10569
G1 X108.653 Y86.418 E0.02747
G1 X108.932 Y87.57 E0.02957
G1 X109.075 Y89.193 E0.04064
G1 X109.212 Y89.975 E0.0198
G0 F7200 X109.179 Y90.172
G0 X110 Y89.966
;TYPE:SKIN
G1 F1800 X109.847 Y89.093 E0.02211
G1 X109.7 Y87.422 E0.04184
G1 X109.39 Y86.119 E0.03341
G1 X111.867 Y86.102 E0.06179
G1 X111.864 Y89.967 E0.09641
G1 X111.909 Y93.842 E0.09667
G1 X109.571 Y93.821 E0.05832
G1 X109.743 Y92.433 E0.03489
G1 X109.855 Y90.836 E0.03994
G1 X110 Y89.966 E0.022
G0 F7200 X109.719 Y89.972
G0 X109.239 Y86.696
G0 X109.708 Y86.585
G1 F1800 X109.978 Y86.314 E0.00954
G0 F7200 X110.548 Y86.311
G1 F1800 X109.817 Y87.041 E0.02577
G0 F7200 X109.908 Y87.516
G1 F1800 X111.118 Y86.307 E0.04267
G0 F7200 X111.666 Y86.324
G1 F1800 X109.954 Y88.036 E0.0604
G0 F7200 X110 Y88.555
G1 F1800 X111.666 Y86.889 E0.05877
G0 F7200 X111.666 Y87.456
G1 F1800 X110.047 Y89.074 E0.0571
G0 F7200 X110.132 Y89.555
G1 F1800 X111.666 Y88.021 E0.05412
G0 F7200 X111.665 Y88.588
G1 F1800 X110.181 Y90.071 E0.05233
G0 F7200 X110.072 Y90.746
G1 F1800 X111.664 Y89.154 E0.05616
G0 F7200 X111.664 Y89.72
G1 F1800 X110.019 Y91.365 E0.05803
G0 F7200 X109.976 Y91.974
G1 F1800 X111.668 Y90.282 E0.05969
G0 F7200 X111.674 Y90.841
G1 F1800 X109.925 Y92.591 E0.06172
G0 F7200 X109.846 Y93.236
G1 F1800 X111.68 Y91.401 E0.06472
G0 F7200 X111.687 Y91.96
G1 F1800 X110.022 Y93.625 E0.05874
G0 F7200 X110.582 Y93.63
G1 F1800 X111.693 Y92.519 E0.03919
G0 F7200 X111.699 Y93.079
G1 F1800 X111.143 Y93.635 E0.01961
G1 F4200 E-3.5
;MESH:NONMESH
G0 F600 X111.143 Y93.635 Z21.8
G0 F7200 X111.139 Y94.116
G0 X108.989 Y94.27
G0 X107.907 Y94.219
G0 X72.073 Y93.393
G0 X70.056 Y92.424
;TIME_ELAPSED:1836.649172
;LAYER:144
;TYPE:WALL-INNER
;MESH:pi 3mm_deformed_tet.stl
G1 F4200 E3.5
G1 F3600 X70.068 Y90.409 E0.05027
G1 X70.087 Y89.967 E0.01104
G1 X70.051 Y87.554 E0.0602
G1 X70.346 Y85.75 E0.0456
G1 X67.652 Y85.726 E0.0672
G1 X67.662 Y87.646 E0.0479
G1 X67.693 Y89.954 E0.05758
G1 X67.668 Y93.687 E0.09312
G1 X67.672 Y94.235 E0.01367
G1 X70.5 Y94.216 E0.07055
G1 X70.235 Y93.113 E0.0283
G1 X70.056 Y92.424 E0.01776
G0 F7200 X70.458 Y92.39
;TYPE:WALL-OUTER
G1 F1800 X70.468 Y90.427 E0.04897
G1 X70.487 Y89.973 E0.01133
G1 X70.454 Y87.572 E0.0599
G1 X70.723 Y85.899 E0.04227
G1 X70.835 Y85.354 E0.01388
G1 X67.247 Y85.322 E0.08951
G1 X67.262 Y87.652 E0.05812
G1 X67.293 Y89.955 E0.05745
G1 X67.268 Y93.689 E0.09315
G1 X67.275 Y94.638 E0.02367
G1 X71.006 Y94.616 E0.09307
G1 X70.622 Y93.011 E0.04117
G1 X70.458 Y92.39 E0.01602
G0 F7200 X70.459 Y92.19
G0 X69.674 Y92.478
;TYPE:SKIN
G1 F1800 X69.867 Y93.211 E0.01891
G1 X70.018 Y93.834 E0.01599
G1 X68.05 Y93.85 E0.04909
G1 X68.073 Y89.954 E0.09719
G1 X68.04 Y87.646 E0.05758
G1 X68.033 Y86.107 E0.03839
G1 X69.896 Y86.126 E0.04648
G1 X69.67 Y87.511 E0.03501
G1 X69.704 Y89.926 E0.06025
G1 X69.688 Y90.396 E0.01173
G1 X69.674 Y92.478 E0.05194
G0 F7200 X69.955 Y92.346
G0 X70.277 Y94.04
G0 X68.755 Y94.127
G0 X68.753 Y93.644
G1 F1800 X68.254 Y93.144 E0.01762
G0 F7200 X68.257 Y92.581
G1 F1800 X69.315 Y93.639 E0.03732
G0 F7200 X69.726 Y93.484
G1 F1800 X68.261 Y92.019 E0.05168
G0 F7200 X68.263 Y91.456
G1 F1800 X69.533 Y92.726 E0.0448
G0 F7200 X69.48 Y92.107
G1 F1800 X68.267 Y90.894 E0.04279
G0 F7200 X68.27 Y90.331
G1 F1800 X69.482 Y91.544 E0.04277
G0 F7200 X69.485 Y90.981
G1 F1800 X68.27 Y89.766 E0.04286
G0 F7200 X68.263 Y89.193
G1 F1800 X69.488 Y90.418 E0.04322
G0 F7200 X69.503 Y89.868
G1 F1800 X68.254 Y88.619 E0.04406
G0 F7200 X68.246 Y88.045
G1 F1800 X69.496 Y89.295 E0.0441
G0 F7200 X69.489 Y88.722
G1 F1800 X68.239 Y87.472 E0.0441
G0 F7200 X68.237 Y86.904
G1 F1800 X69.482 Y88.149 E0.04392
G0 F7200 X69.475 Y87.577
G1 F1800 X68.234 Y86.336 E0.04378
G0 F7200 X68.779 Y86.315
G1 F1800 X69.539 Y87.075 E0.02681
G0 F7200 X69.618 Y86.589
G1 F1800 X69.351 Y86.321 E0.00944
G1 F4200 E-3.5
G0 F7200 X70.128 Y86.446
G0 X71.577 Y86.045
G0 X108.566 Y87.699
G0 X110.06 Y89.984
;TYPE:WALL-INNER
G1 F4200 E3.5
G1 F3600 X110.009 Y90.328 E0.00867
G1 X109.867 Y92.401 E0.05183
G1 X109.638 Y94.196 E0.04514
G1 X112.256 Y94.219 E0.06531
G1 X112.204 Y89.974 E0.1059
G1 X112.21 Y85.724 E0.10602
G1 X109.415 Y85.741 E0.06972
G1 X109.671 Y86.893 E0.02944
G1 X109.818 Y87.488 E0.01529
G1 X110.004 Y89.611 E0.05316
G1 X110.06 Y89.984 E0.00941
G0 F7200 X109.658 Y90.01
;TYPE:WALL-OUTER
G1 F1800 X109.611 Y90.28 E0.00684
G1 X109.467 Y92.386 E0.05266
G1 X109.24 Y94.138 E0.04407
G1 X109.218 Y94.593 E0.01136
G1 X112.661 Y94.622 E0.08589
G1 X112.604 Y89.975 E0.11593
G1 X112.611 Y85.322 E0.11607
G1 X108.917 Y85.343 E0.09215
G1 X109.283 Y86.989 E0.04206
G1 X109.424 Y87.57 E0.01491
G1 X109.607 Y89.665 E0.05246
G1 X109.658 Y90.01 E0.0087
G0 F7200 X109.624 Y90.207
G0 X110.435 Y89.945
;TYPE:SKIN
G1 F1800 X110.385 Y89.572 E0.00939
G1 X110.196 Y87.43 E0.05364
G1 X110.04 Y86.808 E0.016
G1 X109.886 Y86.119 E0.01761
G1 X111.827 Y86.106 E0.04842
G1 X111.824 Y89.971 E0.09641
G1 X111.869 Y93.834 E0.09637
G1 X110.067 Y93.818 E0.04495
G1 X110.239 Y92.486 E0.0335
G1 X110.388 Y90.372 E0.05286
G1 X110.435 Y89.945 E0.01072
G0 F7200 X110.103 Y90.445
G0 X109.833 Y94.024
G0 X110.328 Y93.357
G1 F1800 X110.593 Y93.622 E0.00935
G0 F7200 X111.164 Y93.627
G1 F1800 X110.392 Y92.856 E0.02722
G0 F7200 X110.449 Y92.347
G1 F1800 X111.666 Y93.564 E0.04293
G0 F7200 X111.66 Y92.992
G1 F1800 X110.486 Y91.819 E0.0414
G0 F7200 X110.523 Y91.29
G1 F1800 X111.653 Y92.42 E0.03986
G0 F7200 X111.647 Y91.848
G1 F1800 X110.56 Y90.761 E0.03835
G0 F7200 X110.605 Y90.24
G1 F1800 X111.639 Y91.275 E0.03649
G0 F7200 X111.633 Y90.703
G1 F1800 X110.599 Y89.668 E0.03649
G0 F7200 X110.538 Y89.042
G1 F1800 X111.626 Y90.13 E0.03838
G0 F7200 X111.625 Y89.563
G1 F1800 X110.481 Y88.419 E0.04036
G0 F7200 X110.425 Y87.798
G1 F1800 X111.625 Y88.998 E0.04233
G0 F7200 X111.625 Y88.432
G1 F1800 X110.331 Y87.137 E0.04567
G0 F7200 X110.136 Y86.377
G1 F1800 X111.626 Y87.867 E0.05256
G0 F7200 X111.626 Y87.302
G1 F1800 X110.639 Y86.314 E0.03484
G0 F7200 X111.201 Y86.311
G1 F1800 X111.627 Y86.737 E0.01503
G1 F4200 E-3.5
;MESH:NONMESH
G0 F600 X111.627 Y86.737 Z21.95
G0 F7200 X112.108 Y86.738
G0 X112.038 Y85.898
G0 X109.181 Y85.555
G0 X108.13 Y85.788
G0 X71.335 Y90.44
G0 X69.595 Y92.408
;TIME_ELAPSED:1846.548684
;LAYER:145
;TYPE:WALL-INNER
;MESH:pi 3mm_deformed_tet.stl
G1 F4200 E3.5
G1 F3600 X69.616 Y89.948 E0.06137
G1 X69.575 Y87.554 E0.05973
G1 X69.87 Y85.75 E0.0456
G1 X67.693 Y85.73 E0.05431
G1 X67.704 Y86.583 E0.02128
G1 X67.7 Y87.585 E0.025
G1 X67.737 Y89.972 E0.05955
G1 X67.705 Y94.231 E0.10624
G1 X70.028 Y94.214 E0.05795
G1 X69.595 Y92.408 E0.04633
G0 F7200 X69.998 Y92.378
;TYPE:WALL-OUTER
G1 F1800 X70.016 Y89.941 E0.06079
G1 X69.978 Y87.571 E0.05913
G1 X70.34 Y85.354 E0.05604
G1 X67.287 Y85.326 E0.07616
G1 X67.304 Y86.581 E0.03131
G1 X67.3 Y87.591 E0.02519
G1 X67.337 Y89.969 E0.05933
G1 X67.308 Y93.833 E0.09639
G1 X67.315 Y94.634 E0.01998
G1 X70.534 Y94.61 E0.0803
G1 X69.998 Y92.378 E0.05726
G0 F7200 X69.999 Y92.178
G0 X69.497 Y92.173
G0 X68.838 Y92.539
;TYPE:SKIN
G1 F1870.1 X68.995 Y93.417 E0.02141
G1 F1782.2 X68.524 Y93.421 E0.01187
G1 F1870.1 X68.479 Y92.581 E0.0202
G1 F1989 X68.495 Y89.974 E0.05885
G1 F2011.2 X68.455 Y87.571 E0.05366
G1 F1925.1 X68.494 Y86.524 E0.02444
G1 F1846.2 X68.932 Y86.528 E0.01065
G1 F1914.9 X68.814 Y87.515 E0.02331
G1 F2005.6 X68.853 Y89.955 E0.05463
G1 F1989 X68.838 Y92.539 E0.05834
G0 F7200 X69.214 Y92.462
G1 F1800 X69.546 Y93.833 E0.03519
G1 X68.09 Y93.846 E0.03632
G1 X68.117 Y89.974 E0.09659
G1 X68.079 Y87.573 E0.0599
G1 X68.077 Y86.111 E0.03647
G1 X69.424 Y86.126 E0.0336
G1 X69.194 Y87.511 E0.03502
G1 X69.235 Y89.956 E0.061
G1 X69.214 Y92.462 E0.06251
G1 F4200 E-3.5
G0 F7200 X69.495 Y92.421
G0 X70.268 Y94.404
G0 X71.313 Y94.153
G0 X109.102 Y92.305
G0 X110.522 Y89.975
;TYPE:WALL-INNER
G1 F4200 E3.5
G1 F3600 X110.36 Y92.441 E0.06165
G1 X110.133 Y94.198 E0.04419
G1 X112.212 Y94.215 E0.05186
G1 X112.16 Y89.979 E0.10568
G1 X112.168 Y85.732 E0.10594
G1 X109.92 Y85.745 E0.05608
G1 X110.315 Y87.544 E0.04595
G1 X110.522 Y89.975 E0.06086
G0 F7200 X110.12 Y89.994
;TYPE:WALL-OUTER
G1 F1800 X109.963 Y92.39 E0.0599
G1 X109.679 Y94.594 E0.05543
G1 X112.617 Y94.618 E0.07329
G1 X112.56 Y89.979 E0.11573
G1 X112.57 Y85.33 E0.11597
G1 X109.422 Y85.347 E0.07853
G1 X109.916 Y87.578 E0.057
G1 X110.12 Y89.994 E0.06048
G0 F7200 X110.107 Y90.193
G0 X110.405 Y90.213
G0 X110.33 Y94.026
G0 X112.038 Y94.041
G0 X112.06 Y89.978
G0 X111.217 Y90.012
;TYPE:SKIN
G1 F2656.8 X111.137 Y88.701 E0.0222
G1 F2215.4 X111.056 Y87.39 E0.02662
G1 F1956.5 X110.915 Y86.528 E0.02005
G1 F1875 X111.36 Y86.523 E0.01066
G1 F1967.2 X111.406 Y87.399 E0.02002
G1 F2236 X111.433 Y88.691 E0.02595
G1 F2666.7 X111.46 Y89.983 E0.02176
G1 F2696.6 X111.45 Y91.26 E0.02126
G1 F2285.7 X111.44 Y92.537 E0.02509
G1 F1983.5 X111.425 Y93.433 E0.02029
G1 F1920 X111.016 Y93.428 E0.00957
G1 F2045.5 X111.101 Y92.538 E0.01963
G1 F2278.5 X111.159 Y91.275 E0.02492
G1 F2686.6 X111.217 Y90.012 E0.02113
G0 F7200 X110.9 Y89.99
G1 F1800 X110.692 Y87.503 E0.06226
G1 X110.392 Y86.123 E0.03523
G1 X111.783 Y86.114 E0.0347
G1 X111.78 Y89.922 E0.09499
G1 X111.825 Y93.83 E0.09749
G1 X110.564 Y93.818 E0.03146
G1 X110.735 Y92.49 E0.0334
G1 X110.9 Y89.99 E0.0625
G1 F4200 E-3.5
;MESH:NONMESH
G0 F600 X110.9 Y89.99 Z22.1
G0 F7200 X110.624 Y89.978
G0 X110.181 Y92.403
G0 X109.102 Y92.305
G0 X71.313 Y94.153
G0 X69.178 Y92.77
;TIME_ELAPSED:1854.234475
;LAYER:146
;note -- min layer time used
;TYPE:WALL-INNER
;MESH:pi 3mm_deformed_tet.stl
G1 F4200 E3.5
G1 F1738.3 X69.11 Y92.023 E0.01871
G1 X69.124 Y89.944 E0.05186
G1 X69.136 Y89.572 E0.00928
G1 X69.103 Y87.551 E0.05042
G1 X69.395 Y85.75 E0.04551
G1 X67.732 Y85.735 E0.04149
G1 X67.744 Y87.63 E0.04727
G1 X67.777 Y89.953 E0.05795
G1 X67.751 Y94.227 E0.10662
G1 X69.551 Y94.21 E0.0449
G1 X69.178 Y92.77 E0.03711
G0 F7200 X69.574 Y92.702
;TYPE:WALL-OUTER
G1 F1738.3 X69.508 Y91.987 E0.01791
G1 X69.524 Y89.957 E0.05064
G1 X69.536 Y89.566 E0.00976
G1 X69.506 Y87.568 E0.04985
G1 X69.865 Y85.354 E0.05595
G1 X67.327 Y85.331 E0.06331
G1 X67.344 Y86.752 E0.03545
G1 X67.344 Y87.635 E0.02203
G1 X67.377 Y89.95 E0.05775
G1 X67.348 Y93.98 E0.10053
G1 X67.355 Y94.63 E0.01622
G1 X70.061 Y94.605 E0.0675
G1 X69.574 Y92.702 E0.049
G0 F7200 X69.556 Y92.503
G0 X69.259 Y92.53
G0 X68.588 Y93.437
;TYPE:SKIN
G1 F1721.1 X68.513 Y93.48 E0.00218
G1 X68.513 Y93.394 E0.00217
G1 X68.588 Y93.437 E0.00218
G0 F7200 X68.738 Y92.845
G1 F1479.4 X68.934 Y93.332 E0.01539
G1 F1738.3 X69.063 Y93.834 E0.01293
G1 X68.129 Y93.842 E0.0233
G1 X68.133 Y93.43 E0.01028
G1 F1479.4 X68.204 Y92.887 E0.01605
G1 F1347.5 X68.188 Y92.03 E0.02758
G1 F1410.4 X68.203 Y89.954 E0.06383
G1 F1396.2 X68.174 Y87.46 E0.07746
G1 F1332 X68.217 Y86.21 E0.04072
G1 F1282.9 X68.826 Y86.216 E0.02059
G1 F1332 X68.672 Y87.499 E0.04207
G1 F1385.1 X68.704 Y89.564 E0.06465
G1 F1396.2 X68.682 Y92.061 E0.07755
G1 F1344.9 X68.738 Y92.845 E0.02534
G1 F4200 E-3.5
G0 F7200 X69.053 Y92.484
G0 X69.759 Y94.279
G0 X70.812 Y94.027
G0 X109.348 Y94.248
G0 X110.836 Y92.565
;TYPE:WALL-INNER
G1 F4200 E3.5
G1 F1738.3 X110.629 Y94.194 E0.04096
G1 X112.169 Y94.21 E0.03842
G1 X112.14 Y92.377 E0.04573
G1 X112.12 Y89.883 E0.06222
G1 X112.127 Y85.736 E0.10345
G1 X110.415 Y85.745 E0.04271
G1 X110.791 Y87.545 E0.04587
G1 X110.992 Y89.986 E0.0611
G1 X110.836 Y92.565 E0.06445
G0 F7200 X110.435 Y92.554
;TYPE:WALL-OUTER
G1 F1738.3 X110.175 Y94.59 E0.0512
G1 X112.576 Y94.614 E0.0599
G1 X112.54 Y92.374 E0.05588
G1 X112.52 Y89.883 E0.06214
G1 X112.52 Y86.79 E0.07716
G1 X112.53 Y85.334 E0.03632
G1 X109.923 Y85.347 E0.06503
G1 X110.392 Y87.579 E0.05689
G1 X110.592 Y89.963 E0.05968
G1 X110.435 Y92.554 E0.06475
G0 F7200 X110.41 Y92.752
G0 X111.246 Y92.658
;TYPE:SKIN
G1 F1521.5 X111.305 Y91.327 E0.03797
G1 F1695.9 X111.364 Y89.996 E0.03407
G1 F1687.7 X111.287 Y88.735 E0.03246
G1 F1492.1 X111.209 Y87.474 E0.03672
G1 F1347.5 X111.015 Y86.216 E0.04096
G1 F1290 X111.635 Y86.211 E0.02084
G1 F1347.5 X111.696 Y87.424 E0.03908
G1 F1495.3 X111.722 Y88.687 E0.03663
G1 F1687.7 X111.749 Y89.951 E0.03248
G1 F1704.2 X111.737 Y91.303 E0.0344
G1 F1528.2 X111.725 Y92.655 E0.03836
G1 F1413.2 X111.704 Y93.757 E0.03382
G1 F1368.7 X111.147 Y93.751 E0.01765
G1 F1404.7 X111.246 Y92.658 E0.03388
G1 F4200 E-3.5
;MESH:NONMESH
G0 F600 X111.246 Y92.658 Z22.25
G0 F7200 X112.045 Y92.646
G0 X111.994 Y94.036
G0 X110.417 Y94.383
G0 X109.348 Y94.248
G0 X70.812 Y94.027
G0 X68.758 Y93.126
;TIME_ELAPSED:1861.107039
;LAYER:147
;note -- min layer time used
;TYPE:WALL-INNER
;MESH:pi 3mm_deformed_tet.stl
G1 F4200 E3.5
G1 F1446.3 X68.652 Y92.375 E0.01892
G1 X68.616 Y91.539 E0.02087
G1 X68.628 Y89.938 E0.03994
G1 X68.655 Y89.171 E0.01914
G1 X68.627 Y87.55 E0.04044
G1 X68.92 Y85.75 E0.04549
G1 X67.771 Y85.738 E0.02866
G1 X67.784 Y87.623 E0.04702
G1 X67.816 Y89.95 E0.05805
G1 X67.789 Y94.222 E0.10657
G1 X69.038 Y94.211 E0.03116
G1 X68.758 Y93.126 E0.02795
G0 F7200 X69.154 Y93.074
;TYPE:WALL-OUTER
G1 F1446.3 X69.052 Y92.357 E0.01807
G1 X69.016 Y91.542 E0.02035
G1 X69.028 Y89.952 E0.03966
G1 X69.055 Y89.164 E0.01967
G1 X69.03 Y87.567 E0.03984
G1 X69.389 Y85.354 E0.05593
G1 X67.367 Y85.334 E0.05044
G1 X67.384 Y87.628 E0.05723
G1 X67.416 Y89.947 E0.05785
G1 X67.388 Y94.123 E0.10417
G1 X67.394 Y94.626 E0.01255
G1 X69.554 Y94.606 E0.05388
G1 X69.154 Y93.074 E0.0395
G0 F7200 X69.126 Y92.876
G0 X68.631 Y92.948
G0 X68.569 Y93.851
;TYPE:SKIN
G1 F1576.4 X68.149 Y93.855 E0.00961
G1 X68.15 Y93.669 E0.00426
G1 F1175.9 X68.28 Y93.228 E0.01411
G1 X68.512 Y93.626 E0.01413
G1 F1576.4 X68.569 Y93.851 E0.00531
G0 F7200 X68.647 Y93.063
G0 X68.722 Y86.336
G0 X68.301 Y86.266
G1 F901.1 X68.253 Y86.883 E0.02478
G1 F1079.4 X68.205 Y87.501 E0.02072
G1 F1195.3 X68.229 Y89.17 E0.05038
G1 F1233.6 X68.21 Y91.55 E0.06961
G1 F1215.4 X68.226 Y92.414 E0.02565
G1 F1036.8 X68.28 Y93.228 E0.02839
G1 F4200 E-3.5
G0 F7200 X68.658 Y93.136
G0 X69.281 Y94.397
G0 X70.321 Y94.126
G0 X109.987 Y93.073
G0 X111.064 Y93.19
G0 X111.712 Y92.45
G0 X112.007 Y92.485
;TYPE:WALL-INNER
G1 F4200 E3.5
G1 F1015 X112.015 Y91.234 E0.04447
G1 F1099.9 X112.024 Y89.983 E0.04104
G1 F1055.7 X111.982 Y87.86 E0.07257
G1 F1166.4 X112.079 Y87.461 E0.0127
G1 F1446.3 X112.087 Y85.744 E0.04283
G1 X110.892 Y85.749 E0.02981
G1 X111.262 Y87.517 E0.04506
G1 F1166.4 X111.391 Y87.884 E0.01203
G1 F1055.7 X111.52 Y89.991 E0.07214
G1 F1087.5 X111.451 Y91.525 E0.05094
G1 F1004.4 X111.418 Y92.459 E0.03357
G1 F1166.4 X111.281 Y92.846 E0.0127
G1 F1446.3 X111.248 Y93.168 E0.00807
G1 X111.117 Y94.194 E0.0258
G1 X112.129 Y94.205 E0.02525
G1 X112.11 Y92.883 E0.03298
G1 F1166.4 X112.007 Y92.485 E0.01272
G0 F7200 X111.802 Y92.487
G0 X111.767 Y89.909
G0 X111.068 Y89.967
;TYPE:WALL-OUTER
G1 F1446.3 X110.972 Y91.501 E0.03834
G1 X110.925 Y92.407 E0.02263
G1 X110.851 Y93.118 E0.01783
G1 X110.663 Y94.59 E0.03702
G1 X112.536 Y94.609 E0.04672
G1 X112.501 Y92.401 E0.05509
G1 X112.476 Y89.909 E0.06217
G1 X112.49 Y85.342 E0.11392
G1 X110.399 Y85.351 E0.05216
G1 X110.868 Y87.583 E0.05689
G1 X111.068 Y89.967 E0.05968
G0 F7200 X111.056 Y90.166
G0 X111.756 Y90.212
G0 X111.314 Y94.022
G0 X111.648 Y93.727
;TYPE:SKIN
G1 F1089.5 X111.69 Y92.936 E0.02623
G0 F7200 X111.555 Y92.65
G0 X111.696 Y90.244
G0 X111.533 Y87.704
G0 X111.605 Y87.424
G1 F1634.3 X111.33 Y86.104 E0.02977
G1 X111.726 Y86.102 E0.00874
G1 X111.719 Y87.418 E0.02905
G1 X111.665 Y87.529 E0.00273
G1 X111.605 Y87.424 E0.00267
G0 F7200 X111.879 Y87.651
G1 F4200 E-3.5
;MESH:NONMESH
G0 F600 X111.879 Y87.651 Z22.4
G0 F7200 X111.875 Y87.697
G0 X110.669 Y85.56
G0 X109.602 Y85.742
G0 X69.881 Y91.536
G0 X68.195 Y92.375
;TIME_ELAPSED:1868.212134
;LAYER:148
;note -- min layer time used
;TYPE:WALL-INNER
;MESH:pi 3mm_deformed_tet.stl
G1 F4200 E3.5
G1 F1282.1 X68.155 Y91.112 E0.0279
G1 F1342.8 X68.163 Y89.93 E0.02492
G1 F1285.7 X68.193 Y88.774 E0.02546
G1 F1236.6 X68.176 Y87.505 E0.02905
G1 F1140.3 X68.379 Y85.797 E0.04269
G1 F1057.9 X67.865 Y85.792 E0.01375
G1 F1140.3 X67.811 Y87.478 E0.04187
G1 F1236.6 X67.825 Y88.779 E0.02978
G1 F1285.7 X67.817 Y91.149 E0.05217
G1 F1278.5 X67.825 Y92.382 E0.0273
G1 F1096.3 X67.859 Y93.553 E0.03025
G1 F945.5 X67.88 Y94.164 E0.0183
G1 F904.1 X68.455 Y94.16 E0.018
G1 F945.5 X68.312 Y93.517 E0.01972
G1 F1096.3 X68.195 Y92.375 E0.02964
G0 F7200 X68.047 Y92.901
G0 X68.734 Y93.446
;TYPE:WALL-OUTER
G1 F1134.6 X68.58 Y92.358 E0.02741
G1 X68.524 Y91.114 E0.03106
G1 X68.532 Y89.944 E0.02919
G1 X68.576 Y88.766 E0.02941
G1 X68.554 Y87.567 E0.02991
G1 X68.916 Y85.355 E0.05591
G1 X67.403 Y85.342 E0.03774
G1 X67.456 Y89.944 E0.1148
G1 X67.431 Y94.618 E0.1166
G1 X69.037 Y94.606 E0.04006
G1 X68.734 Y93.446 E0.02991
G0 F7200 X68.706 Y93.249
G1 F4200 E-3.5
G0 F7200 X68.086 Y93.346
G0 X68.765 Y94.396
G0 X69.805 Y94.125
G0 X110.429 Y93.454
G0 X111.769 Y92.423
;TYPE:WALL-INNER
G1 F4200 E3.5
G1 F1296.7 X111.632 Y94.182 E0.03851
G1 F1134.6 X112.074 Y94.186 E0.01103
G1 F1213.5 X112.094 Y92.382 E0.04208
G1 F1598.1 X112.111 Y90.024 E0.04176
G1 F1668.6 X112.086 Y88.738 E0.02182
G1 F1400.8 X112.06 Y87.452 E0.02599
G1 F1166.7 X111.981 Y85.798 E0.04017
G1 F976 X111.441 Y85.8 E0.01566
G1 X111.576 Y86.644 E0.02479
G1 F1166.7 X111.712 Y87.488 E0.02074
G1 F1400.8 X111.789 Y88.753 E0.02561
G1 F1668.6 X111.866 Y90.018 E0.0215
G1 F1586.9 X111.769 Y92.423 E0.04293
G0 F7200 X111.845 Y89.943
G0 X111.544 Y89.967
;TYPE:WALL-OUTER
G1 F1134.6 X111.476 Y91.069 E0.02754
G1 X111.408 Y92.385 E0.03287
G1 X111.291 Y93.497 E0.02789
G1 X111.154 Y94.59 E0.02748
G1 X112.492 Y94.602 E0.03338
G1 X112.456 Y92.376 E0.05554
G1 X112.432 Y89.931 E0.06099
G1 X112.436 Y87.134 E0.06977
G1 X112.45 Y85.345 E0.04463
G1 X110.908 Y85.352 E0.03847
G1 X111.039 Y86.131 E0.01971
G1 X111.345 Y87.566 E0.0366
G1 X111.544 Y89.967 E0.0601
G0 F7200 X111.532 Y90.166
G1 F4200 E-3.5
;MESH:NONMESH
G0 F600 X111.532 Y90.166 Z22.55
G0 F7200 X111.833 Y90.186
G0 X111.565 Y87.551
G0 X110.49 Y87.709
G0 X69.73 Y85.736
G0 X68.666 Y85.565
G0 X67.905 Y85.807
;TIME_ELAPSED:1874.261723
;LAYER:149
;note -- min layer time used
;TYPE:WALL-INNER
;MESH:pi 3mm_deformed_tet.stl
G1 F4200 E3.5
G1 F547.2 X67.855 Y86.479 E0.01912
G0 F7200 X67.805 Y89.894
G0 X67.874 Y93.51
G1 F549.7 X67.932 Y94.154 E0.01827
G0 F7200 X67.777 Y93.111
G0 X67.564 Y93.11
;TYPE:WALL-OUTER
G1 F514.5 X67.479 Y93.508 E0.01228
G1 F622.5 X67.473 Y94.614 E0.02759
G1 X68.519 Y94.606 E0.02609
G1 X68.317 Y93.817 E0.02032
G1 X68.266 Y93.455 E0.00912
G1 F514.5 X68.126 Y93.071 E0.01234
G1 F460.3 X68.053 Y92.389 E0.02314
G1 F506.1 X67.997 Y90.686 E0.05228
G1 F529.8 X68.001 Y89.941 E0.02184
G1 F510.2 X68.039 Y88.376 E0.04764
G1 F490.1 X68.028 Y87.555 E0.02601
G1 F464.5 X68.103 Y86.922 E0.02131
G1 F516.6 X68.247 Y86.542 E0.01221
G1 F622.5 X68.441 Y85.355 E0.03
G1 X67.443 Y85.346 E0.0249
G1 X67.456 Y86.483 E0.02836
G1 F516.6 X67.542 Y86.88 E0.01221
G1 F465.4 X67.521 Y87.607 E0.02427
G1 F491.1 X67.531 Y88.382 E0.02451
G1 F509.2 X67.528 Y90.708 E0.07093
G1 F505.1 X67.541 Y92.425 E0.05279
G1 F460.3 X67.564 Y93.11 E0.02312
G0 F7200 X67.523 Y93.305
G1 F4200 E-3.5
G0 F7200 X67.777 Y93.306
G0 X69.03 Y92.689
G0 X110.599 Y85.748
G0 X112.009 Y86.558
;TYPE:WALL-INNER
G1 F4200 E3.5
G1 F557 X111.948 Y85.81 E0.02092
G0 F7200 X112.114 Y87.507
G0 X111.865 Y87.558
;TYPE:WALL-OUTER
G1 F536.6 X111.939 Y88.78 E0.03542
G1 F602.9 X112.013 Y90.002 E0.03153
G1 F622.5 X111.982 Y90.642 E0.01598
G1 F568.5 X111.923 Y92.392 E0.04783
G1 F506.1 X111.762 Y94.503 E0.06496
G1 F478.8 X112.355 Y94.509 E0.01923
G1 F507.1 X112.386 Y92.386 E0.06501
G1 F585.9 X112.4 Y90.013 E0.0629
G1 F602.9 X112.375 Y88.76 E0.03228
G1 F536.6 X112.35 Y87.507 E0.03626
G1 F534.3 X112.375 Y87.303 E0.00597
G1 F590 X112.4 Y86.56 E0.01956
G1 F622.5 X112.406 Y85.353 E0.03011
G1 X111.409 Y85.356 E0.02487
G1 X111.626 Y86.636 E0.03239
G1 F590 X111.799 Y87.362 E0.01964
G1 F534.3 X111.865 Y87.558 E0.00601
G0 F7200 X111.877 Y87.757
G1 F4200 E-3.5
G1 F600 Z23.05
;MESH:NONMESH
G0 F7200 X67.929 Y94.344 Z23.05
;TIME_ELAPSED:1880.785019
;LAYER:150
;note -- min layer time used
;MESH:pi 3mm_deformed_tet.stl
G0 X67.929 Y94.344 Z23.2
;TYPE:WALL-OUTER
G1 F600 Z22.7
G1 F4200 E3.5
G1 F579.7 X67.994 Y94.599 E0.00679
G1 F598.5 X67.53 Y94.603 E0.0116
G1 F640 X67.499 Y93.789 E0.01905
G1 F468.8 X67.651 Y93.391 E0.0136
G1 X67.857 Y93.765 E0.01363
G1 F618.6 X67.929 Y94.344 E0.01412
G0 F7200 X67.905 Y94.146
G0 X67.651 Y93.391
G1 F408.2 X67.582 Y92.388 E0.03687
G1 F495.9 X67.559 Y91.276 E0.03357
G1 F566 X67.535 Y90.164 E0.02941
G1 F571.4 X67.549 Y89.071 E0.02863
G1 F510.6 X67.564 Y87.977 E0.03207
G1 F484.8 X67.557 Y87.601 E0.01161
G1 F417.4 X67.629 Y86.621 E0.03524
G0 F7200 X67.837 Y86.251
G1 F470.6 X67.629 Y86.621 E0.0135
G1 X67.476 Y86.224 E0.01353
G1 F634.9 X67.501 Y85.36 E0.02038
G1 F612.2 X67.942 Y85.364 E0.01078
G1 F634.9 X67.837 Y86.251 E0.02106
G0 F7200 X67.86 Y86.053
G1 F4200 E-3.5
G0 F7200 X67.695 Y85.71
G0 X68.744 Y85.958
G0 X111.297 Y94.34
G0 X112.28 Y94.463
G1 F4200 E3.5
G1 F389 X112.31 Y93.773 E0.02657
G1 F452 X112.341 Y93.083 E0.02287
G1 F539.3 X112.372 Y92.393 E0.01917
G1 F646.9 X112.422 Y89.995 E0.05549
G1 F652.2 X112.377 Y88.797 E0.02751
G1 F566 X112.331 Y87.598 E0.03173
G1 F479 X112.284 Y87.128 E0.01476
G1 F397.4 X112.232 Y86.503 E0.02362
G0 F7200 X112.019 Y86.134
G1 F638.3 X111.922 Y85.365 E0.01817
G1 F620.2 X112.353 Y85.362 E0.0104
G1 F638.3 X112.381 Y86.105 E0.01743
G1 F469.7 X112.232 Y86.503 E0.01354
G1 X112.019 Y86.134 E0.01358
G0 F7200 X112.119 Y86.307
G1 F4200 E-3.5
;MESH:NONMESH
G0 F600 X112.119 Y86.307 Z22.85
G0 F7200 X112.159 Y85.599
G0 X111.097 Y85.75
G0 X68.559 Y87.105
G0 X67.393 Y86.918
;TIME_ELAPSED:1885.112136
;LAYER:151
;note -- min layer time used
;TYPE:WALL-OUTER
;MESH:pi 3mm_deformed_tet.stl
G1 F4200 E3.5
G1 F676.1 X67.507 Y85.343 E0.03496
G1 F4200 E-3.5
G0 F7200 X68.347 Y85.476
G0 X68.332 Y94.412
G0 X67.522 Y94.633
G1 F4200 E3.5
G1 F699.7 X67.409 Y93.036 E0.03425
G0 F7200 X67.409 Y93.027
G1 F705.9 X67.409 Y93.036 E0.00019
G1 X67.409 Y93.027 E0.00019
G1 F4200 E-3.5
G0 F7200 X68.118 Y92.925
G0 X111.807 Y94.089
G0 X112.516 Y94.165
G1 F4200 E3.5
G1 F705.9 X112.516 Y94.156 E0.00019
G1 X112.516 Y94.165 E0.00019
G1 X112.492 Y94.705 E0.01146
G1 F4200 E-3.5
G0 F7200 X111.749 Y94.625
G0 X111.547 Y85.464
G0 X112.362 Y85.327
G1 F4200 E3.5
G1 F705.9 X112.465 Y86.64 E0.02793
;TIME_ELAPSED:1887.337645
G1 F4200 E-3.5
M140 S0
M82 ;absolute extrusion mode
M107
M104 S0 ; turn off extruder
M140 S0 ; turn off heatbed
M107 ; turn off fan
G1 X178 Y180 F4200 ; park print head
M84 ; disable motors
M82 ;absolute extrusion mode
M104 S0
;End of Gcode
;SETTING_3 {"global_quality": "[general]\\nversion = 4\\nname = Fine #2\\ndefini
;SETTING_3 tion = Original_Prusa_MINI\\n\\n[metadata]\\ntype = quality_changes\\
;SETTING_3 nquality_type = normal\\nsetting_version = 23\\n\\n[values]\\nacceler
;SETTING_3 ation_enabled = False\\nadhesion_type = none\\nbridge_settings_enable
;SETTING_3 d = True\\nbridge_wall_min_length = 2.0\\nrelative_extrusion = True\\
;SETTING_3 nretraction_combing = noskin\\n\\n", "extruder_quality": ["[general]\
;SETTING_3 \nversion = 4\\nname = Fine #2\\ndefinition = Original_Prusa_MINI\\n\
;SETTING_3 \n[metadata]\\ntype = quality_changes\\nquality_type = normal\\nsetti
;SETTING_3 ng_version = 23\\nposition = 0\\n\\n[values]\\nbridge_fan_speed_2 = 1
;SETTING_3 00\\nbridge_fan_speed_3 = 100\\nbridge_skin_density_2 = 85.0\\nbridge
;SETTING_3 _skin_density_3 = 100.0\\nbridge_skin_material_flow = 80.0\\nbridge_s
;SETTING_3 kin_material_flow_3 = 100.0\\nbridge_skin_speed = 20.0\\nbridge_skin_
;SETTING_3 speed_2 = 25.0\\nbridge_skin_speed_3 = 30.0\\nbridge_wall_material_fl
;SETTING_3 ow = 80.0\\nbridge_wall_speed = 25\\ninfill_sparse_density = 10\\nret
;SETTING_3 raction_hop = 0.5\\nretraction_hop_enabled = True\\nretraction_hop_on
;SETTING_3 ly_when_collides = True\\n\\n"]}
